cell_som_cluster,CD3,CD4,CD8a,CD11b,CD14,CD16,CD20,CD44,CD45,CD45RO,CD68,CD107a,CD163,CD366,Pan-keratin,FOXP3,E-Cadherin,HLA-DR-DQ-DP,Beta-Catenin,B7-H4,Granzyme-B,Alpha-SMA,Vimentin,CD31,cell_meta_cluster,cell_meta_cluster_rename
1,0.2568803962539524,0.3319240758805531,0.2866566825037537,0.3730262281093078,0.2539714348357531,0.1399246040664222,0.1557631609723683,0.2070399875095688,0.2294061381863507,0.1685833170573651,0.1748994938932102,0.2352249175846325,0.1025559509068222,0.3045582785617071,0.3326411553631591,0.2997861950138564,0.4863031049365696,0.4241955293420205,0.4114039679550635,0.4463402424454135,0.2669826399504075,0.0582051890791166,0.1217384852698789,0.1772572298800442,6,Antigen presenting cell
2,0.2558918984245686,0.3346757540668672,0.2828896680140619,0.3650643115882629,0.2600560555878329,0.1608485540382934,0.155354319952714,0.2110274650052617,0.2457202525466354,0.1830859130879671,0.1949746390438197,0.2315705604948174,0.1246742478657376,0.3035338032769498,0.3123936338756511,0.2898877672022182,0.4543675125943519,0.4069912460171518,0.3902298528145256,0.4235629720022909,0.2659373726124561,0.0659542977670715,0.1372486549001001,0.1838713274597104,6,Antigen presenting cell
3,0.255819975313326,0.3374714776649936,0.2797009597783509,0.3569121542980291,0.2662443144554506,0.1821724152831378,0.1554773447713253,0.2148229968673987,0.2624432772741091,0.1999336556287452,0.2153175878195936,0.2273571141817682,0.1474766244137836,0.3024576681280583,0.2911384783559622,0.2808939004473822,0.4199040162935572,0.3851709498559967,0.3678546081805334,0.3996369003040982,0.2653263541748985,0.0742413291121269,0.1532048178067726,0.1912426961467971,6,Antigen presenting cell
4,0.2511667688216764,0.3403931611519353,0.2737819751284348,0.3482836203760956,0.2726954986344745,0.2042395853050504,0.1536990923531222,0.220527568858328,0.2796102688119564,0.2079826959635142,0.2390616068759592,0.2257156389345296,0.17061675363368,0.3012587657362819,0.2713271515336236,0.2667157846989285,0.3917300417798107,0.3848323835573018,0.347141443691982,0.3777342527591611,0.2622753890883065,0.0791048165097554,0.168771690127864,0.1954223542544659,6,Antigen presenting cell
5,0.2596811534815941,0.3456410113505566,0.2744970432131137,0.3434137345168656,0.2779310951836707,0.2195015611095046,0.1547338015265386,0.2224233525745335,0.2953396309372023,0.2277675135263649,0.2505602260746275,0.2203827229016907,0.1876965895677998,0.3023404428647021,0.2490372615739773,0.2636690267796901,0.3514245525065917,0.3404154994003611,0.3264167161613195,0.3564931933074763,0.2660340500003995,0.091863473327648,0.1841091944979583,0.2054608048484334,6,Antigen presenting cell
6,0.2503904479759265,0.3406139763154937,0.2593945190857392,0.3382662373764265,0.3071681588171798,0.2458744474821789,0.1555178729767206,0.2116493935462758,0.3032920199173,0.2215132461651525,0.2597392324662115,0.2205237328905454,0.2272106337409795,0.335064583237839,0.1639369402228182,0.2379186954869914,0.1950049528200826,0.2233021964462145,0.2811777905159865,0.2987553017539732,0.30866121699425,0.2345203575595106,0.2622263037279116,0.2662489290668505,2,Fibroblast
7,0.2464180738428296,0.3341481873536709,0.2560417172686483,0.341548096198062,0.3203241668974712,0.2398063967418314,0.1592326607368519,0.1968751932697519,0.2896024723976732,0.2083787273365503,0.235713387970315,0.2217135378272292,0.2279185528431843,0.3581698963053515,0.1293782003603221,0.2359163497428641,0.1260888069215552,0.158271718528468,0.275680969852308,0.2807723742730159,0.3338465705019243,0.3288136994299452,0.2941471945824754,0.3028142649731489,2,Fibroblast
8,0.2519666735208395,0.3378018496244391,0.2558721809449877,0.3424677056373119,0.3171504725525557,0.2409752696012908,0.1596840448327898,0.2024372105038435,0.2927461349127128,0.2128696061374313,0.2435574342281586,0.2215310073675326,0.2292972433370109,0.3523381380904387,0.1375263520321556,0.2391568286645932,0.1386344895351123,0.1647274475393579,0.2758232657296477,0.2865532964725542,0.3293452144934529,0.2980464441236851,0.2862851761029277,0.2931492000019346,2,Fibroblast
9,0.246619925032145,0.3460943916068741,0.249844616458458,0.3364902549804653,0.3174647305066986,0.2588824058602353,0.1565788084223529,0.2121830820486615,0.3042064672098221,0.2199720644506143,0.2943365179856103,0.2302525665718148,0.2522837499921732,0.3388375619752296,0.1340730730794824,0.2290914388440968,0.1360847829670029,0.2065254222701279,0.257847248269042,0.2876598316829593,0.3193016088842454,0.2497233021368183,0.2802029889904874,0.2741750924349738,2,Fibroblast
10,0.2548434783118538,0.3609086832049467,0.2451453746097993,0.3401822515307566,0.3294980008971168,0.2729093979280035,0.1567558256488589,0.2191483311125163,0.3238788550367062,0.2317286251767122,0.2706292952243427,0.219471236720262,0.2511028473465798,0.3381849392660988,0.1354299903806545,0.2361776370089385,0.1347247188776257,0.2165983434654394,0.2544831821072108,0.2810201743445343,0.2963269026148427,0.2319185342411558,0.2587036808576269,0.2766504612575002,2,Fibroblast
11,0.2550317486102444,0.3803820937760562,0.2369105473660149,0.3392575829074795,0.342021670439048,0.3004961723805798,0.1538700889529559,0.2322069551972034,0.3511591555637998,0.2473130527318181,0.2863298401428653,0.2155744124026287,0.2662887450699592,0.3278965709682784,0.1316958675624087,0.2316050176404605,0.1293435574260637,0.2582046987967903,0.23685962805368,0.2753615230115841,0.2685379474155166,0.1854207547091384,0.2357668805241671,0.2686684042317455,2,Fibroblast
12,0.2577664734999554,0.3959563729076322,0.2318826351084119,0.3399708879496769,0.3530971970785046,0.3222089660372568,0.1525118742918898,0.2425790675583843,0.3729453925831363,0.260316550627179,0.2924190309429359,0.2104225169316833,0.277169316542121,0.3202648619398503,0.1305047233556011,0.2307927806318109,0.1266626167902897,0.2865442814821982,0.2243171711444438,0.2710620801555528,0.2453860185442797,0.1462098788228117,0.2149450889694001,0.2635287657670823,2,Fibroblast
13,0.2602070689528382,0.4223626141591167,0.2256282472031414,0.3376098445198177,0.3698760373614779,0.3578094418506304,0.1500902552236484,0.2579811798175145,0.4111372105641414,0.2835927203408409,0.3103039276524983,0.2043731019594452,0.2978707231883021,0.306160488988945,0.124402424875807,0.2234887037926962,0.1193143275749482,0.341406358963579,0.1992736014507915,0.2617574751457653,0.2068565867743286,0.0902064771839587,0.1821438529261118,0.2516610824925194,6,Antigen presenting cell
14,0.257655455394187,0.4107775283579513,0.2312141955380598,0.3342341363863483,0.3575661520182976,0.3441440934697834,0.1500719882326007,0.2536967427293603,0.3958003525479364,0.2748461095304506,0.330749718185231,0.2133505352456297,0.2978370872580992,0.3060963504663927,0.1252201431282482,0.2203297557014689,0.1230676997123868,0.3329424730260143,0.2028483449444985,0.2685302387624302,0.225722121487256,0.0965405312670494,0.1992304909689262,0.2461713929790226,6,Antigen presenting cell
15,0.2523190662364974,0.4020027724103858,0.2318392020312286,0.3314462330508244,0.3493152855964905,0.3361434468519497,0.1499010810314304,0.249947128259257,0.381712771966705,0.2657940419480257,0.3540011072713424,0.2224677983164687,0.3024982095247987,0.3051564048727559,0.1251321744679549,0.2165817186667336,0.1244217197096679,0.32930505274212,0.2041996482903042,0.2740693047787176,0.2404244540767573,0.1004975161273707,0.2131118399037039,0.240718427192908,6,Antigen presenting cell
16,0.2523816711260521,0.3836339213966382,0.2436453449107345,0.3307830650537767,0.3291807951274439,0.3092480561232602,0.1507262737057061,0.243867814068973,0.361064165190018,0.2561981006775928,0.340755854887845,0.2233174926705597,0.2805843303876386,0.3047614938807217,0.1494415828066938,0.2227055258356019,0.1720419364997149,0.3248072887800431,0.2292340154908448,0.2889434783647166,0.2537761369757399,0.1037177409181381,0.2187484239156071,0.2325521678895602,6,Antigen presenting cell
17,0.2511946352976364,0.3908746953516323,0.2379556503583427,0.3291208589895887,0.3384707373766449,0.3237280842555464,0.1503247331216877,0.2466633124774564,0.367674355531586,0.2580951939945091,0.3702278253272307,0.2298343878864698,0.3020256647662612,0.3051723339688848,0.1263089269264566,0.2140477288427072,0.1276487901968884,0.3186212806706462,0.2077540568861061,0.2804703251183889,0.2577122284643651,0.1062498091510077,0.2281023401256175,0.2357943575974169,6,Antigen presenting cell
18,0.2438975223862216,0.3842099848240399,0.2357225636562448,0.3263493255831216,0.3325000109308142,0.3192624643213472,0.1497905800940852,0.2437157524291953,0.3556212730780838,0.249746615812952,0.3951587227416463,0.2388822364081984,0.3089083163933838,0.3041545976382363,0.1242036703900042,0.2092838448478349,0.1255170695539689,0.3188240770778624,0.2065956083374563,0.2845146242350482,0.2702601202116103,0.1097388203995549,0.2411100996643451,0.2312453698052594,6,Antigen presenting cell
19,0.2407264534137851,0.3750424258131943,0.2383729258534598,0.324130183509757,0.3231838156077223,0.3094461067490798,0.1497034970512135,0.2409810627559515,0.3423965199882769,0.2422373144388387,0.4145629856905969,0.24670776529664,0.3107057725052514,0.3039311686728758,0.1240405883827235,0.2059112366438663,0.1262995014080501,0.3111773946317855,0.2082178719035476,0.2903393370514872,0.2866097792788581,0.1144616587611092,0.2560251285079503,0.2265441105608566,8,Macrophage
20,0.2342455890768153,0.3671844772087295,0.2377394041554029,0.3211245164609841,0.3148650046036706,0.3020607472266475,0.1490324923149386,0.2384746877192936,0.3290780297789212,0.2341151511265862,0.4389473839838749,0.2557920781812117,0.3155356321614315,0.3030322493202403,0.1230521415365018,0.2011850287236482,0.1262134116624994,0.3083780466026755,0.2082275013553478,0.2957545882488,0.3016286940697997,0.1186513876895344,0.2708204305928442,0.221160167613905,8,Macrophage
21,0.2628120851581031,0.3317899081600383,0.2896891192331967,0.3717278443392203,0.2544981111074387,0.1454039263693607,0.1587706342790104,0.2045453931081782,0.232466450189127,0.1875994223444324,0.1753556319041406,0.2288129708169347,0.1086503122680486,0.3049262211512611,0.3261031224017184,0.3076327330246565,0.4704473121424878,0.3777361886561324,0.4046535513469264,0.4369164755906934,0.2709483145609895,0.0642566198003346,0.1275811680709621,0.184273413158523,6,Antigen presenting cell
22,0.269733707098681,0.3367028726423878,0.289220146452035,0.3669792366140578,0.2609673926438034,0.1609729602358258,0.1587366837681879,0.2102490155458572,0.2496763216726767,0.195617972034685,0.1880485730634329,0.2259812591627241,0.1262713020924855,0.3074906151304474,0.3038028943025635,0.2997707292719719,0.4328308567679318,0.3439293151674422,0.3854948418431852,0.4176605526171445,0.2721455775915997,0.0766992674943854,0.1443222490504059,0.1916494266837863,6,Antigen presenting cell
23,0.2735132628751386,0.3443821464951346,0.2834711323816481,0.3631752586013964,0.2684019578849518,0.1808045824646853,0.1572594715433563,0.2131651182823544,0.2694081378602232,0.2155339842767084,0.2079706383287418,0.2209389979491156,0.1476413083078455,0.3081069321314312,0.2752919735775573,0.2895180027257006,0.3850709549700166,0.3144079683981502,0.3594650786107533,0.3932217869407551,0.277837440143299,0.0887514340789999,0.1639235107453911,0.2031773249639208,6,Antigen presenting cell
24,0.2674533497554692,0.343024529977411,0.2820606774900579,0.3526879059327116,0.2737112658275826,0.201664425460561,0.1568197222086051,0.2163289517039864,0.2806309948161243,0.2237793142482902,0.2282944348695625,0.2199203894152316,0.1700302268922015,0.3049557671858136,0.2631094033341423,0.2769618455858448,0.3703485413542938,0.3144080168396742,0.3437101890728336,0.373668116294359,0.2723499338326489,0.0935661046563122,0.1738537195400019,0.2044320874108439,6,Antigen presenting cell
25,0.2616918133157972,0.3574145717244262,0.2628704850985122,0.3466982979617978,0.2946045311916032,0.2407493193562462,0.1559583163875982,0.2258540121040456,0.3076611902266437,0.2331536407189298,0.260849886401965,0.2185725571689732,0.2075448757071394,0.3052807084860461,0.2261162585608071,0.2622101793093831,0.3010885797865535,0.3131968710944853,0.3053884736995538,0.3425584931806325,0.2640367219847201,0.0972516664271052,0.1894274603681245,0.2175535464254928,6,Antigen presenting cell
26,0.2564953185617344,0.3441183090543566,0.2612337814671396,0.3388507275739478,0.3004067315748669,0.245737449138579,0.1550136752518987,0.218751104152123,0.3079283482564759,0.2290552711444804,0.2665775041262214,0.2193923618542917,0.2243422879153305,0.3256241178731596,0.1809652834840199,0.2423809163306623,0.2251218719170996,0.2399130686243948,0.2855411512119188,0.3088633669993718,0.2993321780133859,0.190789209957634,0.2469663690247205,0.2502768708578637,2,Fibroblast
27,0.2536372012333486,0.3306531343608632,0.2503621324177193,0.3452320621372494,0.3062352553908233,0.2258885018032325,0.1590642977472637,0.2020890206805927,0.2832491703843881,0.2149941472459403,0.2334298740557764,0.2218373679838721,0.2126177938047237,0.3572904943051954,0.140626520685968,0.246279363238142,0.1394871947615185,0.1537329956725643,0.2830940894997313,0.2898352712419948,0.3434340046993312,0.3033460649613259,0.2988020200536603,0.3042092326243798,2,Fibroblast
28,0.2761309953536198,0.3495853464718558,0.2755704219796739,0.3586764344435896,0.3009419979791801,0.2166009608842314,0.1620683633786991,0.2078210693124584,0.3104230450881722,0.2248624908634978,0.233475653644661,0.2070855861502779,0.1991142204248302,0.3464974973511985,0.1418126412351396,0.2606391650045795,0.1511220925410175,0.1538181230996803,0.2767579038741575,0.309346561121077,0.3423171179825625,0.2322175543101874,0.2755653006670153,0.3040648355356335,2,Fibroblast
29,0.2683411717077663,0.3393240593538034,0.2758387663073787,0.3440494735222869,0.3069471519704714,0.2349415098990328,0.1638427587388436,0.200744868951314,0.2911909812422555,0.2216510300068984,0.2337186552860887,0.2138440708069944,0.2266391566522667,0.3356615865580748,0.1731464695289936,0.2496224518290326,0.2071600186213533,0.15111999892861,0.2937676897666325,0.305036611704762,0.310998258405447,0.2610069671441608,0.246975856206409,0.2686621237412086,2,Fibroblast
30,0.2386931383159788,0.3505053259743753,0.2207428755437519,0.3587046841747226,0.358872878749813,0.3111350035059095,0.1404668168388011,0.2089613087270199,0.2879080559979983,0.1970534799608215,0.2706522266509344,0.2238044175138091,0.271142810216388,0.3473863000075516,0.1546329708668131,0.2467704293935742,0.1480337180909831,0.1940288310320959,0.2935438585551054,0.3012352046472311,0.2958848319700797,0.2122224353101045,0.2527362268845979,0.259648201528756,1,B cell
31,0.2622863242390536,0.3699444736019853,0.242928801207126,0.3432491318047566,0.3281751173465969,0.2790417234311294,0.1566505341652174,0.2283413705307074,0.3337783122490368,0.2398432282583125,0.2801410561707993,0.217504164333792,0.2530096062359409,0.3299706810852603,0.1451398009015672,0.2418283388571013,0.1495370978070666,0.2329120101277057,0.253162868013739,0.2876006884814581,0.2835460767625496,0.1828040723916594,0.2416841883780842,0.26292839634997,2,Fibroblast
32,0.2560598437071507,0.3991373353746235,0.2367654215718959,0.3347271019063383,0.3446301231546471,0.3267164779865034,0.1504704545739025,0.2498581092465232,0.382695408595138,0.2684269569553464,0.3081861522951522,0.2097835969008762,0.2772825926257814,0.3045485010454691,0.15162034222591,0.2277840923823078,0.1744453642836496,0.3414494191568033,0.2271273093984427,0.2801109513109237,0.225588283910549,0.0934519046795079,0.1933046766560101,0.2392684180149626,6,Antigen presenting cell
33,0.27714388502767,0.4135121858076703,0.2377881628099383,0.3411779759533707,0.3565685099661776,0.3330862696097253,0.1540241894866602,0.251656400423942,0.3956086043051514,0.2776571138561413,0.2936741024205081,0.2030377742836227,0.2826357098608879,0.3084399520958426,0.1365812963233659,0.2354585007561661,0.1355849792131762,0.3038664995408049,0.2164187460289747,0.2723012396272745,0.2231433541497459,0.0956340857732928,0.1883794571406215,0.2486269202674436,6,Antigen presenting cell
34,0.2727343620948943,0.4003945008469765,0.2391511046651304,0.3453815912615237,0.3496846944406334,0.3235881018082169,0.1572790041822415,0.2452284250399369,0.3761337683061226,0.2654972226040668,0.3042421083678108,0.2097377532329464,0.2831874898893035,0.3073165402264753,0.145037036713453,0.238388544719054,0.1473134624035846,0.2895380385918191,0.2259018414507069,0.2805183126723846,0.2337407667392282,0.1002021603068343,0.1926910078841027,0.2434040269252596,6,Antigen presenting cell
35,0.2630532262032633,0.3920051821991919,0.2398582375222505,0.3382700402883948,0.3420814052739113,0.3167543302844011,0.1530225669631972,0.2439178402311188,0.3679596055364746,0.2598484530154888,0.3221129432322195,0.2172246127185538,0.2825095433765044,0.3109180558821374,0.1386574232500101,0.2291150683909543,0.142131661309284,0.2949879295267683,0.22424569108358,0.2824701353618347,0.251601846822689,0.1125344686587017,0.2154036876894429,0.2446259629044175,6,Antigen presenting cell
36,0.2655712695036013,0.3859289622664762,0.2485648574408021,0.332853638811707,0.3295102606381655,0.3006384482480962,0.1522111588726873,0.2420983642405968,0.3637228455116892,0.2598546207563564,0.3317588698707107,0.2223591505340627,0.2762594439785419,0.3141478348148923,0.1317696879078606,0.2257867610010686,0.1342724627786153,0.2824155743286372,0.2228507663932359,0.2826469860435818,0.2701711079416744,0.1278200415168088,0.2347792092785766,0.2455507211871887,6,Antigen presenting cell
37,0.2546566335825664,0.374211761973201,0.2433001716676442,0.334764869772898,0.3273124072911033,0.3004833960076377,0.1533379046361526,0.2388228110475904,0.3434516462873266,0.2452888098876416,0.3534746773988591,0.2308956662505719,0.2859291030738277,0.3111967706654577,0.140997903794281,0.2235427315647382,0.1473653581091076,0.2822709120945626,0.2293370042021456,0.2926775031574621,0.279264608151554,0.1205462797971605,0.2402028158500914,0.2356663770370754,8,Macrophage
38,0.2457119260887518,0.37249997345489,0.2421245430000796,0.3271989333980678,0.3213823420755849,0.3018449828231156,0.1513248554546451,0.2384379518110371,0.3404417069785321,0.2426270555633469,0.3883140984000042,0.2405965792602347,0.2978687965021173,0.3059281369730098,0.1349101550574229,0.213369528773949,0.1442376269199454,0.3028352526067908,0.2204713232943867,0.2924638525062718,0.2834053507845223,0.119023497338239,0.2488943860919141,0.2286974498787614,8,Macrophage
39,0.2276981653463896,0.3741673959277233,0.2297827245386836,0.3203933466947477,0.3267353506197068,0.3171817642354299,0.1490079560833803,0.2358258784924359,0.3361171375693944,0.2326527051898776,0.4428541338058437,0.2571062125399158,0.3270132881906698,0.3014560733287751,0.1204018766401757,0.2016095963930837,0.1222961061555461,0.3305278753969988,0.2043248983059113,0.2882987945770344,0.2833411918940317,0.1129469079351604,0.2569464088818583,0.2221719818644306,8,Macrophage
40,0.2404089297334055,0.3624512766938891,0.2435307872819896,0.3255783621512985,0.3125404361266237,0.2922348856198118,0.1512947363660064,0.2363969002956595,0.3270202480611803,0.2341836764934781,0.407249624202839,0.2484408277570055,0.2990110000453078,0.3063415025576634,0.1351218199692767,0.2088121976460746,0.144879200444767,0.2956596376217273,0.2219813783546328,0.2987221831506284,0.3007632950938206,0.1248156841070426,0.2651853022580559,0.2241670296241486,8,Macrophage
41,0.2831908193252851,0.3405590344714777,0.3123624417696948,0.3738321541125338,0.2597176629245744,0.1489028924974141,0.166238334311986,0.2022434611666731,0.2472204880390533,0.2175695724045545,0.176174036286362,0.2187036872295306,0.116332075986147,0.3044608904052638,0.3080519896526818,0.3052817538048349,0.4471433396974744,0.3062595358088147,0.390270696530612,0.4243600334270499,0.2800053594105635,0.0639899099296993,0.1259159277693264,0.1917113621773792,6,Antigen presenting cell
42,0.2669605400375715,0.3341307024001348,0.2982250447321308,0.3926771510684881,0.255892586680923,0.1503038472911915,0.1459377647103732,0.1933892726507413,0.2223507526564749,0.1697340007752297,0.1697459713506236,0.221468457529425,0.1098104368635952,0.3186567653627574,0.324065420402142,0.332277060526675,0.4784297595250797,0.2908954910222312,0.4290145491618918,0.4579677243649536,0.2844463692388512,0.0620768038875021,0.1325749133014452,0.182170372797326,6,Antigen presenting cell
43,0.2568744421134559,0.3180355456171165,0.2747295267969494,0.3587550860853947,0.2529230664172839,0.1547362810894262,0.1503465612600418,0.1933222250886424,0.2345776925782253,0.1884085572532983,0.1724326375666512,0.2286019774195962,0.1287411795434329,0.3176384674191047,0.304945815520408,0.2790289253923008,0.4409207952544464,0.2804760200755984,0.3958714201422179,0.4035597041459009,0.2947023568331205,0.1790224486835703,0.1734023904669835,0.2130608965546072,2,Fibroblast
44,0.2666195378005789,0.3710216155859726,0.262801988836756,0.3535517665347406,0.30456725943089,0.2438128813229293,0.1555859061183547,0.2278274823779652,0.3160975798657496,0.2335189125229905,0.2509834709758695,0.2179937529501333,0.2044441894726022,0.3042496281042752,0.2258980476549284,0.2631920916226756,0.2969610155054301,0.3380829153727482,0.3039951703559562,0.3519257966040664,0.2494820354249858,0.0845665989676025,0.1664107873979208,0.2147583004271479,6,Antigen presenting cell
45,0.2819207761898754,0.3648134328751381,0.2584128646922882,0.3619796077998014,0.3796562669158075,0.2274097471874366,0.1906801088716799,0.1822222038305551,0.2607711529610211,0.1757959820462316,0.1995471881322502,0.2214369546692979,0.2164094355646023,0.2962441240993015,0.3238941702615941,0.2459450269873319,0.2322042294956073,0.1138559735457386,0.3605341965699862,0.6523874984294827,0.2009246730903799,0.0756566783344937,0.1152713556421816,0.1635797290832597,1,B cell
46,0.3092611450758111,0.369111003512194,0.2494843093179044,0.3822375434286446,0.3000145167444029,0.2372333641421696,0.1612278053829702,0.2060181152710882,0.2842619850268721,0.2147349119711463,0.2238036253282445,0.1907232001403886,0.2023609933110492,0.3294949351747271,0.1957634225821381,0.3963960336534819,0.2141318055798499,0.1590401264466126,0.3083142430862484,0.332876683874159,0.274634419122774,0.122579084539431,0.1943643400908249,0.2310295395221376,1,B cell
47,0.2463179497902519,0.3151750766571103,0.2343761152287584,0.332218377733835,0.3024538839512014,0.2211717356896037,0.1677990770996401,0.2251617735603837,0.2694543593822447,0.1970939381215544,0.2266239585415318,0.2448677092325598,0.2130894841556203,0.3720479568215512,0.138032559871938,0.2344773191317294,0.1348634437591154,0.1464307016163632,0.2986463089446666,0.2745815895021927,0.315611062186195,0.3806371540580431,0.293200713230057,0.2856292659658044,2,Fibroblast
48,0.2288054436206723,0.3044252178033328,0.220275938465058,0.3673814095605575,0.2869021249140477,0.1953478506723693,0.1469591322563125,0.2015125863957509,0.2538353344597474,0.1846818771550835,0.2221797647970155,0.2319354101404655,0.1722581866700807,0.3975747810868591,0.1299642159046155,0.2523516047921109,0.1201182275085274,0.1315490813305039,0.2960987148924903,0.2976494506820208,0.4003079939627124,0.3747759670767164,0.362276694073134,0.3034751611381146,2,Fibroblast
49,0.2483882312131225,0.3266335441609685,0.2392219262779452,0.3557150794974961,0.3054847887332762,0.2236944961676067,0.1498244125776269,0.211088887334347,0.2798351303448266,0.2063704665804637,0.2436033930468197,0.2224428544257775,0.202008343306982,0.3627392645297177,0.1538134597852083,0.2463930316758934,0.1501536916695567,0.1499242779010517,0.2858159380045208,0.3058954969991562,0.3726322083197858,0.2613691090672559,0.3273613016169613,0.2843310663675726,2,Fibroblast
50,0.2561222848307266,0.338644506956253,0.2429004440176133,0.3520785761995079,0.3061355602718323,0.2370564223863343,0.1537489195974043,0.2168095131310678,0.2927215964093499,0.2218046871543341,0.2608615815243993,0.2217652109218816,0.2169345203090494,0.346471862143198,0.1606690353060314,0.2486576034817438,0.1663755518105696,0.1782420345358446,0.2801775905690192,0.3069473267231153,0.342039296477323,0.2160497203728757,0.2914654608761037,0.272263969914013,2,Fibroblast
51,0.2565096693415837,0.3647455536823777,0.2265503765720032,0.3561022496397873,0.3279506316290301,0.2764520083064856,0.1452611936592726,0.2409539846280698,0.3311508163992465,0.2340418790747872,0.2853542581275137,0.2161408927849192,0.2363474581982479,0.338767120539663,0.1567016267974836,0.2444155777031353,0.152059814514816,0.2282807700396332,0.2545300036757472,0.3037785939050045,0.3200053545083229,0.1314321752570542,0.2788551646983816,0.2533143679131822,17,NK/CD8
52,0.2806797723498467,0.3998940641550322,0.2540476263488166,0.354447814499099,0.3297418922382698,0.2865444436472864,0.1537932627156585,0.2450608431786287,0.3838178192795803,0.2642549028340549,0.2822311194336998,0.2000594822211503,0.2411338561076184,0.3175648522242782,0.1348857778276425,0.2504773080349221,0.1410608232690297,0.2643628129886064,0.2303181702312909,0.2961371864541176,0.2708167116216813,0.0991703645886027,0.2171093051574097,0.2749435310276663,9,Endothelial cell
53,0.2576994989303248,0.3908408109180727,0.2217337238902396,0.3419866045478736,0.4153276609519121,0.3812420994115351,0.1653406538693291,0.2372201486984253,0.3576441278437199,0.2301689223295772,0.2932201174645122,0.2094355022568018,0.3610786819695496,0.3066174022570586,0.1572888526851409,0.233460867030517,0.1293834974913537,0.2530385681397373,0.2333225968788361,0.2680884624116602,0.2133379550823974,0.0940213696177553,0.1756598794381629,0.2256723043680527,1,B cell
54,0.2448258533826517,0.4168236735818514,0.2184972971861936,0.3309442719950916,0.3711569269218447,0.3638180248880148,0.1499716590397985,0.2480221573824877,0.396678682416452,0.2665255305746951,0.3542475094238034,0.2210851423205535,0.321471847799275,0.3016084307905192,0.1214316819853249,0.2185258131580441,0.1171585688175168,0.3626744478223065,0.1967988257427847,0.2618464176592076,0.2070719551623359,0.088238657630054,0.1865740626538101,0.2423627131585455,8,Macrophage
55,0.2401039053849014,0.3968068376069128,0.2252174896712388,0.3292017765350676,0.3535798599463358,0.340285486694196,0.1508907479521544,0.2397685979363536,0.3690806596682442,0.250032070941699,0.3762173616193639,0.2333128602306879,0.3177137642212504,0.3041945868576728,0.1252909284713475,0.2166862938695641,0.124712735744447,0.340523590089505,0.2070127997655348,0.2734000498813724,0.2385034894230905,0.1037365260811974,0.2132222154995504,0.2373041452561406,8,Macrophage
56,0.2362993278678108,0.3949515638311636,0.2249981433345054,0.3256545567110701,0.348500677701328,0.3397313483845647,0.1492886509309997,0.2410726156419378,0.3659559714264556,0.2492219834408582,0.3975313391668372,0.2391513164670224,0.3231917731055043,0.3015526595210615,0.121949454832565,0.2106889334376726,0.122120067889596,0.3475829548301359,0.2019557570413612,0.2754425575649637,0.2446809757919344,0.1004374046144253,0.2210046094833153,0.2323719571165617,8,Macrophage
57,0.23417720632765,0.3826737204255577,0.2289296550513717,0.3246064612202659,0.339689016118007,0.3266182313336817,0.1507113928562104,0.236005963472185,0.3494714184887929,0.2396508390291452,0.4060081010119324,0.2454447074762517,0.3214152587559807,0.3032001348573602,0.1252751566650514,0.2103390089958386,0.127045044167896,0.3315914075411257,0.2088964090530001,0.2813059746264675,0.2616252306066174,0.1112003379337006,0.2348156117939618,0.2296924805918598,8,Macrophage
58,0.2229841665952301,0.3791656169093922,0.2236875804546265,0.3200366075865801,0.3357576978705284,0.3281222843538259,0.1487969731574145,0.2333307909696894,0.340632713526755,0.2309335975619906,0.4428737720511652,0.257559072419024,0.3345264873637499,0.3002503953531018,0.1203116712965907,0.2028091324311639,0.1224687376249192,0.3469824969467509,0.2032876025998475,0.2833970355997871,0.2685818559166507,0.1086949379386138,0.245161269300413,0.2228744070171271,8,Macrophage
59,0.2592458150581698,0.3622448434406468,0.245090564233892,0.3395103702939715,0.3196232237686727,0.286517494597904,0.1608827580331988,0.2344010394779585,0.3246378642600654,0.2336514637478503,0.3672949325707734,0.2381463873461528,0.2883375832532323,0.3108857528594367,0.1457479495079322,0.2232935436230283,0.1460528563480073,0.253530222940507,0.235391859496288,0.30447189917575,0.2971471092942441,0.121559197973215,0.2485973434356029,0.2281468051772607,8,Macrophage
60,0.2588135276911109,0.3603354175158796,0.2645586065483756,0.3303522539409053,0.3098035410639689,0.2823011675607097,0.158473405466418,0.2270037649892775,0.3216639122213131,0.2388939236026314,0.3632580726553189,0.2332398263909312,0.2886801811216132,0.301087420693182,0.1620260058318663,0.2239554670557986,0.194210622974318,0.2483120676616324,0.2449325591012151,0.3083582070419883,0.2875585527640534,0.1338360708278109,0.2331260621771518,0.2201902589124396,8,Macrophage
61,0.2670021759183283,0.3222577861919258,0.2915236664169619,0.3513895983260263,0.2460819388409721,0.1502141473395645,0.167484538830096,0.1940263145379687,0.2345268014904141,0.3004056581184474,0.1790250196125914,0.2119755601991139,0.1156771792910611,0.2886590583348259,0.3133787030102241,0.3173202001243282,0.437400815216017,0.3390045157330552,0.3755684167048083,0.403920438926757,0.2767696880624259,0.0740162282641389,0.1323917155831036,0.2060681756434912,6,Antigen presenting cell
62,0.2768875147138987,0.3277226674124391,0.2947271328276995,0.3441173593651093,0.2521203004642023,0.170964853793134,0.1691407163376,0.1963740490017615,0.2564881716793059,0.3352780635627437,0.1961785967418045,0.2030314084715363,0.1393109674387302,0.2885400409311473,0.2836802012096344,0.31064425930169,0.3881665224513097,0.277799283159838,0.3473962534027814,0.3737398053358123,0.2817912872435079,0.088403411381886,0.151788667361777,0.2189851111884908,6,Antigen presenting cell
63,0.2991635364484602,0.3482432104916902,0.3259439212445406,0.3759569932901526,0.2663417262487154,0.159919313915947,0.170907007995844,0.1996981659356594,0.2607866842170152,0.2411055181412188,0.1810683331591269,0.2088799405507924,0.1308697960894494,0.305789340860057,0.2888091168830813,0.3057312210182211,0.4173545580029346,0.2282166767757788,0.3755560058436792,0.4098060374265925,0.2876253193106753,0.0707788118099466,0.13154123054496,0.2005319066304502,6,Antigen presenting cell
64,0.281676736064158,0.3455953140760978,0.2834406285932813,0.36835969873674,0.2765464555837564,0.1945416342312217,0.1580376787449671,0.2098247017555436,0.2743350840815581,0.2182413327558043,0.2137951143543286,0.2141823067664313,0.1629013050241489,0.3145409031124658,0.2522843047108055,0.3020898371000829,0.3377024642757991,0.2463079946879845,0.3463033032293651,0.3806065768451999,0.2873283497258712,0.1045724580212218,0.1800300613196353,0.2162537231085309,6,Antigen presenting cell
65,0.3302431139509477,0.3714917906062309,0.2464695159604783,0.4053543393339133,0.2971943996056768,0.2378076941000694,0.1622481986718129,0.1852439387279437,0.2553919441812815,0.1919705278350823,0.2038899043126052,0.1693496835681611,0.1910365535891112,0.319363528817266,0.2154440945015245,0.5295436920752836,0.2313246764528086,0.1353124036302957,0.3320907997315891,0.3488734132825485,0.2481505033659626,0.0995240739969557,0.1520594280675571,0.2160544217975311,1,B cell
66,0.3983150568692967,0.4718133483740739,0.3159901223651464,0.3562758176961734,0.3438779835350796,0.2564691576769367,0.2113184172027881,0.2042206894166986,0.3208158328397342,0.2156357097289218,0.2413896269826611,0.1801854805676953,0.308182969640184,0.306079077624774,0.1548545226751186,0.2924696988869003,0.1596675411691582,0.1401084123984342,0.2653967108342405,0.2961010503319297,0.2175434892758838,0.1004963293184014,0.1476032969722539,0.2152499516698774,1,B cell
67,0.2357755323884256,0.2732206753723545,0.2066425373856933,0.3141344426202021,0.2771688111124651,0.1792999431767054,0.1828849673806907,0.2607446306652957,0.2273980251639026,0.1643914403583795,0.1888481399099059,0.283371427194394,0.1795622487947301,0.4115928904142692,0.1308689230012663,0.2211012943021161,0.1210905418660634,0.1024861392718325,0.3377456324073911,0.2515237743096531,0.2977350948445329,0.5508795227351406,0.3113163536987872,0.2770807128490718,2,Fibroblast
68,0.2411624626897359,0.3165144974864712,0.227673912219363,0.3519858955635281,0.2925063934266104,0.2140481656711197,0.1540429643424511,0.2167263538938467,0.2699776133654308,0.1990424833831935,0.2425075498348322,0.2364615578567498,0.1963114622988323,0.3762248637348702,0.1415708469824758,0.244803536771947,0.1396553777597589,0.1578128725105784,0.2940613607094288,0.2941928263674258,0.3563775951861898,0.3266158264575823,0.3208313121118187,0.2823065863382682,2,Fibroblast
69,0.2351180593805796,0.3036142509335099,0.2357765749020105,0.33798628631314,0.2867379686114978,0.2008697033100743,0.1485575558169393,0.1913468147208719,0.2574529475453271,0.2086563329621006,0.2330697504310324,0.2250080579004764,0.1854080842071558,0.3491237267663248,0.1386622370649473,0.2403359003112391,0.1325851686569573,0.1419440082345179,0.2940584894899665,0.2989298043815116,0.3905863814137947,0.3171740083769884,0.3448832037038247,0.3863337502667699,2,Fibroblast
70,0.2349178432702644,0.3226267283543686,0.2317731550045397,0.3353220169182757,0.2932062408739709,0.2307916945997266,0.146857703937972,0.2084913240055734,0.281836734172551,0.2236844977078031,0.2936336933335094,0.2318235509719124,0.2180998821853179,0.3326766705998982,0.1400834988875472,0.2324807707153383,0.1371398744071807,0.19872442797921,0.2689548840786985,0.3008691607092948,0.3659461231119041,0.2346857849319361,0.3229147233495181,0.337898256913602,2,Fibroblast
71,0.2783245354649196,0.3800893742394253,0.2615072123224953,0.3537211808461622,0.314813978917789,0.265723796082923,0.1556515979050994,0.2375872393402377,0.3576304253420477,0.2524097426904679,0.2823830385243109,0.2061996156757617,0.2305578415616375,0.3189786202688248,0.1523120420688999,0.2536678634358709,0.1702309442525351,0.2489261384352459,0.2494849628567862,0.3079750439497351,0.288208169300877,0.1095834153187131,0.2288836008232971,0.2650673076026607,9,Endothelial cell
72,0.2837411834522172,0.38092999151814,0.2706521685990692,0.3425073484541451,0.3270905286672321,0.2903041608676316,0.1637901786733648,0.2292949494910205,0.3460017878696086,0.2593948720215709,0.2761786706638944,0.2045385080170236,0.2652980753048173,0.3017780243580413,0.1829727746792784,0.2477099451512546,0.2254549518186908,0.2337505929565915,0.2615533758839964,0.3035933583848386,0.2447888062699719,0.1222240332557963,0.1809645929397167,0.2302400727016967,6,Antigen presenting cell
73,0.2483672136964084,0.3937867222257087,0.2252009789171305,0.3384742349949691,0.3595574055662782,0.3392880675520279,0.1550406779857231,0.2369871340236878,0.3607366840294171,0.243421446859341,0.3412128419508703,0.225297732643122,0.3093195872373897,0.3079885558204442,0.1416490903842503,0.2319077468856797,0.1436267742623251,0.3172602872594584,0.2260937861478272,0.2786368902224629,0.2302121770873389,0.1010051566611163,0.1975246602739223,0.2364699972400126,8,Macrophage
74,0.2325882772778326,0.4136615172174784,0.2129048716152777,0.3258375258512285,0.3729751693470921,0.3697523695170007,0.1498053007921276,0.2410326912513983,0.3876785437119038,0.2547157250775428,0.3878835496246425,0.2336022501920837,0.339818245512664,0.2979959563118466,0.1181400605890394,0.2136015948126713,0.114434541702373,0.3817835489609219,0.1934222463326308,0.2609759820386925,0.2056558490886737,0.0862013240184839,0.1888352932243586,0.2359798792811645,8,Macrophage
75,0.2239045613668557,0.4014028049996264,0.2135961299230559,0.3228915342645774,0.3631354820199209,0.3592770401282762,0.1497118620027085,0.2340355671428642,0.3691798679683434,0.2413577831806499,0.4147246703977046,0.2454609724469091,0.3442175053204114,0.2974783493005436,0.1191888374912734,0.2099439838933361,0.1189489124763921,0.380302472385262,0.1974957741019948,0.2676190902633982,0.2221977042192594,0.0931787055773673,0.2042612237311929,0.2308444185980536,8,Macrophage
76,0.2231929700497209,0.3938786050711874,0.2164098045381161,0.3218894736936914,0.3544516038881977,0.3494935951212329,0.1493572461598117,0.2327949262034758,0.3583574205866651,0.2363589275092964,0.4268023699818889,0.2505640283936121,0.3425689353326895,0.2984882272892059,0.1191795428160046,0.208005714028308,0.1193662473506933,0.3693800168433325,0.1996575531328684,0.273011654084447,0.2377255388275723,0.0979980471887106,0.2181077027216259,0.2275879564047125,8,Macrophage
77,0.2137065029063988,0.3872149368681675,0.2141658039059545,0.3170753325818795,0.3483660159064069,0.3465703263190521,0.1482245594098264,0.2296034938966823,0.3471299941560524,0.2278240112003049,0.4586144692284918,0.2619676038278588,0.3525499114530875,0.2963676353779295,0.1157698749803244,0.2008193492353824,0.1165839136557115,0.376817104252834,0.1963290520771101,0.2758806134722256,0.2485964191271204,0.0999413266156524,0.2310537290187234,0.2214429063934434,8,Macrophage
78,0.2722631109990462,0.3695386623985041,0.2707939142674156,0.3518609392708594,0.2981670046391267,0.2489963813739311,0.153051383921093,0.2344929796559796,0.3474090919797615,0.2407534923103521,0.3351631873243124,0.221375548523026,0.2364219498362109,0.3181475370334691,0.13367378411602,0.2421695462945648,0.1466515579720216,0.2400656495587718,0.2375218089473977,0.3181347485336535,0.3265644212376562,0.1097452158659836,0.2633414468757284,0.2658442966394266,9,Endothelial cell
79,0.2396189001751442,0.3489838606428309,0.2290786903059421,0.3419683550534652,0.3121613706627269,0.2713324332595944,0.146648329647705,0.2382416780119843,0.310273001220172,0.2217228517595424,0.362465657208337,0.2414929627790479,0.2635582973087921,0.3303599992590627,0.1451177435587248,0.2214387592981466,0.1415168032769521,0.2438495327849798,0.2401792404896939,0.3065740025269433,0.3422612923031213,0.1373695572685999,0.3055396240363279,0.2359146001510731,17,NK/CD8
80,0.2406337447930276,0.3564309773064154,0.2432673178053015,0.3297536298921726,0.316922831587718,0.2799820981273435,0.1526776872531964,0.2251821502076772,0.3172187529534213,0.2270537027396924,0.3596902030501225,0.2415114196710983,0.2808349167666059,0.3224408997123607,0.1297901731538909,0.216474648647987,0.1329187881063112,0.2559705563913936,0.2351895526804113,0.2910236429683323,0.3095462635879197,0.1871657547393747,0.2747519330328618,0.2492368528640669,2,Fibroblast
81,0.2727061229068847,0.3120848045196986,0.2936206991598938,0.3325494954384964,0.2376303993111403,0.1561195389178507,0.1761141344311141,0.1818360511593126,0.2346626195439762,0.4156137475575533,0.1808938146275873,0.1932666043310353,0.1236297508651063,0.2740241453039907,0.3007867839671497,0.3324300880957103,0.4027144507742758,0.2781540353868596,0.3482959105403111,0.3712129982250834,0.2846392263154009,0.0864767003921214,0.1393684972568579,0.2290695114199104,6,Antigen presenting cell
82,0.270903985201039,0.3197267637147881,0.2873812100391538,0.3452917236972128,0.2480455680929467,0.1647416215361768,0.1885707154887909,0.1940818960598447,0.2416820099488146,0.2887836063089322,0.1807038287358417,0.2041973334746254,0.1299595017091234,0.286776602945185,0.3246793160869854,0.335492701888783,0.4136464807698828,0.275616789590178,0.3608023275541352,0.3816651519306279,0.2724159626443839,0.0824661413128917,0.1398890748516613,0.214070991179699,6,Antigen presenting cell
83,0.2696798235107641,0.3257798202441341,0.2804892323234807,0.3541314226190173,0.256950675092825,0.1747144830562252,0.1972496183762652,0.1993512925460648,0.2439714089698025,0.2126466067473061,0.18089056538645,0.2091377725047025,0.138200662361134,0.2944555066121333,0.3409699862527642,0.34208900323829,0.4182862629016452,0.2592748293585259,0.3688497673972815,0.3891967744785204,0.2639321229592585,0.0813644464657483,0.1398314700556065,0.2053195909322343,6,Antigen presenting cell
84,0.2895826862995013,0.3266810586140798,0.2363550011785204,0.3564962840815574,0.3231619345591605,0.2679255153659457,0.3281045425577736,0.1860743338276688,0.3702419840687286,0.1591328688802732,0.216432607694047,0.2463744783771956,0.274314346785043,0.3197047416654234,0.2329025648584022,0.2207981892005015,0.1206880335283077,0.0982709009814264,0.2814816814853835,0.2455148873311265,0.2318140562626023,0.0882337081466683,0.1405665704653736,0.1749941550923153,1,B cell
85,0.2112372831910086,0.351711064850091,0.1973366032681132,0.3246146220829881,0.5299766696018767,0.4790607891309683,0.1813223178417142,0.2184135378294022,0.3315813635104752,0.1779542591165176,0.3000890159483924,0.2129466883866851,0.5108514103938937,0.2853171613602659,0.1869772076411127,0.2085995234853579,0.1049714837338918,0.2026340768087521,0.2284126910220049,0.2423542874682768,0.193183555765187,0.0826861953242994,0.1553671946106908,0.1900036642074904,1,B cell
86,0.2704309050565468,0.3663638975319779,0.211242297860944,0.3928026540945284,0.3548983778821642,0.3148867475530029,0.1352324958521782,0.201599656303564,0.2712105586500218,0.1852649840488114,0.2559206936428007,0.2015042827543391,0.2562801046920209,0.3428024922719099,0.187597855400181,0.3683868850827682,0.1860062102575533,0.1806325469805992,0.3225215515003435,0.333384848249676,0.2663132813710677,0.1064948038784691,0.1992861854502654,0.2246932063039105,1,B cell
87,0.2532294562704007,0.3049178758685375,0.2249213775550572,0.3307590695245941,0.2868435799725451,0.2033011104679165,0.1737353183337174,0.244157102939139,0.2584074889277146,0.1915387452164407,0.2136533304240675,0.2536153841130819,0.1952114539606425,0.3850327416821058,0.1501360586449402,0.2368798093255685,0.1503917336565197,0.1313647022673671,0.3201728409972248,0.2766498012359385,0.3083620093678363,0.3864679160284721,0.2899558156199832,0.264630072853084,2,Fibroblast
88,0.2313927018543317,0.2797623924619888,0.2177926224404463,0.325904335950115,0.2689410800404883,0.1751687318520355,0.1585097697134348,0.2111001011610345,0.2323831300898115,0.1944781804674374,0.2093764214484191,0.2458304475735354,0.1648801557962819,0.3676303754739673,0.1398827283644197,0.2358023530051336,0.1315655732732998,0.1169887224649794,0.3197884318564055,0.2864003378734815,0.378043556298642,0.4093821452978632,0.3513437891021666,0.3833947779621791,2,Fibroblast
89,0.2299212695580085,0.2920981172196916,0.2163663867898075,0.3529691921070103,0.2761123644850818,0.1847224306988311,0.1350298220265538,0.1987312633108972,0.2423070980498076,0.1997921591020524,0.2387935377409295,0.2252723635470942,0.1583176326731527,0.355689039348793,0.1580987871403565,0.2483227633868829,0.1464122458720859,0.1284877595784345,0.3054452627335868,0.3246166928362703,0.4419034019853937,0.2595796874602022,0.3917569867989059,0.3823083382005747,2,Fibroblast
90,0.253252271479554,0.3110299719235332,0.2466449537035923,0.3548074485125584,0.2697194535893418,0.1789984941982801,0.1468854401877487,0.2002663377797337,0.2740884943332843,0.2162775849316561,0.2300557399546977,0.2123226137818651,0.1545230437654579,0.3406922841453957,0.1466944300793193,0.2606487200194611,0.1473628459896275,0.1377331641233701,0.2961457471389102,0.3259823234449148,0.4092565604204183,0.2316947046576222,0.3409884247123754,0.4051336536469052,2,Fibroblast
91,0.2642157871782706,0.3157277126953148,0.2357084008984984,0.3119939160231104,0.2752445997382428,0.2091912152852707,0.2353007095753492,0.26925728181457,0.3052805639969722,0.2122491002407463,0.2165506990964693,0.1943699205856584,0.2166833945222094,0.3003065095126451,0.177162722875583,0.2460421878322245,0.1701808273373124,0.1507738920740881,0.2568919253021352,0.2736475101625648,0.276747949604839,0.152693775062108,0.2272363673453349,0.4806439736440754,9,Endothelial cell
92,0.328023357003371,0.4339005261350206,0.252501219377527,0.335323888559374,0.2973540365481186,0.2477593268282816,0.1473316666242297,0.2466351772245144,0.4015859189454632,0.3082932523188798,0.2547606884836635,0.1942394406335233,0.2084564328604259,0.320544850638605,0.1393677889392996,0.2627126414787915,0.156409243574757,0.2391273443387922,0.2393890748895598,0.2912254088837824,0.2740442009689076,0.1119415459341958,0.2239457389803545,0.255407781073055,4,Memory CD4 T cell
93,0.2884088763828266,0.4335221321088793,0.2280574653424752,0.3212533299863279,0.3335912962346585,0.3124290431794765,0.147257847485274,0.2470902078063747,0.4009626936473372,0.2953959044144824,0.3216626916066376,0.2141326157916414,0.2787282958089693,0.3072158577384432,0.1287181951782462,0.2350300249452353,0.1353265575694364,0.3160645474735253,0.2129391962765657,0.267572958436457,0.2291071382383814,0.1037232725853353,0.2026610118671781,0.2350137538305597,6,Antigen presenting cell
94,0.2178683446705843,0.4108792949671892,0.2044756911622924,0.3209126431396529,0.3777911881771394,0.379607706498157,0.14920979605775,0.2329178555065501,0.3775780097635472,0.240553170119227,0.4236269962077124,0.2468381630066016,0.3616938643636464,0.2939337130179424,0.115584652656341,0.2091321935758815,0.1123857784166485,0.4047243638977301,0.1906903498088617,0.2598516870801742,0.2009727408159138,0.0822695637416768,0.1884465089318988,0.2288254743072993,8,Macrophage
95,0.2024390638714999,0.4062124429958063,0.1951124517075569,0.3156927608365886,0.3889112344824361,0.3940490424308097,0.1498060552114853,0.2242963678786938,0.3658246673543905,0.2242300157159361,0.4580818333428283,0.2595842585103081,0.3916466137810716,0.2892299379950518,0.1143259598336221,0.2041780100973487,0.1073660049800609,0.4196222496672142,0.1878359904372273,0.2578078390212904,0.1973737826550231,0.0789522044327395,0.1884467284792033,0.2197420349989534,8,Macrophage
96,0.2042364154860927,0.3966128586275503,0.2029881571122316,0.3145340512655957,0.363996465265353,0.3678532122938281,0.1481883677645439,0.2255610416916083,0.3549120445038375,0.2245152684847595,0.4710685720324604,0.2655581133703942,0.3720455716066475,0.2924900394213811,0.1119226552054612,0.1998824926907999,0.1110157072741025,0.4083708658127244,0.1896919970462681,0.2670085500094142,0.2244470515463098,0.0904284879487841,0.2131488541739595,0.2203439291853338,8,Macrophage
97,0.231588730691313,0.3722647327208749,0.2270265878411263,0.3288549183892046,0.3367643057192276,0.3148123936187125,0.1530468355846713,0.2295737813698953,0.3344511988257524,0.2284485758212913,0.3853790760861256,0.2454828654602376,0.3091441351088625,0.3098291071636087,0.1373523988460473,0.2184344370185311,0.1446684212024827,0.3166479196912712,0.2268564758538222,0.2858679768519563,0.2666252154546384,0.1239989709799662,0.2360580202565751,0.23152628983959,8,Macrophage
98,0.2987732644685608,0.348676904942637,0.2475769522583833,0.3140199074425441,0.2942973307928578,0.2244169402656727,0.2043561860159742,0.4841999020069509,0.2878046540224424,0.1930155859072634,0.2233661287563859,0.2125231352986439,0.2242531153348398,0.3109711535329769,0.2179791421410404,0.2680426906137629,0.2422856594552454,0.1327179351626799,0.2862897331815662,0.2914929269600682,0.2272528834560691,0.1101910981603483,0.1694971001584021,0.2119105257192932,1,B cell
99,0.2684399302818007,0.366348322535612,0.2561543084977509,0.3499553659462531,0.3063567264353434,0.2551306497695532,0.1554631115208309,0.2310023811673254,0.3338423365961513,0.2394680855895386,0.3127092484756662,0.220233576473499,0.238975231913418,0.324360701691503,0.1432819327404879,0.2444477964384926,0.1523870172750935,0.2294217731026189,0.2478372886964937,0.3091374859629754,0.3171055584081951,0.1364510494008946,0.2606064202145087,0.2630103878378764,9,Endothelial cell
100,0.2479170674432617,0.354218938846174,0.2457477211215953,0.3350155297223631,0.3175410582344358,0.270923392475697,0.1547969530391518,0.222525151798241,0.3161835280851596,0.228459086793357,0.3190555682543529,0.2326037910179139,0.2624608316012842,0.3290932344030576,0.1383864071553045,0.2269859806011423,0.1439751374927363,0.2362279134842348,0.2491789163833783,0.2905252956250346,0.3069695761262971,0.2028749486555209,0.2685148849922735,0.258339408840849,2,Fibroblast
101,0.2541614700940702,0.3298787110913813,0.2602352194543658,0.3783218756955863,0.2567654333592785,0.1375765671305594,0.1528669761668842,0.2282058083937233,0.2057080420325302,0.161395996876864,0.1667103020154414,0.2449245299301882,0.1028636535279554,0.334446357407855,0.3353459391690365,0.3076274029834707,0.5173926359360449,0.2405504831410502,0.4404951879182103,0.4527884960357494,0.2810736520092,0.062285935670727,0.1652911932631222,0.1821265870708257,6,Antigen presenting cell
102,0.2710647940071355,0.3330531541504656,0.2773469125694508,0.3696751275626893,0.2594610978790823,0.156878905430229,0.1634852589104729,0.2157671002602061,0.2318054976821103,0.2159623106647029,0.1773499073805572,0.2246770416291943,0.1241780319427608,0.3197408964477367,0.3111484855720283,0.3136425860824018,0.4493267189557262,0.2123859077193307,0.3999812929624036,0.4180887630700709,0.2837534617692599,0.0777977020653735,0.16357170344857,0.1995228691091234,6,Antigen presenting cell
103,0.2823540483792293,0.3216894507808507,0.2763970254321493,0.3388174488577022,0.2620716633031129,0.2020733193163397,0.2423789546995636,0.1944577374567791,0.257275267023951,0.2373490142086248,0.1832986117433122,0.1886605621331748,0.1706952121868467,0.2825980636240003,0.3499691765032758,0.3714529463701536,0.3586542613653553,0.1380004309483072,0.3297170160503143,0.3379693575853879,0.2582682051021631,0.0998836026572955,0.1456149747283889,0.2271744785093194,3,Cancer cell
104,0.2796403004442365,0.340925345036648,0.2522602766002168,0.3419456944933001,0.2979355426431562,0.2457612927026748,0.2092536832131854,0.2106630481383413,0.2834528718603296,0.2269597280388819,0.2215065633516769,0.2004902754172504,0.218774496266358,0.2948670277712004,0.2704099186440298,0.310956324425827,0.2641515206617382,0.1677244214847076,0.3013336119127615,0.3191470398293458,0.253312224595382,0.1138687442743471,0.1744706878391135,0.2266671090980161,3,Cancer cell
105,0.2256231409473636,0.3678846164244819,0.1856213703503461,0.3866376742551625,0.4190161159761659,0.4118638606263267,0.1052623679367205,0.202912866704716,0.26734448611083,0.1723930935659767,0.2853215932825279,0.2167784999778442,0.3182647179037899,0.3382818406824485,0.1889613296285453,0.2628039841099069,0.1865378331845752,0.2101581729710136,0.3403285818566405,0.3342738239293592,0.2509620426915325,0.0973974173007553,0.195463556337722,0.2244127613929451,1,B cell
106,0.2386465561014899,0.3706059818632806,0.2049460921596247,0.3698040482469787,0.3902709359784984,0.3680058305402529,0.1289486722877213,0.2161425869431915,0.2985063102343804,0.1978765892987655,0.297393952758314,0.2213522819490061,0.3089327878958447,0.3329578341574126,0.1724149748555558,0.249561205916831,0.1682444028891931,0.2301467096776022,0.3011746787559092,0.3137470508136054,0.2557280698716278,0.1088380971099321,0.2067375079989576,0.2280453557221474,1,B cell
107,0.2329111290616465,0.2954359167969047,0.1477652991672761,0.4695560495976086,0.3014796226758399,0.1880489065781682,0.0860751348296745,0.1985150732928893,0.1823896274923454,0.1112898276326488,0.2049402245604456,0.2566136652695976,0.1445941255726614,0.5888024346328891,0.1705206998157656,0.3074826446750257,0.1716925721975555,0.0743697306278363,0.4661329126256132,0.4231242829370785,0.4451238758689888,0.1251732171852676,0.3469869314008965,0.1990882488801305,1,B cell
108,0.2217360883067576,0.2797218882988379,0.1841794137477226,0.3947501107331964,0.278326968170475,0.1737650243892656,0.1117088560042153,0.1844783947965966,0.2006980878951353,0.1546217571547353,0.2162906312672542,0.2394025609005476,0.1420956890882787,0.4448544710582363,0.154456037831722,0.272454538242348,0.1452845866634758,0.0960180207104145,0.3803044751193057,0.3642908008674103,0.4581957271144203,0.2413350995181019,0.387883897601078,0.3666618318715917,1,B cell
109,0.2075279811207806,0.2559821572539115,0.2064030690328119,0.3319769651933528,0.2527262739687433,0.1498268974574483,0.1305060946516115,0.1680665733742605,0.2027016035391965,0.1858709288204676,0.2197141349565425,0.2317045896555913,0.133191426353884,0.3466730510433459,0.1317509742681989,0.2356672352391102,0.1102183328586672,0.1030428869973404,0.3201844367202133,0.3149748176980236,0.4827030061918787,0.3579888570124024,0.4359868072620955,0.5303402940443639,2,Fibroblast
110,0.2231534624585569,0.2776220374672611,0.2188232621997117,0.3375570832748437,0.2631292492659782,0.1689793956311543,0.139239930446287,0.1829979817927552,0.2286504594583503,0.2032757854480855,0.2248913865986683,0.2266580246668148,0.1503663547160937,0.3470946107407263,0.1423186669670018,0.2431898777688865,0.1304943791927999,0.1214628190807415,0.3101396391684754,0.3123139618897191,0.4416415191717872,0.3199651190547365,0.3918634961429266,0.4574157863217084,2,Fibroblast
111,0.2558071828852455,0.3400870464696605,0.2341230444759793,0.3350191059848079,0.2947180599919219,0.2310706302701422,0.1532719500614488,0.2162090651522783,0.3040776939705957,0.2451495187526198,0.2545698838380038,0.2142217178330745,0.2059049446990556,0.3267813235416687,0.1479682450118466,0.2455186098882658,0.1477422486805415,0.1942872772524394,0.2699731032156928,0.2953521616530933,0.3374776067936025,0.2090372634036246,0.2897620186532937,0.3479913966478813,2,Fibroblast
112,0.3147014369991884,0.4452129444102357,0.2361738618040452,0.3229333707843682,0.3236916702258804,0.295097359923458,0.1466561775193804,0.2545246568988379,0.4165626877836332,0.3190442302314324,0.2745859559115263,0.1979750625716548,0.24857449300566,0.3118642692226025,0.1337087343019402,0.2442986028266047,0.1429566951266618,0.2881937174053395,0.219613425715029,0.2675301741853328,0.2308963524354808,0.107981691626999,0.2002339952025355,0.239789498735521,6,Antigen presenting cell
113,0.3207063602266585,0.4292638524423931,0.2410481257825771,0.3270929559967241,0.3111657621540278,0.2705488856244682,0.1514635664859387,0.2435114156392075,0.3834619376043517,0.3008432210296463,0.2651782264025497,0.2023368699637787,0.2385223510117608,0.316588608552569,0.1491916828265022,0.2569474811849138,0.1642901327102631,0.247600544388183,0.2433334158181568,0.2806675401419817,0.2504041090710067,0.1264921810733532,0.2103305887358678,0.2338211235419138,6,Antigen presenting cell
114,0.2643608032555977,0.4131532092311347,0.2227010787385329,0.3308437223907745,0.3483622772580702,0.328044977182786,0.1539880257564926,0.2319136724707439,0.3680313592704058,0.2534294046745707,0.3524010574077996,0.2259844373182801,0.3074362328497215,0.3039702860959241,0.1350587062087177,0.249268125923133,0.1382126222964385,0.3234497313755,0.2213654292079786,0.2752971267890938,0.2252143213280132,0.0971979847754803,0.1946079510570026,0.2304690030974023,8,Macrophage
115,0.1867768759117217,0.4097565695441503,0.1859097939317977,0.3087918155220189,0.3839906642929853,0.3992560975822188,0.1462548126034418,0.2190325613888772,0.3638866703936558,0.218013010706886,0.5054938310730299,0.2755112203941525,0.404952138670669,0.2849135890404798,0.1038334142878256,0.1957396652139387,0.1013245515372033,0.4619696374523031,0.1772021036575,0.2554206843479474,0.1919144610469272,0.0740533351602724,0.1908092817637303,0.2160540869845935,8,Macrophage
116,0.2158836105201334,0.3853446928665397,0.2074996374172878,0.3281505438270968,0.3671923893188099,0.3566006558521565,0.149840123763892,0.2218288033389439,0.3383683351075987,0.21583243883106,0.4058708617858156,0.2506864867891349,0.3464237013857702,0.304864970757436,0.1351415895275522,0.221355683804513,0.1385320485559643,0.3571846213718116,0.2238301327048063,0.277213305885826,0.2288709969426441,0.1043352766295449,0.2062195877661072,0.224102710723982,8,Macrophage
117,0.2268204684101309,0.3747483405927891,0.2092193918980107,0.3354624999384175,0.3936939018869049,0.3643852814556753,0.1573278629000218,0.2239222075702436,0.331220762273227,0.2091227291857312,0.3543032964027053,0.2357982340138674,0.3585319728945,0.3117392245532406,0.1472815374276886,0.2260957897881149,0.1281830940413849,0.2859354712190582,0.2336932985282582,0.2750408873620077,0.2394908568800956,0.113861427261042,0.2089414607450459,0.2253766226354887,1,B cell
118,0.2902505539069683,0.3768925746106422,0.2581844340235693,0.3399422666044939,0.3275942344051888,0.289996018092022,0.1683986051661994,0.230203243726576,0.3355156608578228,0.2501245000103768,0.3028406964281656,0.2182124424001699,0.2786335003815753,0.3048269297953519,0.1656680901252225,0.2424437045987497,0.1805210838615943,0.2380509315339181,0.2497170443727152,0.2994609919880435,0.2569558264113691,0.1194380546028072,0.2014777449674338,0.2296701706573015,6,Antigen presenting cell
119,0.297220936996118,0.3561514689447095,0.3146740727062287,0.3255034246823745,0.2984864555028018,0.2613340698544023,0.1578410271024294,0.240749447273811,0.3663677845637904,0.269797789215157,0.3170144167875973,0.2218387179767254,0.2454071055118321,0.3138556733401484,0.1389006108740272,0.225750689395854,0.1528943187651691,0.2546754477611833,0.2339401323952141,0.2885604797093122,0.2917562063291314,0.1244281463041092,0.2465246208928893,0.2355597400750592,14,CD8 T cell
120,0.2866957385881724,0.3511796344881876,0.3193120675819975,0.3157830191395702,0.2986967301031377,0.2741878897923271,0.1558624586937451,0.2442286044703996,0.3668429161950809,0.2667513073364607,0.361470245158242,0.2335253826338121,0.2684185947458345,0.3069514495920342,0.1286098873969668,0.2100175668280167,0.1403632892761685,0.2809108584548876,0.2186232087244003,0.2843584999287044,0.2906081821627281,0.1166897170672227,0.2534180111840116,0.2244583857386684,14,CD8 T cell
121,0.2522653220509609,0.3277427618100912,0.2340289769445948,0.3769451489214349,0.2600998708692148,0.1355409707807315,0.1547757936395511,0.2504629268503315,0.191428753877639,0.1632652892500677,0.1628239821330641,0.2534255069096723,0.1053084900862698,0.3566452032174055,0.3315387525456737,0.3051209826781282,0.525427016389217,0.1053892839407883,0.4511136109144381,0.4471125938953852,0.2948725231368337,0.0720188358385916,0.2069400731500697,0.1926310788083401,3,Cancer cell
122,0.2604701779270379,0.3227170516130069,0.2479280237806738,0.3649473244844864,0.2552501521704283,0.1491349640719423,0.1847175055277999,0.2298044848090123,0.2041030234210185,0.1932747848746336,0.1615657888565756,0.2314225391878259,0.1165320254326571,0.331421125799516,0.3504190417994737,0.3382493973224248,0.4884516536721103,0.1096182343202526,0.4208476600848049,0.4191975430628098,0.2820913135575247,0.0725446932241881,0.1814143160156383,0.2045190181231526,3,Cancer cell
123,0.2795280472499177,0.3274998239317356,0.2786669814944908,0.3580824576315043,0.261144658445586,0.1809464846734764,0.201075859432846,0.2026897095426421,0.2397654155894278,0.2285082519370437,0.1769424730925314,0.2037121091972745,0.1494846193185585,0.3046271626439765,0.3316831915624997,0.3491150693987963,0.4076442254289984,0.1269993780265232,0.3702704954168372,0.3803111759577934,0.2761157274753569,0.0925139768926828,0.15827389822331,0.2157543195054231,3,Cancer cell
124,0.2609537111383593,0.3371357261658089,0.2259081552932376,0.3526144905481366,0.3319918614789919,0.2861133781490679,0.1512402641406304,0.2004965329542721,0.2652098491985763,0.1891978193329829,0.2348662952686652,0.2091543901071957,0.2516566402765055,0.3144729057235247,0.2140987855955126,0.2536444212660603,0.2300073678893809,0.1608678523334315,0.3712195430938835,0.3217189584996198,0.2531085546330101,0.1159998331601867,0.1829961820422817,0.2030940328314263,1,B cell
125,0.2373190904083027,0.3436350246664273,0.2016752849343677,0.3807441303815236,0.3542109675211698,0.3038334079638681,0.1242462734706525,0.2184498871971,0.2734592241211767,0.1859475908766428,0.2736419502869552,0.2216118587501954,0.2464724482114467,0.3615455899162458,0.1770800846874758,0.2603977126957838,0.1664547888498017,0.1762702756202269,0.310005917306876,0.3317050592203078,0.3403701990503781,0.136870295405121,0.2896265508995364,0.2436466844746599,1,B cell
126,0.2436174031238769,0.3105362278814022,0.1821384793681205,0.4224822794387627,0.3015166700938421,0.2050466947322044,0.1145405054825457,0.2149900530107974,0.2247262824813496,0.1515202832659598,0.2247238722448477,0.2390894632000997,0.165021475618217,0.4847547621583804,0.1736724455066282,0.2865464753378396,0.1694826142955516,0.1058663471678748,0.3826742445098121,0.3745389482521374,0.4156742944827886,0.1482617448189756,0.3434932653631529,0.2234102306626024,1,B cell
127,0.2394990273381115,0.2901414051916039,0.1897918159802887,0.348231125241045,0.3397551762436217,0.2538194650702935,0.2047347537853773,0.3851508881987481,0.2689885704243105,0.1462706669849685,0.2332099150887837,0.2976478293476575,0.2434020197738647,0.5697417527810121,0.13410328742388,0.2098479704041311,0.1085866984781915,0.1065136808921579,0.2684809349772498,0.2513135414074108,0.2941315396742358,0.1170306177239708,0.315614064299278,0.1897638197959853,1,B cell
128,0.2438387505640933,0.2991241333210694,0.2276007525289902,0.3546793135777277,0.275749573106095,0.1889355541759374,0.1460840184813895,0.207774388818871,0.2479867853302294,0.2007797997151403,0.2219663864180919,0.2229892638258283,0.1648030704909018,0.3652687998114938,0.1697998198169674,0.2587699210530442,0.1760040980509359,0.1315025877039052,0.3187405392386655,0.3238221692380271,0.3881237776205877,0.2351586058662164,0.329916195715156,0.3385255671528708,2,Fibroblast
129,0.2055040441994199,0.2604644633810657,0.1956133170004787,0.3641047868446231,0.2512272443880031,0.143143437868542,0.1332437927527578,0.1818061667218136,0.2046153661410047,0.1696367752864071,0.2052272439317405,0.2376639073904034,0.119475937906691,0.4003101616037675,0.1256183543414573,0.2508514204971889,0.1051592846893545,0.0940710630189726,0.3199918085496042,0.311539411503782,0.4829161918313796,0.4217203151948639,0.4423493745672653,0.4198482160479602,2,Fibroblast
130,0.2270695629135278,0.2872577885470199,0.2179872631292325,0.355625792046251,0.2677472053409413,0.1727657576977705,0.1414943900691443,0.1940550225069095,0.2377684356915681,0.1952828281650844,0.2192119137008846,0.2302872854008324,0.1501029270740189,0.3775647578553393,0.139538227284814,0.2510436615660192,0.1307331975789863,0.1224172225729208,0.3075581381062181,0.3087848684069197,0.4292972499182308,0.3505678616249719,0.3840746276638956,0.3738362115012748,2,Fibroblast
131,0.2416151831829123,0.3376621679249731,0.2201352263459637,0.3622898553341366,0.3043970315131297,0.2360451591285964,0.1474118583348359,0.2222867970759903,0.2974246861834893,0.2133767096578179,0.2540337631789373,0.2245822193314361,0.2032723896377093,0.3707868217168159,0.1349081052640805,0.2495817983429627,0.1279506171620223,0.1897849665897441,0.2709472658365079,0.2948360090251647,0.3514335139862901,0.267414525168569,0.3136085673924877,0.2819169081486928,2,Fibroblast
132,0.321416794313632,0.4272106076325941,0.2468062885685138,0.3148279410839987,0.2883066537813039,0.2505649146711911,0.1457037422824523,0.2450622841081063,0.3868151905006784,0.3114741477094809,0.2962607142159085,0.2121342419699791,0.2307588554038904,0.3152478826426497,0.1397164017130048,0.2454516330841197,0.1586787902884011,0.2545527618798298,0.2347510818382662,0.2824517424730794,0.2743481980272636,0.1306507625858079,0.237561121884007,0.2299935276232969,4,Memory CD4 T cell
133,0.3519261592965302,0.4715321277681226,0.2347103934087008,0.3106941342299754,0.2969618772111053,0.2605266938137059,0.1425957213471075,0.2550764802032392,0.4293966086180797,0.350912881791699,0.2494045098233379,0.1918514142183042,0.2190102953134817,0.3147931379487413,0.1373941986876327,0.2573167481732782,0.1549666074841881,0.2623635195799256,0.2284353714908706,0.2662310423392813,0.2369515030074371,0.1171605359680196,0.2061591194629567,0.2307631822697872,6,Antigen presenting cell
134,0.3712046417511527,0.4801157584426177,0.2311471588716012,0.3012362739043859,0.272808065126539,0.229548024872886,0.1402938479622821,0.2503950111623266,0.422211543568889,0.363738630188813,0.2448360765009817,0.1949776615108658,0.2005367440082905,0.3177519517698057,0.1426968573736987,0.2673392487000616,0.1670982899027992,0.2391314355751864,0.2397147913661064,0.2692668696047287,0.2511213394258521,0.131417843936182,0.2193673252233973,0.2219558640511042,4,Memory CD4 T cell
135,0.3639602832414914,0.4907547925241194,0.2206513763606021,0.2929332980055638,0.2781616039555615,0.2437580785415727,0.1378239386237392,0.2467482143246048,0.4276282279459087,0.3613401915956313,0.2770870521700411,0.204257428329683,0.2215145299377274,0.3112184515866467,0.1363105557107199,0.2627688820772429,0.1616143445137421,0.2745567820490561,0.2300679582973198,0.2628703729893877,0.2349830296544665,0.1197326497357673,0.2110972462714943,0.2121775285762315,4,Memory CD4 T cell
136,0.3199025071403386,0.4514635315911644,0.2266041353749194,0.3103326677792292,0.3072589495330792,0.2771412351945828,0.1447199150859348,0.2418336276839291,0.4009561572149597,0.3150096775319426,0.3045820246151411,0.2131420057653047,0.2539346501549515,0.3111079057749718,0.135700559820029,0.2518143238005761,0.1512322425049399,0.2891876635868035,0.2281627951730121,0.2692510365306584,0.237388328602644,0.1153090255042577,0.2098211613541817,0.2227108096016643,4,Memory CD4 T cell
137,0.2802111856983747,0.3697296581003733,0.2986879344369933,0.3203677473887957,0.3265088214481187,0.3028818192267231,0.1574307104590607,0.2407133648608534,0.3819416537188442,0.2659660140797831,0.3425218368411583,0.2272394319944753,0.2826179654952824,0.3069832308940003,0.1299576696492274,0.2193145907025542,0.1376738273335891,0.3077919644746188,0.2182796749709724,0.2720865225207132,0.2516337231274284,0.1041417594343107,0.2187070683671311,0.2306043321396989,8,Macrophage
138,0.3206035746034303,0.3494460265251163,0.3408180522195805,0.3297369488696249,0.3011005508609804,0.254674628713576,0.1666963532896408,0.2391140811347117,0.3715396203099604,0.2746243086582187,0.2611995467380625,0.206766281054335,0.2295479459384279,0.3167365310613843,0.1533640959627829,0.2380897907101874,0.1724774648886126,0.2199821993284458,0.2506574059243566,0.2864353555701048,0.2765018725715262,0.1333200104058675,0.2223558308944452,0.2393403965116688,14,CD8 T cell
139,0.3175780500507082,0.3539463736020166,0.3553250029024138,0.3155587922246174,0.2991453644799424,0.2683984637372587,0.1591747797989726,0.2500483165132253,0.3976521140183853,0.2903348927438762,0.3037360848971658,0.2146177375716041,0.2425291473230104,0.3094172416900479,0.1315787547131781,0.2189820529367601,0.1456927831326148,0.2717560026352104,0.2227303533493438,0.274152378492341,0.2707956525201828,0.1100062766723071,0.2313746028476245,0.2303625086789317,14,CD8 T cell
140,0.321132736338116,0.3373317359487118,0.3744729336966852,0.3113164015062755,0.2834510719785481,0.2497139893218973,0.1599320209657374,0.2469090739899049,0.3862143966473743,0.2855926876660929,0.3137626783041618,0.2210448837482059,0.2350436142791059,0.3103888642648169,0.1331081033120622,0.2155733743296323,0.1516034236982521,0.25706104541705,0.2278535118076083,0.2799053580979125,0.2907007113875761,0.1189858587155138,0.2485119438723999,0.2254602541829134,14,CD8 T cell
141,0.2416518620193517,0.3248789807821203,0.2203063006909182,0.3824834745299904,0.2550230916457852,0.1166481140905876,0.1498267051078312,0.2600527449158797,0.1668248206768781,0.1364025487186566,0.1495485480872196,0.2685805403927075,0.0840457903053334,0.3693157721877951,0.3562216533365978,0.3076049253615061,0.5911549990460452,0.0908630915167756,0.4879715731709119,0.4737498465236932,0.2914442319115174,0.054384222706797,0.2084884468843358,0.1793185495505472,3,Cancer cell
142,0.275917764946313,0.3377304748813968,0.2714221655102963,0.3819926502301839,0.2603873418266715,0.1349292646253784,0.1633723627249713,0.2348869059983224,0.2119463353406169,0.2017793563081893,0.1607205341655948,0.2359709077385888,0.1053084141771977,0.3439143606769185,0.3166560197410924,0.3128612154373912,0.4980365022739693,0.0962701109604384,0.4315992283283391,0.4379456294383416,0.2993186998016913,0.063215717025746,0.1815000433263009,0.1996366437191517,3,Cancer cell
143,0.2896216471382497,0.3450066308635836,0.2887947569673263,0.3769117609259622,0.2701014489941341,0.1648980117603255,0.1680148895965668,0.2238969503955135,0.2445589189013722,0.2277196987829995,0.1811913782718613,0.220885714713251,0.1399333328728111,0.3264969093464221,0.2880893252704719,0.3033236998982351,0.4301670232627585,0.1142386139381909,0.3887290895667793,0.4046902109830607,0.292586737417513,0.0852304488841433,0.172558002689252,0.2063962020898111,3,Cancer cell
144,0.2620089854733607,0.3298711845218177,0.2444831808639746,0.3737288979788315,0.272066859306093,0.1688395336680509,0.153589116486583,0.2360813642409878,0.237683148171977,0.1908483599433056,0.1960990394653502,0.2310512751020485,0.139018977984447,0.3537039615115411,0.2625857510812901,0.2907590355242331,0.3697975116078222,0.1236275486508398,0.3790856515836587,0.3936363114428476,0.3315403955679183,0.1190201353972096,0.2477289630524118,0.2311491257748001,3,Cancer cell
145,0.2482212999566084,0.3441254892357202,0.2319915006193284,0.3502862425944643,0.3107614957176342,0.2572202148220344,0.1486867490121295,0.2345279515259087,0.3060952025517519,0.2225038867540088,0.3156909027326119,0.2313557937001518,0.2388272155298428,0.3402043179809098,0.1558840069217986,0.2352639724104856,0.1539805705909631,0.215847500740469,0.25822330701722,0.3091398456215256,0.3455411986870143,0.1512360507276443,0.3024356659675879,0.2466577333270898,17,NK/CD8
146,0.2739836420580199,0.3393482485104306,0.2266350700626546,0.3667078228706788,0.312490418871812,0.2427935422015851,0.1741593546321432,0.2515134223205749,0.2812936306388391,0.1947832908184898,0.2470453026196988,0.2237352668337222,0.2225458178362659,0.3918681098361249,0.1719851478787576,0.2457900064051767,0.1496922765593245,0.1396325327408633,0.2786558001309962,0.2994069182957186,0.326822629635463,0.1365172983246318,0.2834345692919155,0.2267136219572837,1,B cell
147,0.2384071466325504,0.2987717309731058,0.1951811664472619,0.359838970155348,0.3186963703003304,0.2307682173382804,0.1699046608488738,0.3219113280732339,0.2659828733055392,0.1666165080439435,0.2481754010276713,0.2643287028252595,0.2069048394640165,0.4834073692444628,0.1565114000837495,0.2289398535264326,0.1327975304651519,0.1173204743606702,0.2783498373515571,0.2919644370598047,0.3712583929872727,0.1367125278494007,0.3653714170692753,0.2180884823768661,1,B cell
148,0.237546312379856,0.2969462976714169,0.2028457693302273,0.35835187244227,0.3032780806996907,0.2166741748051667,0.1706355535083892,0.2806726769102896,0.2554413425968031,0.1674578033411347,0.2254723818551825,0.2582968364017315,0.1988076782005337,0.4536170990781328,0.1469440694688234,0.2366004011678176,0.1330281770438869,0.1184255734250933,0.2944739615455606,0.2858235616883869,0.3462570932197751,0.2397843315173028,0.328533552870883,0.2389923584941176,1,B cell
149,0.221368764422306,0.2736946016812982,0.1985072282942403,0.3595176238364592,0.2657201238958532,0.1622020210144735,0.1565215614562031,0.2246461035134169,0.2212815110222632,0.1609574835608904,0.1941579326019268,0.2581493803704268,0.1446415416877399,0.4297796567092671,0.1282380427599832,0.2466365494594518,0.1151782255271869,0.0986359393433327,0.3270180024492676,0.2855552943642381,0.3944633496451671,0.487254353601084,0.3781300049472259,0.2945360996604924,2,Fibroblast
150,0.2012744787091812,0.2630372097844939,0.1821867300276927,0.3984229649237132,0.2493035263220857,0.1350241858078897,0.1359150937477425,0.1953447256918273,0.2037973784393116,0.1466788420544852,0.1894389993739521,0.2446034567439333,0.104285256733439,0.4579131348029328,0.1174049076608461,0.2661138406444255,0.0966841381170417,0.0829275561687709,0.3214740428890042,0.308249253796395,0.4858476506070151,0.4915485647616205,0.4522787298255465,0.3127026753732502,2,Fibroblast
151,0.2993019563138364,0.3682721429933528,0.2172266154912703,0.3466704820503855,0.2534846977829762,0.1682165292651606,0.1398490680714715,0.2239553457729487,0.310726689566742,0.2602600257336571,0.1993593929363397,0.2164256483120672,0.1389064087284546,0.3874947002517267,0.1379820514600307,0.2707553803655389,0.1420489089880969,0.1382547230319449,0.290529581642232,0.2917385010350757,0.3733600393260943,0.3125141964515889,0.337869563922976,0.2701739393275529,2,Fibroblast
152,0.3583932597379445,0.4501791439313626,0.2501563644342957,0.3137545026710596,0.2798677144920397,0.2318032435634036,0.1459685296002985,0.2478887796847467,0.4060874361353675,0.339516218097176,0.2361468546783414,0.1941792787413775,0.1990854158814586,0.3203455538893375,0.1488390067990499,0.264770996849046,0.1725911817839698,0.2262263620798774,0.2481129114296808,0.2777588758214692,0.2616865088207794,0.1358255092289466,0.2218154472538371,0.2309069283045581,4,Memory CD4 T cell
153,0.388262052794074,0.4950356886173903,0.2348166892930241,0.2999518033941773,0.2714017967513349,0.2272231945250597,0.1388836309236655,0.2558911776077834,0.4416345732435971,0.3817379127632821,0.2222644807109918,0.1851892715337331,0.1890354076158583,0.3178777483087047,0.1416199785292748,0.2701317808200135,0.1669095460565353,0.2358126418682175,0.2374256448953933,0.2652438644248202,0.2431596380037743,0.1265213987716002,0.2117725023253501,0.2227608112534611,4,Memory CD4 T cell
154,0.4187932052579096,0.5183218106454321,0.2321990606171285,0.2894417482440171,0.2497568426224806,0.200164025897317,0.1353868993842808,0.2572975332328051,0.4539883780202181,0.4095693643764989,0.2027814244100092,0.1800675131972113,0.1655727872847321,0.3197480265582991,0.1442284709569023,0.2796784187479669,0.1761692464301639,0.217057271430289,0.2432944066393483,0.2634553157259664,0.2467275409412865,0.1324590861887752,0.2158376786662566,0.2148002627098933,4,Memory CD4 T cell
155,0.4518775334345055,0.5426876051554061,0.2296589754728454,0.2784563022692255,0.2261530615700149,0.1704211769005016,0.1310728180006004,0.2584011774578956,0.4669587501432563,0.4400869008709426,0.1792950323810427,0.1742276138194927,0.1385373850976943,0.322136890267347,0.148179849844255,0.2908108468875423,0.1881417181746156,0.1962137878176032,0.2508457155281743,0.2621774454698846,0.2507054695425145,0.1393437568555937,0.2199636391396856,0.2063055209629888,4,Memory CD4 T cell
156,0.4413731951515773,0.5093377884377847,0.264902957896137,0.2821581571626208,0.2306794535435169,0.1759608338341748,0.1366894434891732,0.2579042844875551,0.4608214403899987,0.4227555831753317,0.1877614246078602,0.1778677439080579,0.1442644657037499,0.3209346357905879,0.1466801664864014,0.2805578799273641,0.1849764315316782,0.2003776308064953,0.2491124157099278,0.2636167458633939,0.2566610830220948,0.1353715017357704,0.2227963961477269,0.2098253791571002,4,Memory CD4 T cell
157,0.349499958251704,0.410006756336087,0.3134438655269111,0.3131693474349054,0.2913697241412087,0.2527943147167051,0.1526421816779095,0.2534878751737325,0.4209835852119165,0.3285791010285461,0.2558822197131652,0.1970918160042755,0.2152047123993781,0.3137356062097826,0.1362869086947884,0.2426826412327032,0.154483912905854,0.2548390808193524,0.2296154073829116,0.27022787278789,0.2555948951789354,0.113290085021593,0.2168494147682591,0.2329338201092371,14,CD8 T cell
158,0.3118915775103255,0.3758779143947486,0.328580447331074,0.3219043319658345,0.3203814441381906,0.2929494077529864,0.1582705381332851,0.2540849789801279,0.4110193198143572,0.2951595566921852,0.2872736990188907,0.2055774137594707,0.2517204209935663,0.3090957201239211,0.1306163717573193,0.2238006803824575,0.1394412581699337,0.2875852444058622,0.2172974084772791,0.267285969871982,0.2448841476058174,0.101665887078838,0.2089067316402094,0.2378063706178133,14,CD8 T cell
159,0.3410783912951935,0.3451919752164099,0.3964861133019011,0.3111956384075953,0.2951966851775942,0.2610512506542571,0.1633791799027915,0.2537644819361084,0.4164678044456261,0.3036148341858956,0.2711191123091799,0.2053942467579718,0.2265792935170088,0.3105157402701526,0.1328745775244286,0.2210177206735861,0.1494380748703734,0.263956706698213,0.2253856779482161,0.2664106657796756,0.2605991696640032,0.106518759912138,0.220398526510799,0.2293038274500627,14,CD8 T cell
160,0.3483380483520687,0.3269315562869569,0.4224967066725629,0.3045452895367472,0.2740636934814456,0.2373867254425012,0.163025207152746,0.2518742600405693,0.4078358913283549,0.3031513291518142,0.2861340879260506,0.2132896178377868,0.2159833857424428,0.3114548683347307,0.1305547979278991,0.2152123750894025,0.1505209499877192,0.2478800423833381,0.2274316358692886,0.2715430200830868,0.2861491705732366,0.1161512363623684,0.2438864778256086,0.2237002022003657,14,CD8 T cell
161,0.2532202209778726,0.3280170990134496,0.2502314099981443,0.3963104744968841,0.2554501208527333,0.1300754532026994,0.1431695823449049,0.2315826876001363,0.1781118053253679,0.1458459136045922,0.151519668505752,0.2475655898769948,0.0934898573099432,0.3603004479931038,0.3448431628719456,0.3313302827612274,0.5566767352658869,0.0931561606261848,0.4809931296341668,0.4781017585954066,0.2982070173187443,0.0580706570516078,0.1879995636348606,0.181661470086207,3,Cancer cell
162,0.2636242927209472,0.3358777967595822,0.2459254247603177,0.3725392824914965,0.2673508636065332,0.1610779185496052,0.1548124377161315,0.2416771063179219,0.2200308706486031,0.18291403201108,0.1786881548873641,0.2408209738442649,0.1321580575238154,0.3438690851634903,0.3036977628833407,0.301228988641394,0.4599417540150249,0.1310995980605352,0.4157566733382212,0.4209554442468151,0.2872219196090351,0.0900073317882401,0.1982449246698808,0.1997054303223127,3,Cancer cell
163,0.2739293265704511,0.3359372240535911,0.2753437146813411,0.3673437034528036,0.2758116767953691,0.1869765640589398,0.160978970751378,0.2243112601617994,0.2413277241163038,0.2025617680950953,0.1976899449906557,0.2241842853112104,0.1678731379986026,0.3266591151943483,0.2906541014526421,0.2909961577874063,0.440130342310673,0.1168302871526019,0.3901338261926947,0.3989338647396675,0.2837327923871842,0.1096222138058735,0.1835424351172228,0.1996789520711395,3,Cancer cell
164,0.2471295939065268,0.3180834105126615,0.2227479471236369,0.3786257150184237,0.275255380615063,0.1665628503173856,0.1427051007620482,0.2389604333660414,0.2224253491203085,0.1741160639995665,0.2038198492178229,0.237839684047105,0.1327041832322006,0.3668264069487063,0.2645855073269729,0.2823178770627134,0.3594063274108609,0.1098339142573097,0.3813708925558801,0.3985738021367383,0.3720227807595993,0.1214453467993027,0.3013891643578527,0.223510350823366,17,NK/CD8
165,0.2391397305221089,0.3310691327328282,0.2177422233220005,0.3574275364268883,0.306035227161951,0.2430883082110129,0.1407713755139238,0.238357186347552,0.2889123276571388,0.2073947746009312,0.316308740266985,0.2344318799346163,0.2215937376801718,0.3530548677969076,0.1624402353514679,0.2343572320210925,0.1497989773659318,0.1911380548607234,0.2634577520782168,0.3201028037959739,0.3922278348207245,0.1490588314083297,0.3536124637339121,0.2431479803978939,17,NK/CD8
166,0.2552098951827093,0.3260676698180499,0.2210130040852485,0.3705958905480443,0.3021893888793568,0.223843084587818,0.1432506888958413,0.2348721572770172,0.2796924316243354,0.2060802430152009,0.2564935188513958,0.2217147112644208,0.1901503855075881,0.3697317109989974,0.1789354983641139,0.2588769890365032,0.1664905956064517,0.149654576484825,0.2906553536200362,0.3264054833819277,0.3925220566156035,0.1590810858100554,0.3440730083403474,0.246364326402672,17,NK/CD8
167,0.2448421894747156,0.3202079432751809,0.2253004762598821,0.3642759368699891,0.301527059229747,0.2168486082955594,0.1419994784532572,0.2194369080312912,0.2717403151354328,0.1999471102882401,0.2496546264118862,0.2235530714229626,0.1883476039088128,0.3684475261682023,0.1661507406718364,0.2492847607981339,0.1561030566279706,0.1414659630379674,0.2899194133643868,0.3195864531959201,0.4046374261793176,0.2255248631268122,0.3604601629965012,0.2726701480557171,2,Fibroblast
168,0.228834397542944,0.2955289695041837,0.2018152006480282,0.382357525040107,0.2779475360012265,0.1794145940575093,0.1347829891545256,0.2161099114303243,0.241533745557147,0.1776285414952501,0.2275135842022516,0.2318842945340214,0.1458638548485963,0.4063269554384537,0.1575262692423806,0.2595751824906029,0.1419553539635634,0.1128324054661083,0.3077593081291744,0.3258742792780473,0.4521123748349931,0.298438034652308,0.4104080426253066,0.2811685140660805,2,Fibroblast
169,0.2192319095575528,0.2831313942120527,0.1941380463155883,0.3905682743019809,0.2662153980182566,0.1610521661815522,0.1344201791260195,0.2069481452842245,0.2254765911361347,0.1649290732132328,0.2102650654525195,0.2370491077220755,0.1284977890240588,0.4304111957021181,0.1428013237342782,0.2641105504735501,0.1274169290063414,0.1001485226486047,0.3178805508925837,0.3217285107138722,0.4634764718762502,0.3704070490264033,0.4224704845742534,0.2930790948530112,2,Fibroblast
170,0.2204905363986724,0.2842911219022636,0.2038199626349172,0.3834597993539492,0.2651644456397473,0.1638817671516175,0.1410243842800006,0.2013034392197772,0.2299870082558369,0.1692050788892311,0.2061986476014972,0.2375796731153543,0.1360672193209193,0.4259535875454746,0.1307757502359293,0.2627952098543676,0.1195532336782198,0.1090314899222774,0.3147445372174229,0.3086367841131924,0.4383106439721114,0.4076607265629218,0.3982014971420819,0.3057222404052262,2,Fibroblast
171,0.3059371019600267,0.3750083650588403,0.2406735832427168,0.3478004983497378,0.2623967557903902,0.1802521940689675,0.145242211636068,0.2237015684191448,0.3271027371351293,0.2683880579688652,0.2127476343397999,0.2055252935623168,0.1511948570611732,0.3582945815716612,0.1454943227552269,0.2749534133248101,0.1567095898879177,0.1512417087511602,0.2836436593096362,0.3058664202545255,0.3594875792407992,0.2327519536948213,0.3048607019027894,0.29413960317986,2,Fibroblast
172,0.3282830840967485,0.4026382789045272,0.2369931625394827,0.3406231342714467,0.2719673945730934,0.1998938704000847,0.1401044462692762,0.2410932121683009,0.3508156430836505,0.2883964785367799,0.2271126230767185,0.20197525345022,0.1664561651439001,0.3486153172615549,0.1645712600489224,0.2716277617755466,0.1771958882462226,0.1677602165531808,0.275621028415894,0.3082175495109743,0.3425367812053886,0.1503593069885682,0.2940316586851909,0.2432900072076669,4,Memory CD4 T cell
173,0.3841268380490658,0.4710093634485827,0.2511938527190271,0.3146417204752307,0.2560880372721572,0.196399806159577,0.1412672827162417,0.2482624217743768,0.4201763008298442,0.3597271658539792,0.2147555307317126,0.1854318360470055,0.1634974099448954,0.3242528347142197,0.1477674464449188,0.280118759708249,0.1787993702168146,0.2025650395440724,0.2537278762609646,0.2872516160784911,0.2804138028038416,0.1291756120898116,0.231617826973927,0.2391834166593439,4,Memory CD4 T cell
174,0.4228168755570794,0.5068134647193396,0.2471349447898054,0.3020224024941979,0.235402383903385,0.1714787804601873,0.1360762680575809,0.2525133053462806,0.4463501902480817,0.3978982212146369,0.1899686810217955,0.1764958805115034,0.1383513253122014,0.3251706936611356,0.1461918447339818,0.2908487280601391,0.1833263322111618,0.1885710350992413,0.2545679932521552,0.2821485352299413,0.2768021783034453,0.1285021496517049,0.2301842779853467,0.2312441634266761,4,Memory CD4 T cell
175,0.4081889215194994,0.4910030130691201,0.2361334160105741,0.2994066377613999,0.2423057643933177,0.1813168235049284,0.1389413949029907,0.2478661172801306,0.4166107166330145,0.3832942649410576,0.1911812041975295,0.1850102190887727,0.1519515026620775,0.3268798392482144,0.1617221984281627,0.2896826927530155,0.2019996784375746,0.1876578234553242,0.2683254235140404,0.280254917277374,0.2665776688409986,0.1516948469227297,0.2250496107853249,0.216135857880994,4,Memory CD4 T cell
176,0.4257132581229949,0.4688367245170449,0.3046667589128201,0.288467997767678,0.2378844024740209,0.1841636878374775,0.1428157028322847,0.256584435351914,0.4517348547921267,0.3991568967725264,0.1990716588238731,0.1825136928804314,0.1521770547989734,0.3202050752835851,0.1438401936992846,0.2693070360739131,0.178742782941369,0.2045283983001313,0.2466364803686723,0.2661611797604241,0.2648952445975945,0.1316057481219561,0.2269305864489966,0.2159664339425056,4,Memory CD4 T cell
177,0.3717732193186508,0.3890126063148342,0.3517673311665389,0.3060840684996484,0.2657121139851475,0.2180598097358944,0.1563510845655353,0.2494628410415581,0.4130193122468722,0.3346444470222536,0.2362406255368905,0.1972738874369152,0.1884264886130849,0.3164007270662565,0.1473546970731326,0.2461032947697457,0.1764047103941617,0.2254238022675496,0.2464069528519061,0.2749323875076307,0.2730741982111123,0.1274774892242646,0.2279268290959067,0.2250416314827518,4,Memory CD4 T cell
178,0.3729683962732784,0.3643365820415127,0.3990393151732768,0.3053667722353551,0.272715950681283,0.2296433001231645,0.1606979395161865,0.2551618086278786,0.4277651875729935,0.3297393642085084,0.242774497484434,0.19726257171335,0.1956821277351548,0.314490951783437,0.1351355029897004,0.2335291525113994,0.1572561031350054,0.236082481672448,0.2331255874743654,0.267535835583561,0.2699560622326166,0.1142033163081878,0.2267285057690375,0.2277133195597124,14,CD8 T cell
179,0.3726144788390793,0.3278404736280979,0.4550568369250654,0.3011574592757835,0.2748393289538238,0.236366356121113,0.166216189327881,0.2583627869900524,0.4342059332870765,0.322354039462253,0.2498917716565538,0.2007991746976746,0.2014544760000373,0.3121234115740574,0.1290481078410467,0.2181284895225127,0.1485370700089201,0.2450939191576751,0.2257453725204772,0.2608898729070112,0.2692845829287192,0.108883639305525,0.2278711435136999,0.2251664441696333,14,CD8 T cell
180,0.374922112190155,0.312706869959579,0.472580376977499,0.2971611152662128,0.2612866360613559,0.2209259823207929,0.1662994883558961,0.2561708389702286,0.4253109288555416,0.3187271701397115,0.261450462540412,0.207041304739177,0.1955269692247878,0.312840553614877,0.1286066206256658,0.2140699721224966,0.1507953774182813,0.234772836796581,0.2283503426638804,0.2651515208260371,0.2871813711734652,0.1154052762053946,0.2441744380012363,0.2210867279441032,14,CD8 T cell
181,0.2598835488200907,0.3296712260304011,0.2715922802700389,0.4097733285566087,0.2548287073268291,0.1375709104289013,0.1354682740735111,0.2105196432151016,0.1819741721743213,0.1459137098896069,0.1507894942977057,0.2335932077804483,0.0970904643628142,0.3567122886568127,0.33939788846009,0.3511187295588596,0.5406979290867912,0.0906676321754621,0.4834397278375054,0.4874265764554349,0.3047431357663245,0.0583644752392613,0.1733835927839883,0.1814735730114358,3,Cancer cell
182,0.2839328177504195,0.3391355556011067,0.2976720208785793,0.3969390877047571,0.2593566707245967,0.1442058654190361,0.1546719159719794,0.2064863286796025,0.2147115291823123,0.2058400993784081,0.1586498950979001,0.2190606210191307,0.1098959274394171,0.337681641512428,0.3146051266183759,0.3371848119876985,0.4839017234737805,0.0943854202616329,0.4362352629269711,0.4504209189843853,0.3045857864200916,0.0643844345070312,0.160187230499353,0.1956403334790206,3,Cancer cell
183,0.2726782828405542,0.3396976271444178,0.2646362393393731,0.3779778212581297,0.2752297423423348,0.1858172151248328,0.1537883154962883,0.2190993351851359,0.2379222907858232,0.1974834563961742,0.192019425881698,0.2239581186528202,0.1555839801840228,0.332219270561054,0.2833483931416449,0.3108854834922057,0.4071692324979761,0.1378243995511226,0.3909900433491327,0.4054459012890455,0.28671162439035,0.1003484024056294,0.1854671920643445,0.2025895276770904,3,Cancer cell
184,0.2497797293123588,0.3093492733013853,0.2351637854293098,0.3651393735858923,0.2728006420134251,0.1810828704097361,0.1392870557917442,0.2040622650527836,0.2432509882165857,0.1901413321931764,0.2037195061714625,0.2251200785589021,0.1546440334428237,0.3554043463489469,0.2359183196558569,0.2625730396775818,0.2922378286453813,0.1346522561744335,0.3492582757830734,0.3583430001177066,0.3800857486468004,0.2384323541388026,0.3045225156105864,0.2503010921612837,2,Fibroblast
185,0.2359546073519639,0.3056159538950851,0.1982644191063327,0.3801185627434098,0.294990674150643,0.20038813474489,0.1269558331708881,0.2332919974361108,0.2543286552117452,0.183875872004766,0.2553186427652668,0.2255626400378231,0.1599033104336861,0.3818165728735627,0.1892100839342567,0.2528683669724428,0.1644472367536358,0.1169610705094505,0.2980876518167085,0.3445117194428428,0.4724350637841772,0.1695798507813405,0.4314533407673863,0.2525055165716937,17,NK/CD8
186,0.2411172484909904,0.3121409706085861,0.2055381109978154,0.3773100389448486,0.2977262062414718,0.2090645924222897,0.133676179661335,0.2344405632827787,0.2606264878540631,0.188574408584813,0.2551168262875297,0.2264766894123473,0.1720738003397305,0.3830873201169528,0.1836497858757718,0.2550205724643398,0.1661785575603262,0.1284355490056889,0.2985358170786844,0.337904512224961,0.4392408544698629,0.1702358574583057,0.3951932848744826,0.2512502566954945,17,NK/CD8
187,0.2326979568689454,0.2972065444994779,0.2087016139587889,0.3662151061553806,0.2827698369658516,0.1895478593820388,0.132438625931304,0.2122386560539283,0.2461247437955384,0.1939610666847267,0.2428155194964638,0.2254893530487292,0.157358071442893,0.3707703794812724,0.1694449264591783,0.2525226827575645,0.1529762243015611,0.122042223925557,0.3044812307617202,0.3324323760179925,0.4525112306141567,0.2278734908979396,0.4048807989074242,0.3265576480747977,2,Fibroblast
188,0.2558073625360795,0.3252366436414457,0.2261658633620663,0.3647883436411517,0.2869015464032521,0.2020455281692676,0.1441752419165957,0.220821604900122,0.2767744994464851,0.2122409681792403,0.2362287458658646,0.2226494250409614,0.1727717018299808,0.3741425782163926,0.1604554667825163,0.258887451826197,0.1562698560225963,0.1413648693445824,0.2946723576790417,0.3163771136577722,0.3937502941698906,0.2454742940943907,0.3465594381302571,0.2755684633783838,2,Fibroblast
189,0.2425896522237693,0.3085673148464422,0.2264601542772868,0.3757899342244893,0.2777601221704592,0.1895775074343224,0.1458325703931637,0.2112197627918044,0.2583897583068046,0.1912833108572517,0.2264689700352492,0.2271307609028385,0.1620106151257889,0.3902148440904345,0.1549532370782846,0.2639665938967164,0.1589799034077107,0.1381300942509869,0.3086273699542349,0.3199355279216881,0.3956349887331977,0.2898048897275622,0.3419450077165014,0.2837770179042925,2,Fibroblast
190,0.2617472056328845,0.3237226054539723,0.2487712589381658,0.3885534082420746,0.2668181848611906,0.1664730549140708,0.1502545618574783,0.2155569503534547,0.2903425537042561,0.1986155126420789,0.2154071445862642,0.2117245664551414,0.1349693156086026,0.3844682181687431,0.1335903449252435,0.2791912616977348,0.1356311026309999,0.1244948847591122,0.2910204296115116,0.3307199021979657,0.4146230841210027,0.264080346287496,0.343746879324105,0.3229998309898518,2,Fibroblast
191,0.3406023616406445,0.4237556151274483,0.265147276263166,0.3407682203614836,0.2758810628131817,0.2116394878611358,0.1485839045815626,0.2402573826063838,0.3866431700182327,0.3039821449597258,0.2370254577388353,0.1922329751759962,0.1790955497508153,0.3265400526843612,0.1482060226367596,0.2764841755752666,0.1724760636168724,0.2001820437717321,0.2573235799518488,0.3063680715029447,0.302778465452503,0.1208487385400322,0.2398811912301453,0.2606514761097325,4,Memory CD4 T cell
192,0.3621459997029714,0.4329479444444232,0.27849484045959,0.3494714259637337,0.2563452339030502,0.1762634243231772,0.1476433237315106,0.239736057892699,0.3986548380978608,0.3095882923640609,0.2114800842110896,0.1819321061287127,0.141927626760577,0.3313446387062121,0.1443300361271533,0.2918498077339098,0.1747075807705082,0.1709187973578411,0.2638686247358984,0.3214751240257106,0.3267010689235811,0.1110011943555585,0.2488636647006055,0.2797110422798772,4,Memory CD4 T cell
193,0.3887160974302238,0.4644915028085549,0.2649517884585408,0.3260141112760351,0.2476055529945737,0.1766490650222811,0.1425716873929104,0.2455845511984342,0.4187425660880485,0.35033483298227,0.203033590648501,0.1805939083861482,0.1430479592830819,0.3279118217716253,0.1472733515448236,0.2897242844538396,0.1814272406609996,0.1823771795816607,0.2601367365091254,0.3017423449919273,0.300930550122669,0.1204603575698318,0.2390173172517475,0.2535577797153731,4,Memory CD4 T cell
194,0.3630365161677963,0.4421726567229419,0.2284924699532478,0.3206535011722377,0.2529478473429026,0.1828456342860405,0.136388492119178,0.2434345838394743,0.3797439264461999,0.3323003697459357,0.2048032141690259,0.1963169828173661,0.1509539303695547,0.3488590318528947,0.1542875687097738,0.277086636470567,0.1738508872514567,0.1685399564518084,0.2720291755848618,0.2898134406333522,0.3201040402200427,0.1811105226933473,0.2808612891425633,0.2377945950350861,4,Memory CD4 T cell
195,0.3925165147433119,0.4613882367726311,0.2462839014107489,0.318188542879829,0.2624301960764669,0.2005433249394557,0.152858824113398,0.237410799067046,0.3803278791972176,0.3379017408367353,0.1983711355118474,0.1868352743696089,0.1777868201544735,0.3247305048960155,0.1721008517825272,0.303189971520085,0.2053459946757162,0.1700294184622755,0.2811508175237114,0.2901461077175309,0.2586319951634577,0.1458816619090824,0.2053115852163631,0.2158503524131601,4,Memory CD4 T cell
196,0.4068905056526579,0.4338655891376495,0.3306520558388504,0.2944246011861316,0.2473930848608403,0.1957818747356651,0.1485014565758433,0.2542852854908687,0.4376156631205812,0.3748695697265541,0.2122166668898764,0.1883292394422819,0.1645136179495709,0.3190749764800619,0.1443840534613806,0.2593962035576827,0.1767255624722503,0.2112454481151033,0.2463336685739069,0.2688629815324068,0.2692383420400491,0.1305856434220322,0.2285501624179044,0.2192768281728406,4,Memory CD4 T cell
197,0.4137076750527172,0.3993946393774387,0.3898507184261859,0.2930918118079877,0.2427168881529739,0.1904957163389242,0.1538389970319447,0.256579509054981,0.4449683861686822,0.3690730704585656,0.2111628424196092,0.1889319958163262,0.1586202823784692,0.3187176448597701,0.138737888794155,0.249375987436052,0.1703082373887429,0.2084367131787669,0.2425383698891472,0.2669211628873343,0.2771724774526306,0.1244784578578046,0.2337592034387741,0.2206204278800076,4,Memory CD4 T cell
198,0.4095459608387438,0.3570043529653436,0.446195334995983,0.2915316616681115,0.2456955638238199,0.1969274078930545,0.1611095494635928,0.2581769135155803,0.444379858748712,0.355219796852508,0.2190639212605466,0.1932186044006764,0.1653476353538714,0.3165701172302506,0.134923695980912,0.2343736908070992,0.163959182864545,0.2142709045629624,0.2378253511367936,0.2627273928784712,0.2794322718202763,0.1209324596950052,0.2358563555708823,0.2192595603929124,4,Memory CD4 T cell
199,0.3930330147678573,0.3087018651341651,0.492017173657249,0.2993714043414952,0.2529246565611918,0.2029644075897233,0.1697769785720692,0.2557810923084101,0.4294201312130038,0.325372518978389,0.2269403117609228,0.1988097168002141,0.1722801933740939,0.3177662957109678,0.1346063144471576,0.2230156200829965,0.1607570685847514,0.2112064660593239,0.239524163907385,0.2668698687981057,0.2899291701119987,0.1210063346568328,0.2403595004767326,0.2250870619700864,14,CD8 T cell
200,0.4108222823928477,0.2971146036440535,0.5369215473487423,0.288001045148309,0.2456603235495724,0.2007985073271199,0.1707126048462376,0.2616220762208729,0.4503236620457229,0.3408352499800625,0.2258904773054243,0.1975452068864027,0.1683933907021991,0.3136085596853901,0.1277724808989297,0.2139376022127534,0.1546487403614952,0.2212498737539222,0.2303398525203545,0.2567740932600651,0.2836189147183157,0.1119606120872572,0.2388457284021456,0.2173872654916553,14,CD8 T cell
201,0.2671127896965455,0.3314156995027737,0.2968400701667106,0.4252497208987135,0.2533122204426607,0.1443327677766686,0.1267895123204005,0.1867151451680348,0.1855895729883761,0.1457498566138353,0.1489422270350179,0.2182256995221618,0.0993992965702886,0.3529165548367111,0.33495560828389,0.3722028574319257,0.5267095180595457,0.0876698861072698,0.4882000905972827,0.4997634077812588,0.3127915927906749,0.0566309929808408,0.1562567329994635,0.1807408649007781,3,Cancer cell
202,0.2718231787703785,0.3346182818713711,0.2832298296576438,0.4058283383615619,0.261795054496486,0.1591675522521094,0.1401713105857799,0.1990991722492049,0.2079352339616049,0.1695544272864463,0.1654609428590247,0.218906774314213,0.1196758812984276,0.3446607748580071,0.3127847067668855,0.3525115672640849,0.471820972330715,0.1118263199929173,0.4457411646667762,0.4589590182333344,0.303930445845556,0.0761175974933069,0.1695076126218447,0.1914320017332834,3,Cancer cell
203,0.2882745534085087,0.3406958360238889,0.3148472244361651,0.3927432230709893,0.2763549360150312,0.199298260172748,0.1491134465768726,0.1842404066823564,0.2483715234180593,0.2054949025639151,0.1943131499846151,0.1995944655347461,0.1723762319006183,0.3183726993599033,0.2818017598561566,0.3255303052544953,0.4111902246631523,0.1120972256567659,0.3938412930184887,0.4165311805455078,0.294353798374925,0.1094422008688431,0.1538601898417849,0.1990076816640878,3,Cancer cell
204,0.2631564829276782,0.3263855356724569,0.2627705111723904,0.3969605733799015,0.2767307659895058,0.1846199134921841,0.1351341335825396,0.2016667973044004,0.2377573433091681,0.182238785126699,0.2041378365471058,0.2138117875524549,0.1466496665016071,0.3549046008475732,0.2511971459313323,0.312921472961334,0.3295555322399724,0.1171392454723283,0.378933720091412,0.4065484968067074,0.3643896013463964,0.1292135770522752,0.2581945999414769,0.2233299924027645,17,NK/CD8
205,0.2514715970423342,0.3172717779756795,0.2282033711736948,0.3715622899363489,0.2908873849870296,0.2065976872068702,0.1388872847462299,0.2210440886129278,0.259042387433648,0.1973658235059711,0.238830093169803,0.2205758758346166,0.1743384761165693,0.3557569552153377,0.2150561737736879,0.2616172228560388,0.2382658130822512,0.1318873395082447,0.3177943251521685,0.3500838338491842,0.4009457176369997,0.1736324517984334,0.339400206865148,0.2407186406688838,17,NK/CD8
206,0.2585429985137664,0.3267104048343425,0.2282502712823595,0.3825111552016414,0.2904560024260276,0.1986538201184353,0.1365247101269453,0.2310672752622025,0.2839751082800039,0.2010560578612093,0.2481638650193972,0.2143733262756881,0.1598241983092163,0.3693510458950398,0.17496384011383,0.2663076214531688,0.1652425589858987,0.1312850074158227,0.2914881840327818,0.3448228507109755,0.4337940867651133,0.1512730802132403,0.374731000106764,0.2705983923000321,9,Endothelial cell
207,0.2708431204334661,0.3386830811043502,0.2448357501224196,0.3788082706317402,0.2897738443791528,0.2031505677066714,0.1435969793548971,0.2300244474207402,0.3002935185237784,0.2140144657410083,0.2473539869845303,0.209804404932205,0.1673181499869822,0.3593683344579529,0.1684093038467815,0.270758279875239,0.1679974003904671,0.1452555187752433,0.2865741229951916,0.3403490539953959,0.402040935053407,0.1433478900560547,0.3354277163727617,0.276880638295572,9,Endothelial cell
208,0.2754299297603785,0.3522633641697592,0.2573484459298088,0.3692272867733354,0.2960790790966982,0.2230311495982741,0.1509667293054666,0.2299357726858821,0.3196614195514579,0.2279906005941062,0.2591898436526753,0.2085355470396197,0.1905879797957517,0.3424682271968167,0.162937496767506,0.2660713453975936,0.174157369550926,0.1817096556869678,0.2763312187456792,0.3294918119295434,0.3549802432781629,0.1343952896014713,0.2866753845880972,0.2756482018373937,9,Endothelial cell
209,0.2796900388965435,0.3507655155350502,0.2713695662593537,0.3620633734422634,0.2933248784576083,0.214177578392999,0.1592848669916476,0.2166956217021954,0.3152806968170663,0.2301592798931135,0.2413341581490471,0.2071777986808394,0.1913547692428856,0.3429291985119478,0.1515634949591782,0.2649593854991502,0.1654690347586217,0.1653688725924468,0.2781449040769924,0.3181162790907503,0.344136067521797,0.1934383591908575,0.2740541324345396,0.2956229618576488,2,Fibroblast
210,0.3096088337881749,0.3759987337878575,0.2861760907670737,0.378246246159124,0.2986241736854691,0.2185488553419613,0.170273505841652,0.2239714266743726,0.3239185954563627,0.2224101089250878,0.2355466604671533,0.1949465938526329,0.1958981226151942,0.3318231033755121,0.1697630480669724,0.2957477979089974,0.1942305742526522,0.1621513680848272,0.2879971715926832,0.3397156517878999,0.3119174473463242,0.1056830045467804,0.2206277649997125,0.2769987098774102,1,B cell
211,0.3292786731349262,0.3941333480356779,0.2916664782892005,0.3623792633819999,0.2716187479059948,0.1927944075362713,0.1545751019593862,0.2352441174151031,0.3723981971879568,0.2722467698670358,0.2297490630924676,0.1898426692241406,0.1594617060254095,0.3302820224647205,0.1499792035536664,0.2841424202340141,0.1780698148712408,0.1809600770275419,0.2673305842241939,0.3299150743886145,0.3319228497273362,0.1089017045445152,0.2478920629555456,0.286252644709049,9,Endothelial cell
212,0.3198473251829644,0.3965205617104154,0.2785283680939103,0.3434770493311085,0.2709946818243686,0.2070713240095412,0.1506709329938474,0.235838339593638,0.3659922915455578,0.2811158786419728,0.2402945041337016,0.1969831819582415,0.1745198589145939,0.3206795005647109,0.1726690505367049,0.2725312124636575,0.2220174582605207,0.2297229993027771,0.2757088108463941,0.3224470337768744,0.3029328995637537,0.1083930898673534,0.2328629876459974,0.2526818287302657,9,Endothelial cell
213,0.3461089377367573,0.4263049082652216,0.2633354907958867,0.3250736969036788,0.2505686137259673,0.1786239883479858,0.1458887923896472,0.2325214291851657,0.3547052568149653,0.3131364192227158,0.1982294070346427,0.2008772618322008,0.1448357155546003,0.3123473949789399,0.2207672462621566,0.2881097208349687,0.3039908985149473,0.2735168490877679,0.3116071832378626,0.3361480148917073,0.2649777031313989,0.1070968572212595,0.1869621649937989,0.2057668618218479,4,Memory CD4 T cell
214,0.3714107328885299,0.4615660715560984,0.2485325904080624,0.3027155122348817,0.2536364576647551,0.2045439087344011,0.1404966471987491,0.2462013456101768,0.4066752342959214,0.3571414941611013,0.2206326429428091,0.19140512348355,0.172458942702859,0.3138982302822777,0.1753350973639089,0.2719822170992181,0.2329178534662264,0.2438710508905027,0.268112465087094,0.2887428142730691,0.2581730781583617,0.1240759761965315,0.2151935971052183,0.2123576453116023,4,Memory CD4 T cell
215,0.3339719139776782,0.4169395507310299,0.2465911483843617,0.3191709619002776,0.2754355949518854,0.2106455039348251,0.1473884832235767,0.2300249090002824,0.3637824978727147,0.3055969529044424,0.2224718976247809,0.2029558032422359,0.1875059940478032,0.3372034870518647,0.1471686106764105,0.2630565039477396,0.1668820342397301,0.1846039078123478,0.2676266776494836,0.282238540139322,0.2979647433616224,0.2143602332958042,0.2573720748064667,0.2551327895922132,4,Memory CD4 T cell
216,0.3750094189265664,0.405243562591129,0.3320292478415018,0.3213411632850276,0.2552508882031656,0.1930436039483468,0.1518215482582862,0.2462048479452013,0.4111766909503155,0.3318975609539877,0.2215808741740147,0.1900086243038862,0.1613553049247738,0.3232543443041653,0.1461679067419555,0.264638010690546,0.1775404124445138,0.1991179927349191,0.2543304889128381,0.2931135330298902,0.2989909847826298,0.1212424513052127,0.2400664204018557,0.2455463984288097,4,Memory CD4 T cell
217,0.3241148099858177,0.3181294676952438,0.3575518749436494,0.3348208798821354,0.2739147442659999,0.2088002065758039,0.1558704508622567,0.2448958304373954,0.3574864917052807,0.2673674921497364,0.2426039794479146,0.2102902402308045,0.177361670972892,0.3438258976756372,0.1524641569587061,0.2380715988766523,0.1612041447953097,0.1815781943563175,0.2628348013173128,0.296506138294147,0.3459952865986012,0.1463936269425408,0.2962730084253824,0.2436329320833587,14,CD8 T cell
218,0.3692501399462682,0.3285170129428213,0.4383899687743084,0.3248356374461783,0.2586035956585467,0.1974517199150728,0.1651605738045118,0.2486685962160967,0.4114292805647442,0.3013180117692264,0.2310211311744695,0.1954222536262759,0.1652143606764613,0.3220163329538812,0.1368930391574602,0.2423669210646528,0.164156603992517,0.201013604584016,0.2474782372834159,0.2923530208975388,0.3111785153191558,0.1091459528378027,0.2461182388181468,0.2513262826800476,9,Endothelial cell
219,0.3618768259291257,0.3128234934096413,0.4294295241847389,0.3173828732833099,0.2638474121750589,0.2065068925144099,0.1717701738833953,0.2423902269656524,0.3842768417090366,0.2962959661872189,0.2267548572157859,0.2040737716725551,0.1814227071986357,0.3221759072645133,0.1564905857346353,0.2358651595421414,0.1870315684729858,0.1915984398465134,0.2632130493719016,0.2852689534162266,0.2956964171742051,0.1398202741085608,0.2347581366824979,0.2302367503026045,14,CD8 T cell
220,0.3760870812798163,0.3084912019234559,0.477180269722608,0.300461790400206,0.2540228299407582,0.2067513735455173,0.1671255828548455,0.2531293996040921,0.4170762816470433,0.3162420153972898,0.2335641528084945,0.2022807314759603,0.1748290759238853,0.3115499800426566,0.1519799916527254,0.2236384445883935,0.194311138234791,0.2444577461655362,0.2494848408894934,0.2773327984770887,0.2812403143007312,0.1087276419744983,0.2290377818443774,0.2168113524128767,14,CD8 T cell
221,0.2716392591889692,0.3324274110251536,0.3167800475694785,0.4402645252671741,0.2514171444189007,0.1486241161882764,0.117125268975827,0.1666296152620753,0.1848412990536474,0.1410071625347136,0.1456531881607067,0.2063432715447691,0.0992882354784679,0.3513953408408512,0.3338240016938994,0.3924363608938911,0.5224957884656196,0.0812721089138272,0.4979847547943889,0.5152947103029066,0.3197709021458369,0.0535913713575284,0.1420921096826161,0.1788033219078863,3,Cancer cell
222,0.2821563350660738,0.3401426729636053,0.299480147685763,0.4205356323201996,0.268654840880442,0.1816146949801433,0.1325785547050504,0.1747021168577135,0.2184820417726401,0.1704060910322146,0.173278903404058,0.2004092683447306,0.1369815767121733,0.3385293527677765,0.2943516370443195,0.3819924080337147,0.4251464448612889,0.108569069402494,0.4342208089731453,0.4562636654533078,0.3064922085616675,0.0836417321373689,0.1570837702121338,0.1939175400366697,3,Cancer cell
223,0.2725096424453642,0.3353375557917196,0.3064423586783936,0.4069926905648489,0.256772236217007,0.1563668801688197,0.1381288207935324,0.1836734250898376,0.216585549996145,0.16822889558754,0.165844875698291,0.2128469156677445,0.1134505344937188,0.3285737493091085,0.3196029236849097,0.3523961901673182,0.4765796542154007,0.2059768355436139,0.4429708846820717,0.4682328284487608,0.2971350266639867,0.0636245749328778,0.1390986701659438,0.1845563497269438,6,Antigen presenting cell
224,0.2726048544311358,0.3461259398209047,0.2909960501866799,0.3860957609329077,0.2779520506393931,0.2078138384060427,0.1418120581276002,0.1958870219286553,0.2572722215339503,0.2010438648889917,0.2132934885523163,0.2086615819878793,0.1690674105845165,0.3207322321909416,0.2705327610123008,0.3194033081971361,0.3906391963689627,0.1942214179415403,0.3819688771149562,0.4087348944587968,0.2883212510405086,0.0873258001824625,0.169151866143897,0.1997559324708189,3,Cancer cell
225,0.27970998953893,0.3343843692880186,0.269913723541145,0.3724201306040293,0.2852058936697546,0.1970026535744029,0.159301496935439,0.2172859463771946,0.2711068301511478,0.2295946317312524,0.2208631760244494,0.2102275630840347,0.170675886801339,0.3375242071714993,0.2251127199690691,0.2810522889526867,0.2746530977886143,0.1264722551792786,0.3252292692863903,0.35674976770951,0.3524720323724635,0.1398567307502725,0.2581162339453719,0.2373801609041662,17,NK/CD8
226,0.2517593926174436,0.333839347825941,0.2361460966925746,0.3587887027463614,0.2958775205172202,0.2298021739630698,0.1431668547818092,0.2311055688194058,0.2935606479518817,0.2157401922723568,0.2678857659637387,0.2200238438052441,0.1962996264917141,0.3437422424267962,0.1916844230011576,0.2524068802332044,0.2151462163388733,0.2088413676684752,0.2915810639902907,0.3302381628519775,0.359447545813408,0.1415314933584356,0.3072268928637532,0.2434489814279196,17,NK/CD8
227,0.2811808409529751,0.3446128804865398,0.2613661814568075,0.3840199700842951,0.28192542659849,0.1892770921503832,0.1463182389461806,0.2281209592973703,0.3138459841743345,0.2165631635607922,0.2383764059591838,0.2029593349834327,0.1534721627523251,0.3557179668343774,0.1593551816353404,0.2777619487403174,0.164716684212889,0.1394755786582579,0.2844323243416589,0.3470441102361934,0.4038103061803959,0.1369666896882949,0.3251702667327764,0.2973473364098832,9,Endothelial cell
228,0.2891373559097733,0.3567024422834923,0.2718720943223042,0.3837718989485231,0.2856855738708411,0.1995670515828176,0.1532599478965484,0.2285020693181779,0.3260857811018502,0.2223756254233249,0.2379641755308995,0.1990420414831686,0.1647585297055423,0.3470331557886959,0.1588593395945584,0.2869115222117016,0.1752089015956537,0.156482123033934,0.283291159466014,0.3453313524418486,0.3666132668537031,0.1229007446427094,0.280664867607739,0.29527705668399,9,Endothelial cell
229,0.2903503039205238,0.3588982673147474,0.2868543190741763,0.3759422341322074,0.2876346737954001,0.1979846737788172,0.1590606323889523,0.2181434362448873,0.3324866688612327,0.2256389916368732,0.2324655418146628,0.1977650000241382,0.1714057236774852,0.3439177831000314,0.1403664826303859,0.2765439043615144,0.1559295049550619,0.1526519105853214,0.2743928432690431,0.3325674422580832,0.3590513054274324,0.1691000980521884,0.2738527819902253,0.3151840556836841,2,Fibroblast
230,0.292709398668235,0.3864740675187147,0.2749803571839378,0.3679612735893644,0.3063447418942098,0.2423929179556375,0.1562460154811991,0.2380568641455183,0.3718311465602151,0.2511553005526745,0.2613716802952257,0.1949029253042356,0.2026130343291639,0.3249780280572084,0.1384399921930516,0.2682298811656889,0.1517715043848206,0.2183020108446254,0.2477174871929502,0.3197313776311741,0.3110562878173638,0.0993197444661501,0.2367094676316141,0.2952660917320135,9,Endothelial cell
231,0.2800859548061417,0.3717934059721621,0.2729473737112282,0.3592784085182524,0.299487370856325,0.2411812522281184,0.1549039000989375,0.2335341302984988,0.351777844236517,0.2431955469650414,0.2970799459109693,0.2099573803040347,0.2169417807640941,0.3230928595591835,0.1399124390720966,0.2548772635271099,0.1547370404593331,0.225173388041123,0.247546893535659,0.3201754216291294,0.3242363496004919,0.1114673836892004,0.2553643963737987,0.2797504273742536,9,Endothelial cell
232,0.2760132817813006,0.3589286762591039,0.2798484823991666,0.3515588236115089,0.2846905660591211,0.2280915185123828,0.1547447573527369,0.2318395918438943,0.3384701761042514,0.2401654789149634,0.2676295880927544,0.2064137880744689,0.1964742391039774,0.316231914420388,0.1842835240083526,0.2590529046394447,0.2419294881641001,0.2659957795668474,0.2810855261714161,0.330478831578894,0.3035049717592792,0.1021793416588552,0.2334587352799332,0.253925931587981,9,Endothelial cell
233,0.327949951188333,0.417207534975632,0.2580684534119796,0.3157222739747408,0.2659686561961342,0.2192120476699098,0.1457448345957677,0.2391113813636114,0.3713131298055511,0.3112047160113487,0.2410814223447709,0.2009461641074547,0.1878326957671134,0.309740335048117,0.1933727495579587,0.2634198660374843,0.2630534637039169,0.2723082706640192,0.2810484899841369,0.3051497007786535,0.2626893512580703,0.1155392505063897,0.2120090867268534,0.2138370190711027,4,Memory CD4 T cell
234,0.315744806715812,0.4158062482232447,0.2520944113331702,0.322506679083364,0.2881271103441573,0.2463410792451571,0.1481151743842285,0.2418324639116312,0.3764520169388232,0.302272413022469,0.2580067111914171,0.2027897544213927,0.212055819647587,0.3118102694319986,0.1731893189102636,0.2568535345266782,0.2188464711888432,0.2700607194481544,0.2618686823827407,0.2954822776800063,0.2588512361524507,0.1165906538645892,0.2129155718966056,0.2259279398618138,4,Memory CD4 T cell
235,0.3523489749385692,0.4186476906935593,0.2675836455809747,0.3379480108207522,0.2618108387572896,0.1900322921669486,0.1526811207048997,0.2260567593900631,0.3351149535006241,0.314821296124582,0.1925511339054072,0.196960176496924,0.1607555576603985,0.3159303544490193,0.2225998730672515,0.2984139902097866,0.3045020216098892,0.1596501833573519,0.3193190637431972,0.336542509435197,0.2710466807232762,0.1169859208433487,0.187626144909654,0.2086525032457247,4,Memory CD4 T cell
236,0.3216486918664006,0.35039063402227,0.2814263548670379,0.3289377736829066,0.2766419638034688,0.2138825843177727,0.1626123045908291,0.2222158375288607,0.3191941165404721,0.2413144327255378,0.2203508472553922,0.1931135231618181,0.197979549007514,0.3186489900654908,0.158441475220608,0.2488320842299161,0.1667542527605105,0.1566919075439575,0.25958848518925,0.2883348156365632,0.2790751407121423,0.1210462378372194,0.2188145744869931,0.2239577136040517,1,B cell
237,0.3388072499449865,0.3471692392708438,0.3705829465428025,0.3450930057428976,0.2696004577685367,0.2011405244230316,0.1615402320418369,0.2405483144724994,0.3836661684283722,0.2768305510354706,0.2379321701298165,0.1962862473266005,0.1696119930856422,0.3268384781068252,0.1441563292141577,0.2569319479849842,0.1703531757945142,0.1931018202344541,0.2576668776169634,0.3108360097590819,0.3245031912387146,0.112821918495571,0.2507373495956481,0.2688064792571266,9,Endothelial cell
238,0.3388737398427591,0.3185166135984231,0.4019119724677508,0.3149568584018931,0.2736140406889842,0.2171647248290522,0.1648172868087932,0.2369234666258448,0.3768564680844328,0.2839914389731253,0.2373190199890983,0.2081342342263728,0.193851428873995,0.3278339726880676,0.1418540761868213,0.228976256995751,0.1647779610602635,0.1978115029722696,0.2559554114562793,0.2773413738661655,0.3027044359457815,0.1822051919339384,0.2543680044407396,0.2457264036072818,14,CD8 T cell
239,0.327578409607311,0.3191674380555517,0.3962697918868547,0.3313922400300527,0.2537494028748763,0.1794241258918723,0.163124431474444,0.2315754205098267,0.3380301367773432,0.2644891645673603,0.2082929410927252,0.2129530352654008,0.1456999685599277,0.3085128338826813,0.2259475815190345,0.2589529956894661,0.3133244600887415,0.2985193822008425,0.3159034309705276,0.3457126229345276,0.2784962908219129,0.0909574608375419,0.1858947401834282,0.2044287949955847,14,CD8 T cell
240,0.3479718939363191,0.3200358934390392,0.4270503185948718,0.306588874905499,0.2638004268752116,0.2212163053521949,0.1637047614316805,0.2489143604768807,0.3985876607438552,0.3004433619828764,0.2502841301074871,0.2056984720454696,0.1904231910025151,0.3092136338525139,0.1621072018901548,0.2258245364359151,0.2112241831249898,0.2632796092454034,0.2549474951661827,0.2842805289698956,0.2771829467315892,0.1081172724489257,0.2268433707991076,0.2174848981472521,14,CD8 T cell
241,0.2772262384429688,0.3338266756272887,0.3387483430615113,0.4536822369368782,0.2497980730031916,0.153898064598357,0.1088640478246216,0.1462250444911923,0.1868081323599883,0.1399293168705898,0.1434467704631539,0.1936692702780181,0.1007436880972544,0.3477916733019684,0.3316094659982578,0.409962587873135,0.5152558146857418,0.0770668920710997,0.5042101709011186,0.5280192237863393,0.3262803980492809,0.0514396216979069,0.1268367227867272,0.1775963203465757,3,Cancer cell
242,0.2775797087657943,0.3345322574775608,0.3222193205341811,0.4321596242337468,0.2572562481127942,0.1653114752805053,0.1231974188110423,0.1610702730906651,0.2049417400048379,0.1582006559701967,0.158886763294477,0.1984239399689799,0.1185828233638257,0.3401905169882201,0.3168569676072784,0.3841064338686906,0.4761697927023502,0.105852567607859,0.4671709636676736,0.4905759944363301,0.3162537451205315,0.0701766344861282,0.1406946025581985,0.1857273002388191,3,Cancer cell
243,0.2711906593923764,0.3215376207557993,0.2984367328166548,0.3966036924653703,0.2538930566979634,0.1581961556852806,0.1348386607129038,0.1691442458076989,0.2142514804863827,0.1754088771726069,0.1548973603745892,0.2111157984315804,0.1269232247921384,0.3372020346338502,0.3068359597182752,0.3283225946888771,0.4570896803611186,0.1109202984431693,0.4373006789164023,0.440174791312758,0.319924469691342,0.171314101511799,0.1718648774717532,0.2109043727760874,2,Fibroblast
244,0.2901197365109343,0.3386286468723501,0.3019146318714351,0.3851295309903139,0.2656290725913471,0.1802170034736527,0.1625815643127601,0.1863883476891241,0.2423489151080192,0.2497320182425879,0.1804935345254233,0.1987162215476952,0.1460830277049183,0.3140582090776833,0.2904205696375241,0.3428556341214187,0.3965922747596658,0.1256754476576507,0.3858222425463579,0.4076143609108667,0.294558710526564,0.0898956984355029,0.1541689057787288,0.2086471383695991,3,Cancer cell
245,0.2740812748274086,0.3305351915672559,0.2830672128811467,0.3271740510622183,0.2610409561878685,0.2070119528803916,0.1705175747660015,0.2003819833609104,0.2802394317731436,0.383222967062915,0.2306537555500439,0.1951638740835785,0.1791994983383197,0.2820286291303825,0.2493200392526948,0.2972057708375895,0.3279553120877874,0.2445514966424533,0.3060872114679137,0.3299149082806598,0.2791127399684394,0.1042299605489654,0.1763660367073616,0.234194902056765,11,Memory CD8 T cell
246,0.2580195217609005,0.3080317387264669,0.2526407966641898,0.3314100800838834,0.2651231508629236,0.1925480740425681,0.1626944843030104,0.1911654641861578,0.2592528201839253,0.3492973009278592,0.2250011870706172,0.2019711330444299,0.170698010946658,0.3179689840831106,0.1887334120015261,0.2825810135716472,0.2034660714599178,0.1500682132855703,0.2905772772541813,0.3060744983632301,0.3590195076078215,0.2183736173149816,0.2793775759867822,0.3197423817608277,11,Memory CD8 T cell
247,0.2976479764110868,0.346335903945705,0.2933021120621592,0.362495920653661,0.2646948204307896,0.1837710183640641,0.1666468950880895,0.2089553249842703,0.3161397013013794,0.3350684577607441,0.2237638430374299,0.1841947619916497,0.1535355450972844,0.3160361163967667,0.1791776204603044,0.3034136159376195,0.207815434720007,0.1535839483480424,0.2791798282301004,0.3354820058864284,0.3499311791092679,0.1170295948832267,0.2407951675733498,0.3038219973528691,9,Endothelial cell
248,0.2955788970986929,0.3581638493512674,0.2817153158484611,0.3929853061311424,0.2769490523079553,0.1791795681565038,0.1514365844773499,0.2284757988140112,0.3356515052548644,0.220438582939425,0.2320256728101586,0.1929570341382057,0.1428066589600805,0.348229068559951,0.1495793810848395,0.2890866570265782,0.1630622940932085,0.1388596226822894,0.2787277363069708,0.357185166068253,0.3967527848220473,0.1112573231653402,0.3008987961086182,0.3151499489404498,9,Endothelial cell
249,0.2816621170202104,0.3391459620417758,0.2725846782710857,0.3725521371605279,0.2701284213331141,0.1757411799737218,0.1624956603193454,0.220895369233739,0.317612133799219,0.2186263029515784,0.2244927855369163,0.1962933670645517,0.1495212536338998,0.33851311546197,0.1422571205594492,0.2787730259408288,0.1504513185774512,0.1372023951898017,0.2805220785135419,0.3377917351850159,0.38543877136379,0.162249129690478,0.2981848010624078,0.3870206827423887,9,Endothelial cell
250,0.2907088462368097,0.3707005799364336,0.2871121246370027,0.3740039635490159,0.2863628641794751,0.2127379428838888,0.1557681890156458,0.2307870221132085,0.353016457335672,0.235351621515407,0.2810851219157005,0.2027261069876488,0.1885656708713149,0.328187290666774,0.136061316115389,0.2694391463694455,0.1539579188507356,0.1938669041309354,0.2545883072461838,0.3388192440608141,0.3509868825167767,0.1019246962161555,0.2644418756174881,0.2995280835075097,9,Endothelial cell
251,0.2914318203051148,0.3654584071915685,0.2921672306543587,0.3680211233000546,0.2794045152148056,0.2069756826239823,0.155979663780223,0.2307689510187062,0.3487983442808952,0.2375732932434084,0.251301395578015,0.1974030290307289,0.1735513443998143,0.3234043837055411,0.1678374738947798,0.2736830364746889,0.2146719225555373,0.2236141346592195,0.2776703820998889,0.3426951000980269,0.3291315318015609,0.0949752210776347,0.2429706700136722,0.2823035142166334,9,Endothelial cell
252,0.2841987501502442,0.345512783222318,0.2908710167499151,0.4473982696778297,0.2729261405834531,0.1999175343218576,0.1550520165536655,0.2127156666963068,0.3741232788977206,0.2987586708507913,0.3072015314578572,0.1907116999394583,0.1732622902898735,0.3076908122939534,0.1621768885444309,0.2525690860644125,0.1748897754925795,0.1635390199317251,0.2555972987932933,0.3305881367899316,0.373824713354087,0.1026393653524566,0.2285377399641331,0.2710315085909427,10,Neutrophil
253,0.2526064690209358,0.3318537647042879,0.2755928958180392,0.4413266039235084,0.2777350231259797,0.2300910232143979,0.1509246043256853,0.2104754125229982,0.3639474387050144,0.3053624629278062,0.3460953350025102,0.2016965893785807,0.2062213387280659,0.2858655374974598,0.1975469227088578,0.2270180336220733,0.2399435116758283,0.2390861220472334,0.2630903195366885,0.3227060790259584,0.337926200823752,0.0965335367182317,0.1981934801846403,0.2231992968794582,10,Neutrophil
254,0.2863269301527533,0.364047606453263,0.2565820701082518,0.4075340353417974,0.303099875016839,0.2534430458010424,0.1520464274633754,0.2073334748573536,0.3234734527368005,0.2820834875737467,0.282275447721722,0.2078120533170835,0.2159321643355309,0.2865414644440103,0.2241013849815441,0.2609576073813169,0.2753439212093646,0.1940734208321809,0.2906291690024208,0.3392075388720702,0.2887271090832605,0.1061641911714706,0.1808614411243983,0.2050717331577393,10,Neutrophil
255,0.3247315239193949,0.3799526310984175,0.2672957634784,0.3679299057234331,0.3266579018498197,0.2810923109268006,0.1592058262484903,0.1933418628986376,0.2589342227955883,0.2494365367367908,0.2093197641618897,0.2152764319142412,0.2429386944437025,0.275395221877774,0.2690228390485463,0.2867460704356881,0.3772049870524235,0.1221758129163915,0.3323858152729042,0.3563336424154632,0.222507979257146,0.1358013398795585,0.1377686405867437,0.1733597607026371,19,Monocyte
256,0.3169591658640552,0.3746206288405174,0.2673611567493622,0.3797887605357941,0.3150420872802255,0.2527538439091569,0.1631979521976571,0.1995746045587343,0.2611702595288874,0.2463290513018082,0.2013706265548973,0.2191493326253668,0.2178001830909999,0.2902715995752791,0.2668395886261875,0.2958706047540311,0.3580854981371862,0.1345177130937603,0.3388963559453697,0.3638716180635457,0.2382002053430602,0.1138019604978033,0.1455370614072083,0.1834639100016136,19,Monocyte
257,0.3060212353747086,0.3307370386637492,0.3368433865905018,0.3280129793505314,0.2864126706529184,0.2245459567949471,0.1612602284684181,0.226374611298143,0.3445529491359635,0.2600106424519987,0.2451383753650164,0.2130940284246094,0.2043089478037526,0.3344114389517769,0.1463165207922658,0.2365094088320624,0.164399104347454,0.1911348362346215,0.2653278492172123,0.2869667713644531,0.3138796147941671,0.207046821364515,0.2644011789959708,0.2602550087321926,14,CD8 T cell
258,0.3455162569503346,0.3300575522111816,0.4022499413139089,0.3452123201745817,0.2622271131073807,0.1850609129500284,0.1703399628834069,0.2233442821540223,0.3364043172697777,0.2824574652900284,0.2024868636818823,0.2006825279432975,0.1567837768735316,0.3153711487983679,0.2142711182314206,0.2725743537748218,0.2947203246391182,0.1676505399769348,0.3153443650863451,0.3416771555586282,0.2933687969488154,0.0988741011053017,0.186958415824545,0.2145208880085305,14,CD8 T cell
259,0.3262102838688743,0.3351568020572275,0.3730158219402382,0.3206605198093363,0.2711579573784368,0.2224712442568429,0.1614174542898641,0.2403462404096003,0.3722154937300628,0.2836989677148021,0.2513427359742912,0.2071572637652941,0.1935112519939542,0.3113866581587007,0.175001683301268,0.2387259701968232,0.2273693902911827,0.2530742877787123,0.2683008362714816,0.3002038462171293,0.2835625918483458,0.1146715465387916,0.2247967177266509,0.2250554024521062,14,CD8 T cell
260,0.3091524799260297,0.3320756359945937,0.3616638102947044,0.3161922992949622,0.2728972789484759,0.2329362615261746,0.1593155343610811,0.2414312995023249,0.3670912368819966,0.2755885092898527,0.2643200274207395,0.2103102167822509,0.2028390869137757,0.3056711153270519,0.1856072418722351,0.2322872108781228,0.2521466908919206,0.2946337586806537,0.2716845559384775,0.3006435836191646,0.2715513957916829,0.1046553764041541,0.2191590555433836,0.2158046411891305,14,CD8 T cell
261,0.2884394695173755,0.3384287459872596,0.3465409947675655,0.4422916028735715,0.2533516481124096,0.1528228171879835,0.1238986710321418,0.1525628037706431,0.201789963705232,0.1693586890260595,0.1467034022475951,0.1921056154826184,0.104858557930746,0.3395896083899526,0.3222409282042394,0.3944052518878856,0.4955794108787429,0.0767848443417911,0.4796855960099175,0.505732533704718,0.3235725167508923,0.052580267156886,0.1229932043965852,0.1837502399040233,3,Cancer cell
262,0.2895985505405272,0.3388260458107031,0.3356119895601371,0.4278459104311901,0.2562200736499603,0.1555977683915592,0.1345003638293919,0.164418020144676,0.2110590684020157,0.1869438331708819,0.1532903347168243,0.196210069589223,0.1120228758919963,0.3352420571989118,0.3157214285123821,0.3781282486587612,0.4784510244558824,0.0854006773586207,0.4588043005445928,0.4828902344257355,0.3172934562822938,0.0610499174525602,0.1320323332033711,0.1892691875417506,3,Cancer cell
263,0.2865258007140289,0.3263695337607274,0.3284563090873937,0.4016318838454857,0.2454886321241673,0.1555951557950981,0.144765838117408,0.1584337062726461,0.209996254314521,0.2928420605933609,0.1563610115257515,0.1856693656088131,0.1138424502368618,0.3154079795365193,0.3116787563956657,0.3822839723678602,0.455028534899937,0.0960983327749594,0.4294769034525137,0.4501727873328485,0.3156858625550842,0.0688086364647406,0.1341428237757897,0.2073411601313583,11,Memory CD8 T cell
264,0.2911289620254537,0.3207195248245263,0.3190238937065345,0.3660683458877561,0.2421481766320249,0.1586357879818812,0.1663074924592668,0.1661728086808808,0.2259369787340727,0.3969895369699841,0.1669299381321646,0.1800656893411114,0.1242740532989301,0.293322305638882,0.2960182720858873,0.36337046132774,0.4111964888565503,0.1143367264170161,0.3783501434487791,0.3972566753696684,0.3080343217740752,0.0824898332568444,0.1407776450843821,0.2278277772333179,11,Memory CD8 T cell
265,0.2744991059541022,0.3203915265656439,0.2739812045992963,0.3527941164309002,0.2468785037565576,0.1520476114237738,0.1715801732151685,0.2054973143095502,0.2184713330139461,0.3492844355901067,0.171257918967465,0.2086702373065431,0.122827718438538,0.3078525636743302,0.3055066780394395,0.3314892238638296,0.4393467838078568,0.1237562973769689,0.3840544032690416,0.3909615305162848,0.295760153908955,0.0849596728317268,0.1719965982866012,0.2236042262697379,11,Memory CD8 T cell
266,0.2829398386133602,0.3007832189452551,0.2954507376210553,0.3115914360489701,0.2294603860487589,0.1669108804195054,0.1875105900386865,0.1659901245301787,0.236639469952624,0.5636502992543412,0.1849230806683774,0.1671260116427749,0.138971184202964,0.2573161985462205,0.2768221165316654,0.3508612652265787,0.3455908888050127,0.1660700292904945,0.3094005907016134,0.325266810754766,0.2987441720912709,0.1062654436259818,0.1534325028064606,0.2627956192323502,11,Memory CD8 T cell
267,0.2854263905946321,0.3350578042560294,0.2803325309114103,0.3339204853264026,0.2680442097866647,0.2103603839175948,0.1714608931585878,0.203620576918371,0.2999284860794108,0.3862912673502738,0.2385297544740005,0.1893378080363679,0.1861595965427569,0.2935491453908074,0.2001265461880854,0.2914744586459064,0.2293043441755332,0.1830420305889896,0.2718088937020024,0.30795591891506,0.3049629478030384,0.1254414803869162,0.2088606221393235,0.2666570639274747,11,Memory CD8 T cell
268,0.3088544498827367,0.37343376628775,0.2974280964966609,0.3876064395309281,0.2771374331747041,0.1859996828719554,0.1596391684091659,0.2285022664379431,0.3546480810783252,0.236682668946092,0.2306961171669294,0.1875743204878315,0.1526156499349438,0.3358883229239474,0.1451363704572978,0.2929697400398757,0.1695057897414686,0.1571067181168204,0.2724092945385279,0.3504532361083242,0.3589345145127181,0.1025943153605677,0.2565785324479582,0.3177166781282307,9,Endothelial cell
269,0.3153967583926007,0.3738413299444109,0.3097922261524399,0.3991490137091197,0.2698173158370873,0.1678982229493947,0.1588169368378941,0.2275307406620082,0.3616452898529034,0.2289560188055415,0.2226500910875768,0.1819802294153112,0.1325180222545616,0.3388312042546973,0.1374577487084725,0.3008525593966581,0.1626998753827098,0.1402658375303545,0.2731395729876198,0.3649588112445823,0.3803489215026889,0.0879965522943714,0.2654617627908052,0.3366488262529523,9,Endothelial cell
270,0.3374243094748745,0.3552105888564303,0.3621314500194522,0.364938647514637,0.266231361123865,0.1841395934350972,0.1615865932224579,0.2369318026103032,0.3829153440075299,0.2625255651427436,0.2291611873800829,0.1887984761319161,0.1507766079103229,0.3306413522079465,0.1383678089295587,0.2734746857842353,0.1641396628123211,0.1706790454998774,0.261047883796231,0.3307643030554917,0.3468813376418473,0.0986224018488726,0.2557582068330761,0.2959429201325852,9,Endothelial cell
271,0.319577117153286,0.3666241097282124,0.3261105375404804,0.3914040058033872,0.2709778913702672,0.1640114770776369,0.1692290104048257,0.2164725189614841,0.3195317076384999,0.2426515194790283,0.2011293786593275,0.1894833629221871,0.1347130638226819,0.3285973723425456,0.1980994981810775,0.3054247699800356,0.2688476081876276,0.1222024027467741,0.3167059712018633,0.3803109479530219,0.345254725040309,0.0810502529071875,0.208300263557961,0.2792987297714276,9,Endothelial cell
272,0.2516934541572981,0.3155292719015183,0.2578407912540583,0.4808619899966114,0.2747410715832966,0.2030823078932073,0.1450496921519488,0.2051831697013823,0.3551800750494892,0.3040017206807884,0.3418153137676541,0.1996678160688541,0.177178325091301,0.3111061331374236,0.1758077831140534,0.2302576735884627,0.1674797852394114,0.1439468223676449,0.2571278991473678,0.3256998856997674,0.4179574203867903,0.1262303987409239,0.263577006920667,0.2491831297937099,10,Neutrophil
273,0.2464904298513544,0.3070398251163074,0.2827590609987784,0.5861541488389035,0.2580007063773477,0.1980679225665708,0.1461864187915514,0.1868418870557912,0.4270129320041354,0.3950086110972606,0.4334241010597372,0.1822870850478023,0.1786916980507129,0.2627741863911049,0.1721637503180276,0.2008361914713939,0.1577157947137933,0.1464134613072726,0.2195253412876552,0.3185979231301769,0.4348404906215077,0.082588822060694,0.1873321705095407,0.2335146842164434,10,Neutrophil
274,0.2838771242399734,0.3502376319291728,0.2583530786194589,0.4624053667578274,0.308477867972153,0.2523107044191221,0.1545351320460699,0.1911612899536807,0.32858964548148,0.3035753067616616,0.3046486821929371,0.204408968263651,0.217500375365555,0.2710615212136182,0.2315785411005473,0.2503601279005923,0.2626372915364015,0.1427811703208524,0.2831248691750331,0.3543214109582775,0.3071054551042849,0.1033130760893938,0.1598995861498178,0.1970158425557849,10,Neutrophil
275,0.354799631422351,0.416000472879896,0.2287332324756201,0.3836120421512436,0.3581237907894899,0.3205691380736811,0.1474840111605565,0.1830866934524456,0.2238036833593022,0.2585396654857396,0.1833021822186269,0.2303263603630229,0.2471880192769046,0.2529312442548355,0.2951239915848431,0.3041048369862303,0.4202885799125455,0.1073905403751795,0.3452473357818889,0.372149177424435,0.1757362427767903,0.1168838317922143,0.1062126085541038,0.1353513286464198,19,Monocyte
276,0.3044974986348011,0.3815942177465184,0.2446628459207797,0.3519882556756852,0.3322901205758203,0.2972922279947281,0.158910100053387,0.2146745471148528,0.2876823547937849,0.2412780240183228,0.2859398636084266,0.231046255953446,0.2726112219145539,0.2873590175498905,0.2123340896988405,0.2580701248765822,0.2615956928074049,0.1998937586674864,0.2824617508147263,0.3328923023462578,0.2416626098354212,0.1185342475196734,0.183565633034358,0.1912056044566496,19,Monocyte
277,0.2527276570759354,0.3596129173493884,0.2555743755554493,0.3327752218953603,0.3072019785766714,0.2757783707721071,0.1544626516087172,0.2314395431506364,0.325222360418276,0.239033256140204,0.3467344816050864,0.2331846957448251,0.2679375037249893,0.3067115461176553,0.1661392673328583,0.2275814352101345,0.1998456319732041,0.2835669954419799,0.2515563228230174,0.3086240035054726,0.2859617574481977,0.1221086683706954,0.2373672361217496,0.224561075039912,8,Macrophage
278,0.2816631889906881,0.3487567423993385,0.304097750129938,0.3263312003579851,0.2909313543701819,0.2528360365486248,0.1567826292990128,0.2365835671245607,0.3490827190269058,0.2590154340218922,0.3033198020133122,0.2202628670767764,0.2326696387828278,0.3100373843656528,0.1678337394256565,0.2307161925249543,0.2100125587165292,0.2809550363529542,0.257372288500055,0.3014633572313416,0.2854976148715509,0.1203600009593916,0.236108869865583,0.2284613769958074,8,Macrophage
279,0.3005246028687204,0.3560417873067943,0.3229179653247874,0.326300328477168,0.297861551690927,0.2603350494783736,0.1586759442639092,0.2425682404850309,0.3722175695971125,0.2748836133559267,0.2805280992734923,0.2106381361846384,0.2289961375529897,0.3095311448272537,0.162884959239711,0.2342282483438253,0.1991353009550917,0.2752317535166418,0.2509295849059528,0.2925652759404131,0.2686255702858521,0.1095475335101628,0.2195608667575778,0.2303437032456264,14,CD8 T cell
280,0.2943545105934006,0.3493587396977173,0.3201428449185124,0.3258184030767555,0.2872213269473511,0.2459375213174228,0.1586725843977403,0.238366025009335,0.3562242545734994,0.2680056185793187,0.2673996858502602,0.2113115088559569,0.2137971903996378,0.3065470524368031,0.1881679663143343,0.2397966266586653,0.2476992249414801,0.2950431274382896,0.2724997923033285,0.3056231344450447,0.2655060056153955,0.105465982060246,0.2103388190011331,0.2209356989510261,14,CD8 T cell
281,0.3006035676811622,0.3441117490877848,0.3535705545591659,0.4288543016552854,0.2583456721473457,0.1521941789422339,0.1408182274495805,0.1618336612792316,0.219493835482625,0.1975909474712566,0.1514269224329628,0.1918656899612826,0.1107050989755169,0.3313385663132369,0.3109314845358945,0.3737948260138871,0.473413787501785,0.0780103033939659,0.4518143166953224,0.4799881471349284,0.3197841300268406,0.0551131969188848,0.1202829235624728,0.1901199913764914,3,Cancer cell
282,0.295833944484135,0.344619575238782,0.3258678945316737,0.4129113363965354,0.2643619814083726,0.1654161509254127,0.146976587844979,0.1791037797335778,0.2330343858507799,0.2008591723919484,0.1668893867259479,0.1992912912364001,0.1269011795163825,0.3302929542750505,0.296004076624772,0.3549861318804296,0.4347511572354299,0.1003387638966652,0.4236946829133691,0.4510849153995663,0.3107268482551924,0.072509200909943,0.1451957753800946,0.1985840622046308,3,Cancer cell
283,0.2989556134365171,0.3345583854968665,0.3377270743720313,0.3955333257747326,0.2521043851623877,0.1557594900646415,0.15682701862987,0.1668262259607083,0.2278666846802859,0.3015870881649264,0.1608509695672317,0.186586435302453,0.119558562471965,0.3112652647440634,0.2995182452208403,0.3623478409820742,0.4361101703067823,0.095899601704043,0.4082735577160906,0.4323078014678139,0.3133560538036505,0.0705565892198482,0.1311131277530048,0.2102268609871707,11,Memory CD8 T cell
284,0.3062297284639171,0.3326862029102584,0.3216097322867771,0.350189339716475,0.2511725217268926,0.1657423750445769,0.1826524674212163,0.1831490014363462,0.2569966052239508,0.410784618590011,0.179887215173065,0.1815886144087274,0.1398345301966937,0.2859503056642219,0.2734203538443013,0.3320333794707735,0.368849832973879,0.1265676293257608,0.3387343213988298,0.3616585975943664,0.3006143059127555,0.0931463946250554,0.1450394515181534,0.2349117710209274,11,Memory CD8 T cell
285,0.2918657597657206,0.3184517693264206,0.297262452115007,0.3289166982389428,0.2433721341328157,0.1742675417649686,0.1835141927610771,0.1810975351105489,0.2541075613272966,0.4732417224241464,0.1909675427246636,0.1778823075844652,0.1487239564583372,0.2740721318737238,0.2665326559893139,0.3324724687803211,0.3390226796347498,0.149482750049018,0.3155004007256466,0.3342489029218516,0.2972029245614447,0.1084951044449794,0.1613700923166877,0.2509659502400301,11,Memory CD8 T cell
286,0.2942167777635098,0.3299642555253244,0.3075094224498766,0.340740834856527,0.2654080102395663,0.2010969666321327,0.1791881691044767,0.1889690247467226,0.2709601703003503,0.3746001079423682,0.2103397834526918,0.1861632238514085,0.1854178191049913,0.283286122876941,0.2591545454487254,0.3052483469010082,0.3464082881719058,0.138427558737593,0.3198617054829525,0.3405705815107707,0.2872408453953337,0.1265507163813757,0.1600169668934767,0.2322371228193311,11,Memory CD8 T cell
287,0.2690412386668062,0.3040269873837585,0.2802320377050519,0.3334434923096818,0.2419733906211013,0.1631711005320913,0.1628323266900818,0.1713042271806032,0.2358136027606078,0.3354439415983177,0.1688302199935064,0.2013738183397833,0.1451965010713754,0.2993835776871995,0.287752523602503,0.2937956310253347,0.3955234818782656,0.1580090355583794,0.3607342204203282,0.3551192628942022,0.3091955287718664,0.2248628763873675,0.1845356675208178,0.2513062681507685,2,Fibroblast
288,0.27964207911987,0.3311665689919576,0.2817069870132466,0.3640254608198492,0.2603670770469207,0.167425007592694,0.1508939952480022,0.1956216163868462,0.2784552406767698,0.213542557437065,0.1856147542521907,0.2095338093470613,0.146571486322565,0.3326619930126172,0.2337187812823051,0.2716440742498492,0.32288616086611,0.1447551624607218,0.347350594830269,0.3658086087309807,0.3394855336585728,0.2212347136963616,0.2311084775085038,0.2723851469048843,2,Fibroblast
289,0.2932775074520837,0.3408928250536583,0.3009014718588979,0.3777710660682048,0.2590950130438594,0.1562337049078483,0.1556079069917667,0.1976514767536298,0.2928476833040709,0.214792002118306,0.182209466257584,0.2012670208730625,0.132960764280733,0.3322534135472215,0.2232128661881654,0.2829305062053461,0.3119615721245343,0.1308285010526448,0.3418049283434958,0.377697663910039,0.3492996066262454,0.1852539966192558,0.2228470797629276,0.2839365187461498,2,Fibroblast
290,0.2911245182945405,0.344486388077965,0.2919760665526346,0.3739994880876442,0.2671981255629422,0.1732779560395108,0.1562893115507052,0.209717168379284,0.2974086010271615,0.2181762567744997,0.1998804515817947,0.2030589279553396,0.1471670781845334,0.3346165994642066,0.2110223320995157,0.2850870784078844,0.2837134540200048,0.1429002866693082,0.329334750003994,0.3671164978712194,0.3430102422326833,0.1627433063166058,0.2348347946149436,0.277324249217888,2,Fibroblast
291,0.3066909789419116,0.3592666070079943,0.3104884036333855,0.369251472520323,0.2835175590404744,0.2048795029565363,0.168979984744105,0.2160977822637586,0.3183424288722367,0.2389037059727156,0.2262698270425226,0.1926551273560111,0.1869914023922776,0.3164552935034544,0.2024463244283067,0.2844051089479058,0.2674363539216735,0.1379207881353086,0.3036356202417821,0.3524061327591767,0.3152620061210001,0.1214976763202472,0.2064631265484094,0.260072011660871,9,Endothelial cell
292,0.2549764280390015,0.342674805102349,0.2657591925308664,0.439529794576298,0.2924792488624187,0.2478833823013089,0.1518145927217131,0.2152341056430654,0.3756663950858379,0.3084015308214434,0.3779288455898199,0.2094454531109793,0.2314716583475245,0.2928877925266075,0.1574173671435522,0.2173422749894749,0.1575831551654404,0.2173574328811192,0.2306824722658932,0.306384963151298,0.3478629783358082,0.1080890455381134,0.2197213596565253,0.2345802818992846,10,Neutrophil
293,0.2637937305071833,0.32508562261736,0.2874101445344592,0.4995003421732982,0.2710002222373585,0.2080219095857332,0.1539140551689482,0.1964867741531697,0.3812269925029418,0.3427847035802401,0.3577617592485266,0.1909932367681197,0.1876291652197836,0.2813967453244628,0.1890803309109716,0.2291480072815188,0.2038001630490062,0.1629864602161486,0.2534663839285331,0.3292165502602885,0.3770401010960089,0.0975574665135359,0.1876016468703952,0.2315520959513906,10,Neutrophil
294,0.2781390860740906,0.3346316986792718,0.2751744176788355,0.4419027433651779,0.2888687316195485,0.2235962195343104,0.1644683831868774,0.1978854159635285,0.3217490889245123,0.2863765582971213,0.2795645752302067,0.2023340404045247,0.2073478199709706,0.2904867927366474,0.2181107799200541,0.2562156339835776,0.2550442737975372,0.1466668006548806,0.2892004537476897,0.3364275587459238,0.3086906317714975,0.1084044332064226,0.1715827518529939,0.2103203760678093,10,Neutrophil
295,0.3351138101075873,0.3969905081906759,0.2441467827437206,0.3896073388723577,0.3392179051743412,0.2884709268153018,0.1551087530009265,0.1915766902404302,0.2454759599493936,0.2502775619470972,0.1950312195169112,0.2280390152486112,0.238256289991135,0.2736553346931936,0.2751070915672508,0.2989911392054898,0.3737643338164194,0.1286693905740218,0.3383092696424126,0.3660010294713853,0.2057587288063232,0.1127700728657642,0.1273235754034826,0.1600196928492161,19,Monocyte
296,0.2939762997154997,0.3716526645181165,0.2435292277553918,0.3988536445272894,0.330849363433193,0.2855527899913909,0.1607180987599317,0.2077751648486924,0.2801905875339807,0.2479744575565992,0.2479990901389388,0.2385533396895084,0.2614317729534234,0.2892488186660183,0.2314264562423537,0.2691055269960949,0.2848890826261234,0.191538222448444,0.2992274964851579,0.3309907389642916,0.2298728351145161,0.1121399303141907,0.1647178966847926,0.1877506771180672,19,Monocyte
297,0.238352586380332,0.3603442936627289,0.2469581053958186,0.3243615442765244,0.3069749616028886,0.2874310365439445,0.1498955681236026,0.2359412208286039,0.3281514724706662,0.235711881491048,0.381838021735802,0.2408770169792811,0.2830148383728231,0.3021491501164864,0.1583190368671921,0.2149235272478943,0.1943291271577185,0.3252945467396683,0.2397477034658535,0.3035940690315613,0.2839935972828981,0.1117267350368214,0.2465334070670304,0.2186022337062637,8,Macrophage
298,0.2445501998582021,0.3719739394591347,0.244602616964826,0.327972448148502,0.318286935042645,0.2981509793240257,0.1502764612750853,0.2393205808434704,0.3442349343159831,0.2454445027274033,0.3567061402799756,0.2310445496464643,0.2797674022049664,0.3031330158421366,0.1573506183947631,0.2203383566737762,0.1898527457700993,0.3293381251864664,0.2375010627176462,0.2970827239269525,0.2659038941952308,0.106324943520243,0.229229462516287,0.2253321641957764,8,Macrophage
299,0.2504471496495627,0.3751336870897581,0.2422690171928667,0.3341940287263061,0.3267689002506416,0.3006118281718709,0.153489957592077,0.2356509161559744,0.344321063132541,0.2451378733691748,0.3233248007438578,0.223286393768446,0.2728983198983192,0.3055369808046753,0.1686108628225807,0.2329193521538893,0.2027539584032339,0.3160529782639583,0.2496753915170086,0.2972753000672267,0.2517978250161826,0.1075431461725351,0.2107577902620166,0.2291412066623059,6,Antigen presenting cell
300,0.2670059040626978,0.3850295090630364,0.2494279963753367,0.3390649027534071,0.3285210867671857,0.2987096868495791,0.1540096237526667,0.2405163566352546,0.3584278217771331,0.2595983616990108,0.2913261153168142,0.2114218909668885,0.2582831822324488,0.3065508861730286,0.1705720183148464,0.2412314087412513,0.2042021283152729,0.3017885091636204,0.2508308170885566,0.296006115639051,0.2431967897403364,0.1030148597738573,0.1983701710551031,0.2335452241360088,6,Antigen presenting cell
301,0.310233384313026,0.3488111715118026,0.360999635363435,0.4211573112495758,0.2614113442834253,0.1497432700406222,0.1524492230041419,0.1674676968846192,0.2307994164789258,0.2161597812240353,0.1527675796470877,0.1912849046260641,0.1123300085604193,0.3261387349016765,0.3040999955293914,0.3613765550252837,0.461092822125474,0.0763824949739943,0.4348139575329175,0.4650065490686114,0.318033112454232,0.0542360130054355,0.1161615380361338,0.1941030657057231,3,Cancer cell
302,0.3049378636548879,0.3482960373590452,0.3354147221232605,0.4039241818090713,0.267094224259736,0.1621080626968581,0.1583118112876854,0.1847870843993389,0.2427751211979307,0.2226994000491401,0.1681212324144234,0.1991737536165527,0.1292553985606133,0.3240737870930634,0.2907946942711991,0.3393651122026866,0.4300092406642035,0.097621544519982,0.4085648956437157,0.4366509812549297,0.3082173660062122,0.0724806394075773,0.1386008998479652,0.2009333092299892,3,Cancer cell
303,0.3123260677999824,0.3417083876398324,0.3458505305524902,0.3834342717245121,0.2574808942204338,0.155383484097477,0.1730036544969133,0.1764862070318552,0.2471318975614004,0.3248605981364915,0.1657937941166847,0.1861206775099005,0.125264379336771,0.3038239989585616,0.2870739377488866,0.342666175929629,0.4122970818521665,0.0975026076782777,0.3807252033955302,0.4079701518984606,0.3097146528712535,0.0719834062854672,0.1281683888751523,0.2161080653951429,11,Memory CD8 T cell
304,0.321326976006148,0.3388110131318198,0.3462348224198667,0.3521825247211319,0.2517491968048734,0.1560675189051716,0.1909177196708903,0.1782492007300644,0.2613364606854496,0.4291365256734916,0.171449510116653,0.1757096979146737,0.1314824451171889,0.282417056289783,0.2735212575144277,0.3335961618717697,0.37504817383368,0.1086285518115869,0.3380216643410453,0.3645102328593085,0.3047875185082458,0.0802944581791872,0.1267275695898761,0.2343310772169996,11,Memory CD8 T cell
305,0.2967094459577487,0.3371136111200918,0.3057011569141268,0.3655156362066629,0.2569205987961341,0.1557522032980562,0.1754266913539586,0.2032338019260999,0.2432994577193249,0.3227105070932973,0.173817441218442,0.2019575501066741,0.128779763995623,0.3086264277649398,0.2880198828954221,0.323019301808608,0.4147430647405811,0.1137741844553292,0.3730697797519383,0.3910603326100421,0.3011857013832418,0.0813673811758684,0.1578377723880616,0.2202784123521754,11,Memory CD8 T cell
306,0.3075684204074962,0.3438998992263201,0.3198042856313361,0.3556241874320443,0.2673309167959317,0.18731264589627,0.1790825252862879,0.195090630304928,0.2785498218961581,0.3450606447647688,0.2005918159361519,0.1899572512591555,0.1651637728236406,0.2939616338172098,0.2538039498189021,0.3081103956662918,0.3418600814770852,0.1411821298381735,0.3276467461161515,0.3550586943585777,0.293903787427719,0.1031651941364311,0.1562803943501173,0.2288807889553762,11,Memory CD8 T cell
307,0.2761931694627857,0.322932234525912,0.2825084342465763,0.3580052182782649,0.2600095081617468,0.1706604930060043,0.1602213470882657,0.192664451455181,0.246958622385549,0.2511626150524657,0.1803308667798222,0.2124987972508597,0.1480629916870107,0.320463015056308,0.2716939275353782,0.2907654402026244,0.3756367024016549,0.1492830533728247,0.3678845698466228,0.3729133603951988,0.3114016859575859,0.1832662349276425,0.1959275106999229,0.2356869063127978,2,Fibroblast
308,0.2553048309251351,0.3047180855414341,0.2615230998673461,0.3548867881385545,0.2537354293804081,0.1611700170985161,0.1429970316202443,0.1804807208900866,0.23084083492251,0.1886171248134312,0.1645130613204385,0.2257508186924805,0.1441444611948457,0.3362765962069667,0.2811532102739557,0.2634042030044515,0.3995908638609667,0.1482421053495362,0.3905853498176617,0.3759483746923615,0.3294315123365988,0.2871471317637482,0.2252423353317652,0.2444281947371885,2,Fibroblast
309,0.2509774402628407,0.2951868556767079,0.2610135120956154,0.3477104653998035,0.2420325435904249,0.1483740570991005,0.1388731863948424,0.1666673346091362,0.2202110756524994,0.1793485678662985,0.1442283723338255,0.2283651342178589,0.1374165386135702,0.3308981840123559,0.3069670829476512,0.2515745519333465,0.4527232313900636,0.1483008521655701,0.4108660585888348,0.3819385892010065,0.3228427265581087,0.3372351581476616,0.2094317555661742,0.2442841932396837,2,Fibroblast
310,0.2567145023534719,0.3244454485519968,0.2657148463718746,0.3412473877458187,0.2668301406963095,0.1985689189910279,0.1478184730674302,0.1984891137789182,0.2687827146726057,0.2117536431893526,0.2113565323487234,0.2221337701191783,0.1785472897002165,0.3172049497164365,0.2603356907214106,0.252141252987587,0.3709357671776072,0.2306844507406112,0.3519019536593995,0.353861745904493,0.2948762183004185,0.217406834923722,0.2082083159451343,0.2299031618611144,2,Fibroblast
311,0.2690161218461654,0.3280284347154742,0.2715061845923638,0.3488785530987992,0.2791960928265649,0.2054469601274084,0.1546724426397862,0.1987891891376471,0.2703065949820955,0.2166404022464832,0.2091428035293878,0.2175484788141387,0.1895645179546254,0.3263160317042163,0.2342918467182029,0.2604988413184895,0.31491225944684,0.1642392806249603,0.3387889658813481,0.3426540360554003,0.3068924482018369,0.2336661123874365,0.2215525144613626,0.2437635915605626,2,Fibroblast
312,0.2797152814509755,0.3477714637749641,0.2808981974194674,0.3445785707678068,0.3036908380050643,0.2403209726315078,0.1669657768014385,0.2095982343357397,0.2995390277545942,0.2323626745543459,0.2474176783886811,0.2122190376419337,0.2332058589329426,0.3232517773560074,0.1856541558323386,0.2548687504940056,0.228297027280708,0.1629411464767811,0.2917243976894745,0.3126005046910818,0.296233340858108,0.2080995970025973,0.2260216619007777,0.2508315952160193,2,Fibroblast
313,0.2774341776859534,0.3573820154016096,0.2796662609394334,0.3393840892984155,0.3058185501005358,0.2631758449058112,0.1661554286825831,0.2222052409449736,0.3179016487203429,0.2453692331093024,0.3058092501368931,0.2194455827400851,0.2612542180796399,0.3042066488783866,0.1841635516457699,0.2427986407914888,0.2267369427309942,0.2116723132967569,0.2691243368694895,0.3153519707889282,0.2818416024991995,0.1387076459843136,0.2127998265874383,0.2238540901123228,8,Macrophage
314,0.5557465709179779,0.3746885312787151,0.2703907857680309,0.3345391112924821,0.3287500603775501,0.2899570257874124,0.2094925204068187,0.1959631321352597,0.3048259135057856,0.2343258988795671,0.2357897523216462,0.2106276632874901,0.3021659789305486,0.2779478789480581,0.1862425322973239,0.2744820506478091,0.1456882680750663,0.1233682665176106,0.268208338265766,0.3230385702461349,0.2159263687627838,0.0946325452077766,0.135526821642549,0.1813914691862798,1,B cell
315,0.2825188311463292,0.3483531676592591,0.2442962415006385,0.5410603343313077,0.3317106368041793,0.2562201979769486,0.1685926428291559,0.1851636547602271,0.2484346614805053,0.2714164350163818,0.2005249365462902,0.2452851520248901,0.2430140690874272,0.2875721591041019,0.2652439924761643,0.280808041506791,0.3177437008080023,0.1124876001900893,0.3244818523041292,0.3426031146682514,0.2227305943382412,0.1132324793820429,0.1308775302954817,0.1660713740064819,19,Monocyte
316,0.2626386729559181,0.3533404031115762,0.2624565353041186,0.3458260119197403,0.2990260210368572,0.2501567108389393,0.159127126384731,0.2229605175149713,0.3029471282362829,0.2374096730497109,0.2904206981529704,0.2227672095727545,0.2339501212750196,0.3078824876613305,0.2040228758774733,0.2542743990257511,0.2592763326512279,0.2419410742723562,0.2892043691648318,0.3319264380870034,0.2816906558294229,0.1153196198329112,0.2103874874433408,0.2202338688884819,8,Macrophage
317,0.2494437636739359,0.3560933996274205,0.2530024036174026,0.3336133379251308,0.3032231792420638,0.2694965808419474,0.1528061013331846,0.2300320983744242,0.321432678604384,0.236613059457126,0.3250529352833659,0.2286802600600552,0.2539997821395537,0.3076427239550726,0.180803468550305,0.2324526893166093,0.2290936475792946,0.2958646638678207,0.26547613786656,0.3114608881487439,0.2816837444640059,0.1237844491661128,0.2330026838246914,0.2247302197421115,8,Macrophage
318,0.2417915754564761,0.3566786779593157,0.2529758207488165,0.3262356439466632,0.3020164159037257,0.2784817523735089,0.150811738409544,0.2351521077126681,0.3284711035203443,0.2376734349693983,0.3454641153072275,0.2312051473974997,0.2625614158765559,0.3010410625456668,0.1807426197013138,0.2237377773683767,0.237218413262323,0.3369886057835572,0.2590878871887721,0.308662784891021,0.2717692373740311,0.1050541920219301,0.2300209668477028,0.21656279632684,6,Antigen presenting cell
319,0.2264899536117714,0.3760334175499515,0.2292149508016896,0.3239028174218349,0.3324850062552972,0.3193701535742077,0.1500079254803225,0.2287604828526763,0.3404432363049624,0.2313240956312173,0.3750457527224483,0.2403101123032179,0.3018070922645779,0.2967016321924716,0.1656810623640305,0.2225295866015261,0.2081974905242211,0.3776009786404744,0.2423989493165589,0.292800150965243,0.234770043976605,0.0915929213349564,0.2039854124165774,0.2161794763733288,8,Macrophage
320,0.2516919787668664,0.3800674942203006,0.2451054565188453,0.3320166722338376,0.3244121137864512,0.3022150164465369,0.150782648393711,0.2432262692074997,0.359544201246096,0.2560304821889726,0.305087153048712,0.2137420014475824,0.2606891411678177,0.3026325868498521,0.1758145379239602,0.2309662474805553,0.2235818243050231,0.3457444444173429,0.2510577848423737,0.2949396026357999,0.2385267297945669,0.0950878499048428,0.2005172268524864,0.2284256510240365,6,Antigen presenting cell
321,0.3210877311614564,0.3541622289979459,0.3689338740432372,0.4121750007664303,0.2653912321065861,0.1485408154383828,0.1652601352747701,0.1739139914202108,0.2446885703096675,0.2367251369056935,0.1556453180625338,0.190509734435798,0.1159773168639872,0.320123966000421,0.2950466487581135,0.3465436714705246,0.4446884091659518,0.075673737730763,0.4143947474878257,0.4469408210834939,0.315677728723724,0.0544016424959718,0.1123321324693176,0.1985169494911637,3,Cancer cell
322,0.3157576012610894,0.3525013428125071,0.3441898290365273,0.3961617832902885,0.2706356934094915,0.1644481287164848,0.1728363200139642,0.1854527506833908,0.2538127858574706,0.2406113920282158,0.1687718037537825,0.1954812506587797,0.1353479460733699,0.3153586825607643,0.2882791209543714,0.3318506905072877,0.4149940297341487,0.0946102674691378,0.390144740079654,0.4194435228461975,0.3032149065990509,0.0745238201636329,0.1292185339472178,0.2039855697137013,3,Cancer cell
323,0.3279196011361176,0.3519780661333216,0.3514972978746544,0.3659823964282175,0.2626461760440788,0.1594739914826022,0.1873183298877134,0.1909506643677093,0.2732252080881631,0.3490930178942265,0.1744838648956719,0.1855041089726305,0.1360434067695363,0.2963283736966784,0.26811147778519,0.3191299364782939,0.377597034353577,0.1063342897717202,0.3471230340141909,0.3766338299866222,0.302644415127485,0.078128867262105,0.129970153413676,0.2224224593582618,11,Memory CD8 T cell
324,0.3052346676746676,0.3501338704407206,0.3200906114262541,0.3863659247917681,0.267068139294625,0.1441895779657285,0.175162019003674,0.2152396829156494,0.2408846965291323,0.2335918613542104,0.1636526024847812,0.2143420731931444,0.1178639059864826,0.3267496198542003,0.2971606806327405,0.314161952843583,0.4530920947463799,0.0909930059809664,0.4023208583771362,0.4226207115599829,0.3024801165996036,0.0631614882883712,0.1481357536671086,0.2027490080125986,3,Cancer cell
325,0.365049308130082,0.4106109894738693,0.3219118324836197,0.3534980035372297,0.2611738761020776,0.1664575141972129,0.1704069151841069,0.2150449619719899,0.3269015610971227,0.3291229990787764,0.1761883458558038,0.1878385613084219,0.1406299336181107,0.3094486714544912,0.2361659733464562,0.3067841910212391,0.3337947488925978,0.1265652163335113,0.3292295393570687,0.355678494109207,0.284828604216808,0.0893262807374287,0.1506936849899585,0.2087688692975822,14,CD8 T cell
326,0.3203697073839153,0.3593756942460696,0.3088279772194342,0.3792281702848227,0.2836309495890319,0.1897553512218789,0.1912434195002329,0.2036704757668854,0.2692992646311417,0.2393643599256603,0.1878321424810543,0.1957686076048882,0.1662440113253021,0.3112983538245366,0.2670185279334413,0.331068364250063,0.3372310123078845,0.1161514123987159,0.3484801113619908,0.3804750766714972,0.2806768555149272,0.0849717168718339,0.1463716944730811,0.2133477273349966,3,Cancer cell
327,0.2995504818487201,0.3380381549849172,0.318982949755917,0.3689794846071398,0.2695176492756554,0.1722331490301649,0.1688771028764344,0.1871713216287218,0.2623334110101346,0.245297767970493,0.1782488880582105,0.2039569839304438,0.1540188215865209,0.316658686038428,0.2659250215099303,0.2899720497999567,0.3782834829694012,0.1170260507800176,0.3639555644555781,0.378338054434464,0.3099826775728734,0.1669892010986193,0.1682273913554202,0.2282656525244953,2,Fibroblast
328,0.2925971040912264,0.3268554971731212,0.3167503951681822,0.3679439008661592,0.2573447304971565,0.151908008048618,0.1629890672339176,0.1759880794667057,0.245895550229071,0.2311584717953891,0.1557747367867166,0.2086996284010875,0.135517402395684,0.3190447775963725,0.2896694116429748,0.2836066171491232,0.4255836680450475,0.113104039812703,0.3890835322463634,0.391426227422359,0.3162444202652414,0.2059259716992625,0.1634945960973411,0.2289674366268636,2,Fibroblast
329,0.2715657805121904,0.3222967538723179,0.2656648188793037,0.3532625550877847,0.2594124071326257,0.1723604034018391,0.1508877153317695,0.1934037694035663,0.2460267526683774,0.2070183983629353,0.1731382021891509,0.2220654557936928,0.1536587420324981,0.330048855575765,0.2757766986014928,0.273430777308062,0.3893343180240789,0.1441389095015904,0.378887188565114,0.3700025120291046,0.3089320277114696,0.2405505349856896,0.2100918556145504,0.2336357873850141,2,Fibroblast
330,0.2657839746799993,0.3099726324567208,0.2789729357176291,0.3478155209134457,0.2576148286701195,0.1757315410863215,0.1496938318153456,0.1765471792898347,0.2431725587309776,0.2009340789178528,0.1704444590316816,0.217775808278884,0.1669638017266512,0.3200336216984939,0.2870732226767607,0.2580856975031943,0.4170518416632857,0.1402325314288838,0.3826157176087807,0.3688649648550874,0.3070993980324071,0.2839068550674947,0.1955387887307936,0.2356562832560766,2,Fibroblast
331,0.2813475418255058,0.332210930843049,0.2876873644961822,0.349734276903037,0.2813572540676186,0.214988962213109,0.1609998593205607,0.1959953629187158,0.272455645676236,0.2267729480437682,0.2104025598729731,0.2088489595227078,0.2050408215566038,0.3112876442595724,0.2520135145620906,0.2677274704178559,0.3489025538433659,0.1408682126508504,0.3408095772004196,0.3487163837925032,0.2898436208302162,0.2078602704594952,0.192304893693493,0.2263386193310319,2,Fibroblast
332,0.2818356044026845,0.3415621626791268,0.295198923149553,0.3435413944318685,0.3021555428631632,0.2407432076772267,0.1681195829300448,0.2014963193769347,0.2951349979985838,0.2309525426095806,0.2370305946383142,0.2048493394269755,0.2374600517437517,0.3166220148264682,0.2028655562871859,0.2563085215486462,0.2658798811029149,0.1383698455476967,0.3029762124726923,0.3188416558515969,0.2906729913268003,0.2177447690515787,0.2098688599815653,0.2424205807197419,2,Fibroblast
333,0.2798892924667305,0.3525965360834768,0.2919140641113937,0.3383654136941886,0.3029395066506704,0.2636497838897918,0.1664810768130792,0.2146079430469925,0.3111630006207748,0.2423361913621518,0.2979168095097066,0.212260488107863,0.2664260542403528,0.2968698858165227,0.2030192306602955,0.2456230037167026,0.2690481161200572,0.1853306932136305,0.2815241066320856,0.3232302369649755,0.2758320156549453,0.1468700414325838,0.1958872016905669,0.2155486755786035,8,Macrophage
334,0.3108248788331207,0.3515482647391686,0.3013923463307559,0.3510953956448205,0.2979982335197353,0.2421394883989517,0.1772147459808989,0.2167377752726087,0.3091269957867188,0.2535178824332175,0.2366128178560441,0.2066022632386704,0.235244421346434,0.303923085976292,0.2182817276072693,0.2705426057808587,0.2717996570055747,0.1508860051487839,0.2991189452184781,0.3248191806910432,0.2661712778360686,0.1424403276102892,0.180819042974499,0.2179491995722512,14,CD8 T cell
335,0.2894371772268863,0.3377324606431411,0.2434761054172709,0.3288637659463608,0.3229874414515859,0.2906258482790192,0.2052658638707709,0.2099343630192321,0.2701142235124475,0.2093292685102282,0.2231157018287693,0.3550173799681441,0.3839673820022958,0.2790385290343947,0.229940951848846,0.2810438208917297,0.2193812548643858,0.1369390306733792,0.2779450869359736,0.2805107449168421,0.1993663467761707,0.1232108157983167,0.1438497655919938,0.1934221629547754,1,B cell
336,0.2589419601545244,0.3423770920555342,0.2566546201249132,0.3545182546547816,0.2774201464166584,0.2031416195160763,0.155425515662568,0.233292561435362,0.2629435794181509,0.2108787368075244,0.2263612676635061,0.2294909823406836,0.1732868818156042,0.3219372172375009,0.2708087147545213,0.2774648121076295,0.4007531458530532,0.2218278154693146,0.3631701087318177,0.378313186493161,0.2752903350387105,0.090043016427472,0.1981219445109508,0.2036422311211637,3,Cancer cell
337,0.249864461265915,0.3383480018733772,0.2444613743975899,0.3487066324493896,0.2937347502901444,0.2394753483909383,0.1468736243289898,0.2313835324649927,0.3023954623177786,0.2216458980140521,0.2766873969193214,0.2200778596828305,0.207923012736056,0.33009008686461,0.1995724995624791,0.247762680377761,0.2450656697627088,0.2541440156338816,0.2922240894218169,0.326715137201843,0.3257563348110763,0.1289530580283414,0.2743605407168896,0.2339402657345518,17,NK/CD8
338,0.2469148207665633,0.343549961422964,0.2603915363381427,0.3323919653414321,0.2983617662043282,0.2539327384145157,0.1538585628045281,0.222502685152778,0.3131964454847393,0.2293606768682827,0.2800061545813507,0.2196256409446939,0.2302989092532121,0.316647178640225,0.1908267904353592,0.2361682510524979,0.2523465585832238,0.288591948481034,0.2856613319994157,0.3086197850617513,0.2839081128129385,0.1655699451950964,0.236875273577244,0.2379087204127685,2,Fibroblast
339,0.2555549144591699,0.3655219684558223,0.2541902029406637,0.3335218531540039,0.3085947349199698,0.2775285936050025,0.1540338996218774,0.236356251105905,0.3389941280009171,0.2465612618946398,0.2987326164586581,0.2174204996560347,0.2458746279575907,0.3046048233026846,0.1894576450825248,0.2386554281843322,0.2462189538320255,0.3219971746469663,0.2682067230596486,0.3072137772809364,0.2566435790005776,0.1030386404979434,0.2098792850319161,0.2248459387570934,6,Antigen presenting cell
340,0.2457122382808305,0.3625688651575995,0.2523630218519809,0.3283507342406365,0.3065151868948325,0.2823461898610382,0.1510002548342121,0.2380847765380846,0.3402844616008925,0.2454671323783889,0.3032107667614745,0.2169132996986692,0.2469508325729521,0.2999891277163559,0.1981990166644857,0.2322507837288276,0.2704100272321338,0.3567453075969721,0.2718880046882313,0.3066227258631354,0.2472177875219186,0.0950285075391191,0.2056118635190376,0.2180830785620853,6,Antigen presenting cell
341,0.3318033810631713,0.3594121769185069,0.3781027463849228,0.4039986577166205,0.2687353911153843,0.1462236729338014,0.1778133184597313,0.1789035637012375,0.2571543472121292,0.2584093301352215,0.1571616664367128,0.189211246586604,0.1181109238842036,0.3139347539280991,0.2877093429189449,0.333308303779083,0.4311978292300523,0.0737545302654307,0.3957884317494929,0.4305788892736313,0.3139673627687787,0.053521969007618,0.1067091080695454,0.2024717748727369,14,CD8 T cell
342,0.3247142656752813,0.3566793892967955,0.3573966015895303,0.394289814556249,0.2695962211094961,0.1529967542618833,0.1780300169667046,0.1905340906010479,0.2595876148230019,0.2563938629899733,0.1649141040676086,0.1949043588079561,0.1264454593231436,0.3151560717094142,0.2830866562281197,0.3251721460740376,0.4183978931099855,0.0855565552970388,0.3861147682879252,0.417370643402118,0.3077415289648018,0.0652946237746984,0.1240461596070382,0.2063763065139184,14,CD8 T cell
343,0.3359193072395884,0.3542449991719709,0.371451977120346,0.373631886612791,0.2632612333898133,0.1489097965963819,0.1930349944172498,0.182399009250773,0.2695388736161425,0.3543305763297278,0.1649636679427655,0.1818002528891584,0.1257995996933693,0.2948050710259178,0.2746327132569506,0.3232281192818355,0.3943448053652268,0.0881342330400231,0.3547019203789955,0.3873444090175202,0.3086840666174789,0.0651524518397094,0.1119380609829598,0.2200687864642756,11,Memory CD8 T cell
344,0.327924912148412,0.3533506836033879,0.3682130301169781,0.3756368623477211,0.2696078162454414,0.1591960291591171,0.1816386711271294,0.1997020664910874,0.2830400257525878,0.2677103300389087,0.1784538046572188,0.1988587883049176,0.1340240983385952,0.3058789500687598,0.2690912010313938,0.3002822736422613,0.3910016621411279,0.1603532995698532,0.3591189349481367,0.3946915065656196,0.2962738675002451,0.0673507736724922,0.1269756225578274,0.2051531633373382,14,CD8 T cell
345,0.3242357150979216,0.3633285142195948,0.3418120274264233,0.3865938750998748,0.2724712061277515,0.1632302841751775,0.176986898131314,0.2064807881117646,0.3010884873084986,0.2599949693527094,0.1909172440894654,0.1904576654154705,0.1378203142507634,0.3190963224942242,0.227706404633073,0.3060043711526664,0.319056045159754,0.1110491306431875,0.334252918231573,0.3844519789091797,0.3282656520225797,0.0799602119772815,0.1732670425589933,0.2508062381218617,9,Endothelial cell
346,0.2959285208092072,0.3559871474005792,0.3144207890830571,0.3590655068952774,0.2823852357708746,0.2066915828193774,0.169951038749304,0.210890921711957,0.2957815181503295,0.2605916938564638,0.2256784930023011,0.2047386456508127,0.1810685285971304,0.3028895777411803,0.2459212642131152,0.2796435925192491,0.3487261865769527,0.2056606140898282,0.3287849141815105,0.3613815990016588,0.2819285269420703,0.0897026896812975,0.162607231611282,0.2120479666921293,6,Antigen presenting cell
347,0.3102939637096966,0.3607560537457821,0.3212577321559585,0.3704007179753497,0.2885994754649081,0.2041284159150389,0.1759679680766405,0.2076308860240278,0.2908900373501804,0.2571935887864164,0.2157472287446225,0.2020986408053995,0.1852690457286123,0.3079521235238263,0.2402279810713997,0.2874685759725847,0.3306088430389452,0.1436926397419642,0.3302436237301764,0.3645611296314491,0.2883999857371767,0.1007494569806304,0.1593742026629185,0.2160902354977798,14,CD8 T cell
348,0.3018142439647399,0.3538711518187937,0.3122887568335888,0.3597601489374846,0.2870298044013127,0.2144267093357602,0.17362894761323,0.207306476181361,0.2914510893039474,0.2547999167256667,0.2223279755694029,0.2012853871594764,0.1991972749309914,0.3035445617360664,0.2448079526075173,0.2821474433249719,0.337617524790977,0.1522298947555505,0.3276513412198459,0.3564383332890055,0.2810294686682317,0.1178089515555094,0.1650876728961362,0.2148658638398777,14,CD8 T cell
349,0.2940536089005672,0.3337051253281745,0.3135337600084151,0.3593485314108575,0.2722495878820511,0.1886067323661151,0.1669259996941493,0.1869893305989635,0.265235137186417,0.2347591692366911,0.187489785497278,0.2035959531844078,0.177642151214555,0.3102032112930227,0.2707561933834903,0.2790057300322595,0.3883289107171679,0.117705271528282,0.3605579118048038,0.3701208645499876,0.2969435428948275,0.189023973502856,0.1666537648356758,0.2229634554529792,2,Fibroblast
350,0.2780510464076817,0.3218447313904715,0.2945293122627653,0.3471295757962906,0.2707943761419198,0.2004079441504104,0.1580328100130251,0.1850902015625244,0.2622428091537824,0.2157155162393467,0.1938024669789201,0.2085514075167615,0.1953283169268881,0.3100841017160063,0.2727931050156598,0.2615780592730938,0.3942293360127035,0.130282854982214,0.3606885719632731,0.359324632021375,0.2921326522581526,0.2400084792216057,0.1821846000537513,0.2255546721032212,2,Fibroblast
351,0.2886709263248225,0.3327747077377159,0.3072472503278415,0.3466136163263413,0.2829817833636828,0.2220445741843351,0.165808845419597,0.1937286873215639,0.2794556857834065,0.2300948799055301,0.2151375123065952,0.2008099608154362,0.2197644452406939,0.302438936660697,0.2569617806723455,0.265430409266071,0.3671113925713677,0.1225161269292942,0.3392717194945294,0.3493959852633618,0.2804098046841236,0.2004486907336044,0.1731065114529277,0.2185819580359921,2,Fibroblast
352,0.2914822213560818,0.3376792881163059,0.3098830136139612,0.379473516120131,0.2887664418515167,0.2310379449935251,0.1695856596929565,0.204130856485426,0.3093356539299671,0.2534443160258278,0.2554113679314373,0.1975230279317647,0.2260514614398837,0.2974576415075178,0.2314689272093221,0.2642584423064391,0.3088735246500529,0.1278916526508942,0.3106013310687439,0.3433323735348678,0.2924683349522011,0.1464139166948906,0.1736013819789838,0.2172160810059366,14,CD8 T cell
353,0.2972713092190622,0.3521965467624582,0.2888345922663883,0.3554704007965312,0.2981883767518576,0.2317333852505913,0.171429467263346,0.2111841939159006,0.2885856377290544,0.2253812308365985,0.2358783443186555,0.2011734082932503,0.2280188389864817,0.3148995355037923,0.2245641199112155,0.2735428148198887,0.2845821394345498,0.1262282890237892,0.3111674952271466,0.3376981348713365,0.2986650086314596,0.153213920927841,0.2114841719531272,0.2236495043067457,14,CD8 T cell
354,0.2808902085822113,0.341442563565514,0.3016050810523222,0.3587167978096862,0.2771302191832404,0.1992549772201171,0.1645279745482533,0.2050250745647612,0.270156075149449,0.2197202217407124,0.2121489105669781,0.2118739291967492,0.1789424955691119,0.3000578867370516,0.2774371395701036,0.2825844023356037,0.3971121593922344,0.2493150916995396,0.355638837733505,0.3837813063075042,0.2700511748817747,0.1100777932667024,0.1503878077733144,0.1990422937055495,6,Antigen presenting cell
355,0.2783134323987165,0.3510310408165898,0.2796511775195077,0.3495239579259783,0.2914682839528272,0.2365577489265793,0.1611741259666448,0.2176391192757053,0.2997520196739244,0.2441407198623265,0.246630391117856,0.2109651128192529,0.2132660817518117,0.3052643370616916,0.2317875566209591,0.2674174913630002,0.3138738650157044,0.2198690763897073,0.3132334829270584,0.3402115700327133,0.2732762626624069,0.1213827478978019,0.1907894250740097,0.2173162203160716,6,Antigen presenting cell
356,0.2934135234148996,0.375853212297546,0.2501833536498657,0.3526166314924365,0.319342812728127,0.2840210246906056,0.1517922402088138,0.2107722023942549,0.2815003735141238,0.2448727414875329,0.2439791886773452,0.2219420055901621,0.2388657824602413,0.28257618980234,0.249987086231491,0.2696568371172996,0.3485174991324132,0.2336101771086758,0.3158466550242279,0.3419870093312748,0.2267429667574957,0.1084513496479915,0.1644735956649409,0.1824859951840254,19,Monocyte
357,0.2465130912146001,0.3573432669665431,0.2345032518271488,0.351875567006695,0.3338149390041142,0.3087274162483649,0.1415415847950947,0.219025881395431,0.2973702025945467,0.2140980233362185,0.2829071551325488,0.2174953766975248,0.2582704748503711,0.3109365684236798,0.212078083367461,0.2623145894144687,0.2697112086204317,0.2845050350175989,0.3099599158558297,0.3271033557871611,0.2514138938915953,0.0990724793896198,0.1967341669706632,0.2131078560275955,1,B cell
358,0.2967828352160974,0.3925363215377446,0.2586066082673848,0.3184685268039648,0.2755978041249364,0.237218852711747,0.1480172619165003,0.238025245297212,0.356429495159719,0.2853411458742492,0.26411398433613,0.2075244594824973,0.2059752925520176,0.3052490661780246,0.2000218171445546,0.2514630442966932,0.2767015749561551,0.3081949372578085,0.2819761375084549,0.3075539125850924,0.2590644236128016,0.1073475008307757,0.2118204272297985,0.2126729852732859,4,Memory CD4 T cell
359,0.2535764122430736,0.3509862642949536,0.2571196625854997,0.3368593606092589,0.2945596325930312,0.2580796598656297,0.1540782453518364,0.2286120654143451,0.3154583814417036,0.2364720109827313,0.283758378380569,0.2194013012997776,0.2279332721411193,0.3030500708321158,0.2160203898082778,0.2468104620548628,0.2952533824012469,0.3139934230365148,0.2937956442305891,0.3229052760768116,0.2658316291684151,0.1036181152359363,0.2117710748531545,0.2160701175357134,6,Antigen presenting cell
360,0.2404247373150538,0.3520866696035402,0.2548348436661372,0.3259356517279014,0.2969540214048637,0.2722986560996442,0.1508230501450942,0.2342960082221361,0.325652717735577,0.2365974004029454,0.3264933723506149,0.2263346327044662,0.2504068634808746,0.2997238442254276,0.1972972277412965,0.227728239572798,0.2703849131414901,0.3499149972019879,0.2730626975189713,0.3123566434319224,0.2649485250250892,0.1013679910437057,0.2219452790537171,0.2133178115410816,6,Antigen presenting cell
361,0.340219230910057,0.3634599380974489,0.3864736306182482,0.398701308761156,0.271364895431956,0.1434846519746972,0.1873467835195914,0.1828383375581659,0.2663873790549042,0.2739222554417888,0.1579279657213762,0.188413889523151,0.1187351848122355,0.3096001110315781,0.2823375723982765,0.3231586723639809,0.4226979058279906,0.0709703119236012,0.3827462489095155,0.4194078453349692,0.3134588359118494,0.0512857860545429,0.1018211713054776,0.2051284246664793,14,CD8 T cell
362,0.3422199536021986,0.3668235065994145,0.3730724057125,0.3833856242944822,0.2733577115942212,0.1543902116867386,0.1901026446567378,0.1945117457592587,0.2811153454417962,0.2836096126810795,0.168697095955509,0.1904212147614208,0.1326129995897321,0.3062399749793791,0.2682969850457973,0.3102678970929292,0.3901267434319183,0.0939837198056351,0.3597687987846947,0.3946720552134319,0.3038918221197677,0.0667951459522329,0.1161973744217314,0.2099693078592131,14,CD8 T cell
363,0.3303064980354769,0.3618913984741608,0.3601531126413757,0.3906929354785015,0.2710180822568572,0.1445197513041481,0.1859613934859957,0.2012716781831911,0.2703596295047877,0.2635179284270142,0.1658449320286719,0.1966121153817709,0.120569796808312,0.3158090482989206,0.2723860497865712,0.3125431335875727,0.4068475643689843,0.0823463831696957,0.3732006517241194,0.409192627921139,0.3140990452987421,0.0584782228125674,0.1296313697722604,0.2168737818227723,14,CD8 T cell
364,0.3326269083614801,0.3693852152442938,0.3453068164626132,0.3802469561922808,0.2845924693828737,0.1798551713308266,0.1881127325850626,0.2001318754301876,0.2811266616743146,0.2682465644851636,0.1868203071761092,0.1946940411407237,0.1600168296790465,0.3049809897486892,0.2589557290036713,0.3038926655491868,0.3621777751570877,0.1085655990148931,0.3463006021353249,0.3814243656593422,0.2915322852052857,0.0801031273657683,0.1302419821450796,0.21057390910265,14,CD8 T cell
365,0.3069099050656201,0.3520115370211511,0.3311739981024186,0.3703222388698677,0.2861217951873264,0.1839835270479314,0.1773632050267832,0.1945963852522625,0.2823685386978639,0.2547079500879514,0.1963042509923456,0.2005450540002379,0.1668130485289755,0.3214925864223377,0.2260488676860986,0.284422337916182,0.3110829586906488,0.1150061233861977,0.3334053404051757,0.3604896232051492,0.316627292718999,0.1502108432149612,0.1781436579644091,0.2416828289900787,14,CD8 T cell
366,0.3213037895591075,0.3554036068209099,0.345573422555808,0.3726895265184118,0.2775079786591478,0.1803946008405774,0.184772527315467,0.195636053828042,0.278024003430454,0.275445683442459,0.1887059478666181,0.1927008738997293,0.1624234401111779,0.3026583053422594,0.2662896911200808,0.3039481949975686,0.3780614095312558,0.1043902263652605,0.3500005741789551,0.3799274726874886,0.2945826420247084,0.0927250237348179,0.1351486538437121,0.2135768308785635,14,CD8 T cell
367,0.3150478235791406,0.3548130553702915,0.3360055058529567,0.3685523323010233,0.2824501258823663,0.1958554005184729,0.1784562050072216,0.1981976354650494,0.282951702372798,0.2660326223222905,0.2022121359899672,0.1953355250911624,0.1805137619570377,0.3017883080883847,0.2578967284041021,0.2934381736614715,0.3676965534529487,0.1191716764225735,0.3430850779211122,0.3725362912487025,0.2878430473319581,0.1059062415153357,0.1436212265775994,0.2114068281291169,14,CD8 T cell
368,0.3141275301280176,0.3539175723980731,0.3311410174933972,0.363631030563938,0.2863630410312525,0.2078546669197828,0.1808441192105215,0.1972444345019572,0.284061273638406,0.2588013844953488,0.2069859056825261,0.1937772000142577,0.1966016589259137,0.2985614029272516,0.2581114352587974,0.2921771328591153,0.3614467925506696,0.1103808083354659,0.3372748024145192,0.3639931980987698,0.2810601276936434,0.1201240918919595,0.1454934299579078,0.2114353831244436,14,CD8 T cell
369,0.3054763001632689,0.3499730255850252,0.3215549785740445,0.3565611456037089,0.2873569267317556,0.2187375222392445,0.1763997073199431,0.2015077347457407,0.2901788798850703,0.2554770303956591,0.2201174828244788,0.1953985277517363,0.2104688887880661,0.2981594098521557,0.2500824468534191,0.2823493813449771,0.3495903678832918,0.1270147506261073,0.3286940051145888,0.3549321977584666,0.2777995723793654,0.1314691196626174,0.1569929368772173,0.2136973861757542,14,CD8 T cell
370,0.304281546988302,0.3484727453451318,0.3218214135905345,0.350922786496218,0.2917214206986173,0.2311860791788068,0.1763074869702972,0.2008076934955121,0.2927533656447226,0.2465682741804866,0.2282601905923389,0.1939319690361102,0.2302242919789476,0.2955048954878156,0.2468942431699181,0.2756999933694922,0.3460247657524458,0.121029684838102,0.3238368595157892,0.3477686059845435,0.2712237153625701,0.1462181986060767,0.157857478162373,0.211504205529534,14,CD8 T cell
371,0.2967294213962999,0.3444559979670095,0.3140315721156484,0.3447875585124807,0.2957699186176217,0.2447959592070174,0.1728774498768965,0.2021587556753098,0.2971750283990916,0.2405868537374992,0.2409384418520729,0.1959665661131384,0.2470685203565499,0.2956663167315577,0.2376404992582576,0.2652067725719542,0.3314645732557964,0.1234838996194372,0.3147594440455882,0.3369593379276689,0.2695409570031317,0.1667910797357401,0.1690659547272678,0.2137572371414471,14,CD8 T cell
372,0.3125512090808803,0.3616806754600468,0.294591677852546,0.3561365108970833,0.3105525264706334,0.2629683608396206,0.1665661606525627,0.196482264651448,0.2773392066582859,0.2456299594973212,0.2226986821897654,0.2038917099407133,0.244852770310012,0.2832769142912295,0.2587050065517901,0.2777374078213485,0.3649181910292216,0.1191230319748236,0.3267405262194585,0.3493904477862549,0.2435384490196729,0.1481384349644128,0.1474699049368612,0.1905713756930664,19,Monocyte
373,0.2960517528756739,0.3552906739406554,0.2978074913083751,0.340209722110701,0.300295732371623,0.2533398605307786,0.1715162322666134,0.2096232710113656,0.3093923761615493,0.2664252005900673,0.2466949295619673,0.1979739009294769,0.2463912662275859,0.2944611151574416,0.2251031683179803,0.2669777789376494,0.3010850966599729,0.1616317391542899,0.29891847935892,0.3252146308101586,0.2607936836129661,0.1465500036748917,0.1703118525689705,0.218755384066657,14,CD8 T cell
374,0.2827127658322622,0.3497202026592663,0.2885479945434793,0.3475782487415862,0.295899138147222,0.2459404444448163,0.1638713534040462,0.2117366648661555,0.2996928431189362,0.2427651949947115,0.2491555837452471,0.2068465032000246,0.2301068266852258,0.3000469928655699,0.2334057651273311,0.2639195886179467,0.319718127975495,0.1939780729596041,0.3115022910555384,0.3369259181724837,0.2683723554503238,0.1380975134068547,0.1828122707471281,0.2134024736653669,14,CD8 T cell
375,0.2654182495060749,0.3522371173288954,0.2786415464072763,0.3347392573315668,0.3001432741365905,0.2647938184124664,0.1599211074380634,0.2219572136764185,0.3173147266066152,0.2440154996484902,0.2973041959074133,0.2152003093769458,0.2531995833519448,0.2982368833587903,0.205804469110763,0.2419756843426654,0.2785461569514534,0.2515432479021429,0.2827581795807958,0.3197143277525446,0.2681828389529858,0.127684426213363,0.2012925858694073,0.2156091991270882,6,Antigen presenting cell
376,0.2674146160060088,0.3463366516117852,0.2772793381966506,0.3433613821512199,0.2857608110589034,0.235387179893231,0.1618590846471299,0.2188219065070032,0.299410148279255,0.2390587630846987,0.2542128838541572,0.2135457074810181,0.2098877868245994,0.2996656480371681,0.2418183551918716,0.2642523000121703,0.3325551048211109,0.2741641860174051,0.3152392972886448,0.3417638362150402,0.265396134777851,0.107903557468707,0.1859334405513631,0.2105826623332971,6,Antigen presenting cell
377,0.25004509522188,0.3331347699426156,0.2632227886441228,0.334939435767461,0.2767428305932741,0.2258570495335966,0.1490084968727851,0.2120020815657765,0.2900846439107067,0.2204157779511409,0.2474182439011043,0.2211315422720653,0.2022864337241684,0.3088810353490547,0.2444836423271067,0.2438316246151176,0.3496664955108575,0.2836137012583959,0.3278631523884314,0.3394077629806118,0.278596540026081,0.1695449280716828,0.2083677643227298,0.2206023683049899,2,Fibroblast
378,0.2492855306967172,0.3441229161695592,0.2680946191466115,0.3385055136501383,0.2811279086271575,0.2314534183443967,0.153078194855169,0.2258981143467201,0.3001248947619291,0.2243183587994407,0.2656405218820235,0.2217308120553148,0.1997175337692013,0.300097401690569,0.2451643468080152,0.2531130530940923,0.3507350041771297,0.3641010154051669,0.3200326314930705,0.3489490764570841,0.260847241151901,0.08900692462509,0.1887886725793389,0.2035586884061599,6,Antigen presenting cell
379,0.2785463094656068,0.3394917746906304,0.3148220013259409,0.320404093018805,0.2813484301166238,0.2477130946436557,0.1559171197301774,0.2383464929138033,0.3484959378842573,0.2585061325237242,0.2814151547288598,0.21423084920802,0.2175775001378521,0.3023271141931586,0.198712234297742,0.2326535950708287,0.2758873753547847,0.3254646973095374,0.2786381733156113,0.3072185729370852,0.2646837232834594,0.1003046906405452,0.2159961861528278,0.2136671193387802,14,CD8 T cell
380,0.2449489947663889,0.3487843135992183,0.2598256150352314,0.3269846248155981,0.2920087026480957,0.2642467386918909,0.1513227994983346,0.2323109237222365,0.3228756027806195,0.2378032216963885,0.2974688587805482,0.2189606825514117,0.2344765554000273,0.2987303033273836,0.2162735212881653,0.2353220785280883,0.3065261078180081,0.3509484359784969,0.2902334494777911,0.3172551041596043,0.2571880869183339,0.0995763092636769,0.2104749585600248,0.2104589938017818,6,Antigen presenting cell
381,0.3482996258772166,0.3672353457756495,0.3953962162366004,0.3943011827450719,0.2740067351161857,0.1409968352902867,0.196310407422304,0.1855027845146411,0.274925866009375,0.288389774429212,0.1584158089072874,0.1872897875178767,0.1193818400683702,0.3052666460393133,0.2775644229289044,0.3138319726746266,0.4151930578490997,0.0679064732595429,0.37076161587573,0.4094157449880879,0.3132397158700444,0.0492431372763734,0.0960793673366634,0.2073717172639375,14,CD8 T cell
382,0.3452301503487757,0.366606509695613,0.3854959055806565,0.3895964468357737,0.2731946851982127,0.1454143210267009,0.1940169155288537,0.1889769280296026,0.2761094460258623,0.2897129575896907,0.1620820784493312,0.1883437326499039,0.1238970821683311,0.3054587332334204,0.2744091118286827,0.3131107484778221,0.4067540778846639,0.0763084901877076,0.3667296396646945,0.4038259360815169,0.3101280250788245,0.0554440133583801,0.1045272668511831,0.2093979465267368,14,CD8 T cell
383,0.3410196905184172,0.3638625114662492,0.3836412064354507,0.3873125978082822,0.2764094302639542,0.1549207152542682,0.1928174589132865,0.1878371053221379,0.2775569495147793,0.2820455813190533,0.1690078268199659,0.1882428305175497,0.1361895133834749,0.3038203519730416,0.273007788435702,0.307821783157559,0.4052220612924456,0.0761034427730289,0.3637365098249896,0.3998556661566871,0.3069055273417163,0.0653278493826652,0.1062286257200001,0.2082773783303226,14,CD8 T cell
384,0.3342578065127787,0.3613620065353135,0.3713843392022227,0.3818788288370449,0.2773953464764735,0.1646157811060288,0.1891281708325067,0.190513463925236,0.279044151555529,0.2773588049431484,0.1768509292444691,0.1899750831350344,0.1467944508067846,0.3038341958896307,0.2688419008221464,0.3041655387624815,0.3947721519609912,0.0872339051976868,0.3584802117028273,0.3925211891512982,0.3026680587352013,0.0774292978343461,0.1168868443195668,0.2101067547068708,14,CD8 T cell
385,0.3310708892162848,0.3596106227373054,0.3669396952224296,0.3776214607788628,0.2796564495602149,0.1744337481312698,0.1875401013288309,0.191469941237813,0.2817532398290803,0.2732058224118765,0.1839836132861914,0.189735043706204,0.1594270652529714,0.3019020825640537,0.2663138577770977,0.2996273410531367,0.3904206066625881,0.08898175719541,0.3538032618471068,0.3865224232074749,0.2978491689369256,0.0869794726164176,0.1205623712336078,0.2093579096298677,14,CD8 T cell
386,0.325973252754656,0.356775602698264,0.3598499950890353,0.3720611556726384,0.2819173522821405,0.1859323697192688,0.1854212952545477,0.1925827283830429,0.2842767394537944,0.2689840804496213,0.19263677206628,0.1897593256443471,0.174035447749978,0.3000279377695986,0.2630417365465121,0.2942855923305086,0.3839317154187404,0.0929450098397599,0.3480240059878803,0.3787442787631306,0.2925495997394527,0.0998155693724731,0.1266583481019263,0.2094504620486872,14,CD8 T cell
387,0.3211201914296537,0.3539198906195668,0.3534210183175437,0.3667290147323854,0.2838762037895738,0.1965930654504916,0.1834083986983008,0.1938707495904756,0.2870257374916476,0.2646095865061088,0.2009299704392176,0.1897938000263357,0.1876452939428279,0.2983978736352916,0.2598367190074229,0.2891713399199306,0.3776407656543696,0.0964082627910493,0.3424909212767844,0.3714431346348693,0.2878929214062014,0.1117987341313214,0.132718847016383,0.2097530033307262,14,CD8 T cell
388,0.3161847208992819,0.3510418693274457,0.3468842253406223,0.3614633318944555,0.2861455193141758,0.2077974082496747,0.1810637273901629,0.1951451214909525,0.2894286238058919,0.260005027163974,0.209320562636786,0.189986243045983,0.2016845521273339,0.2965838330358029,0.2569286208201565,0.2837089530730951,0.3723904453579519,0.1000747156761307,0.3373040075305576,0.3643473251210267,0.2827555424642753,0.1239424944428371,0.1383706324370823,0.2093664923565275,14,CD8 T cell
389,0.3113690541819179,0.3483145428658878,0.340242670594155,0.3562577096157839,0.2884585517646621,0.2190964101760151,0.178908849792705,0.1964412137282889,0.2920313681203829,0.2545787692707306,0.2176349744360939,0.1901162888915532,0.2159533910249761,0.2950027429891846,0.2538325567094003,0.2783333734355391,0.3664354834758588,0.1029136646351509,0.33198845873065,0.3569995772385649,0.2776812392094004,0.1367389999712454,0.1442906500874015,0.20920815215353,14,CD8 T cell
390,0.3051786561699293,0.3443617959034648,0.332740443780699,0.3492203972263945,0.2910221768251532,0.2331088130670321,0.1761378738280513,0.1980288805047213,0.2956356513035575,0.2486993115264085,0.228301389579999,0.1899436570889081,0.2339129505316435,0.2927127454712056,0.2500502283251121,0.2712656705010192,0.3598649081419433,0.1066683419747122,0.3252065084995161,0.3477478426940154,0.2714191226976675,0.1527535288830394,0.1514068342086688,0.2090892681283868,14,CD8 T cell
391,0.2990570952668538,0.3408951024271555,0.3249594475663514,0.342910679329079,0.2933465594846917,0.2455479291007166,0.1734465459047212,0.199708000669815,0.2986257850473512,0.2429949970653912,0.2380155353774174,0.1903573292172995,0.2495685113900065,0.2911534150755837,0.2462087931517156,0.2649157316159568,0.3528078380012784,0.1117639449231441,0.3190977054867841,0.3393445017801392,0.2660296548601558,0.1671252906537297,0.1587852257726505,0.2092105972473104,14,CD8 T cell
392,0.2909708941548734,0.3423229656116395,0.3143101549687123,0.3411700580903056,0.2935680642085926,0.2482787304405083,0.1701439511858974,0.2044263549382179,0.3013140049353627,0.2423261292852007,0.2472459493743979,0.1952890372832668,0.2472059463481185,0.292329584109319,0.2415774312578225,0.2608941344007819,0.3446217190273055,0.1468870821776317,0.3145668529877038,0.3365881344438219,0.2651492868053398,0.1568549445148748,0.1667387973877746,0.2093541320135986,14,CD8 T cell
393,0.2847448664639216,0.3438833970413862,0.3050658825378148,0.3408408474257802,0.2937730451199691,0.2487954690022596,0.167492226011537,0.2081962291891223,0.3023133545531673,0.2410755489693578,0.2527452281374976,0.1999038941056596,0.2430608334044317,0.2944345188911565,0.2376878319773035,0.2588962578547995,0.336803529501722,0.1744521635542686,0.3119753910174478,0.3353698731453858,0.2654725070520441,0.1484783458746969,0.1738092171696729,0.2102705888896429,14,CD8 T cell
394,0.2775311173763908,0.3441821036583444,0.2975736082467384,0.3389825028109335,0.2925236845840996,0.2497955235007607,0.1646188676538919,0.2121529131898843,0.3049811842069167,0.2414913322322334,0.2592212890851766,0.2031886716719224,0.2392377094555711,0.2949288368668935,0.2357564999391761,0.2553079099818199,0.3350229884385117,0.2070886027850088,0.3096265161594791,0.3334217097912562,0.2641868273376906,0.1385913668986702,0.1791913123404821,0.2097497868304171,14,CD8 T cell
395,0.2719715353964169,0.3463717221990738,0.286691276731847,0.3398787084897716,0.2930533160466208,0.2511571084945571,0.160907781194064,0.2159656075290867,0.3063198286724932,0.2410776077893222,0.262790120091009,0.2076579828031254,0.2336650578605437,0.2966876850427602,0.2329941077922739,0.2536296936122895,0.328791711269411,0.2361325530855776,0.3077150360395519,0.3320787408426882,0.2635579240226678,0.1294066515892861,0.1859695204504865,0.2099111248969311,6,Antigen presenting cell
396,0.2619136977562682,0.3449671017519888,0.2809379433494555,0.333430640854299,0.2918527064974767,0.2562432454838786,0.1585481589783391,0.2209941017906473,0.3123105923943525,0.2384894694178183,0.2762860056692132,0.2101191805934065,0.237405301990152,0.2963811224881774,0.2285045393120441,0.2457432569926101,0.3255801341420943,0.2719458091426306,0.3019596915828831,0.3264633131146409,0.2608484052951534,0.1221645495161834,0.1931743942789206,0.2094616093068946,6,Antigen presenting cell
397,0.2599007577467312,0.3500314733189942,0.2700919387322252,0.3365688754209858,0.2952471685837578,0.2589512969618306,0.1563246367911942,0.2247265752894361,0.3137597192448649,0.2404379692150257,0.2824601884844608,0.2160150061933297,0.2353163591777806,0.2988281285236958,0.2203684496599832,0.2459895047463668,0.3057714258613862,0.2880482678540185,0.295610848940601,0.3245608996477265,0.2620430107031671,0.1128630776708281,0.200234205263882,0.2115298374912261,6,Antigen presenting cell
398,0.2521529129517748,0.3457702807271345,0.2703497358093288,0.3300421808888603,0.2910494794486522,0.2595788451328225,0.1548909600454692,0.2264898989539209,0.3162401215619301,0.2371409717905591,0.2864777704646143,0.2145749218575462,0.2350982095499303,0.2968307617214641,0.2252090430001496,0.24032939674331,0.3219467777620195,0.3153178708974539,0.2979854833718801,0.3229619387362934,0.2580692390708539,0.1097620152458182,0.2006638320184502,0.2085235632238425,6,Antigen presenting cell
399,0.2441677410552409,0.3448976980483597,0.2634840935473457,0.3318860034864035,0.2846468230310668,0.2461110062652,0.1516725547275015,0.2298010638145497,0.310744534250877,0.2285036432743997,0.2819633911082442,0.2208512326645994,0.2148163564898428,0.2989147889324035,0.2339639846028474,0.2430092559225242,0.3362602194490148,0.3694009977270159,0.3074066771413108,0.3346485015870116,0.2580075362062288,0.0914690545009042,0.1991110233331103,0.2053189166228531,6,Antigen presenting cell
400,0.2382322981010531,0.3453219482401757,0.2586774925236745,0.3242084028843075,0.28911258029456,0.2638120472641323,0.15066667083126,0.2341181110750362,0.3228515578463063,0.235337945754679,0.3017982697743134,0.2194644563038058,0.2334277731199893,0.297313957050058,0.2201293546841434,0.2319440913539794,0.3174358515682122,0.37241442656774,0.2917938809123286,0.3173736542235385,0.2550230658998578,0.0939571207377363,0.2111128609043925,0.2079564635481979,6,Antigen presenting cell
