pixel_som_cluster,CD3,CD4,CD8a,CD11b,CD14,CD16,CD20,CD44,CD45,CD45RO,CD68,CD107a,CD163,CD366,Pan-keratin,FOXP3,E-Cadherin,HLA-DR-DQ-DP,Beta-Catenin,B7-H4,Granzyme-B,Alpha-SMA,Vimentin,CD31,count,pixel_meta_cluster,pixel_meta_cluster_rename
1,0.1935051275251829,0.1882790564564345,0.1364701681690016,0.2604329290062395,0.1827304876474303,0.1396335577678111,0.1412054420808534,0.2364379040920442,0.152329436951831,0.1256044419325722,0.1424846271706031,0.2563588968037938,0.1479212625635997,0.3225919377434851,0.1202364965291668,0.190174026614513,0.0877105722183795,0.0872632769137488,0.3372856011731214,0.194055030955913,0.2767761675910088,1.4212957402301225,0.3432100008947927,0.2386116158426464,88400,20,aSMA
2,0.1606267258476837,0.2053976537115926,0.1417074873514231,0.3774146116744608,0.2026732796132891,0.1008025009307483,0.1308333932705729,0.1051799617909849,0.1489397107664062,0.1251117154740562,0.1473075898010927,0.2261924754072493,0.0575805784267365,0.7367018129642011,0.0813859064210919,0.3008622740490113,0.0537405229686351,0.0533683823968043,0.2796207776626443,0.2433848918380991,0.5338215044597117,0.7183953655010357,0.6218971207352965,0.2424859111024045,180664,10,Vim + GzmB + aSMA
3,0.1921385575454909,0.2258386941346634,0.1608866086500627,0.3098355937952635,0.2208901641377985,0.1201909270803598,0.1311737675219395,0.1602565778095126,0.173323029135736,0.1389435747838412,0.2050667420848254,0.2639509716808823,0.090707580947058,0.3417533409665156,0.0985697529313445,0.22102348159476,0.0801626689935574,0.0745490329770941,0.237393089463704,0.2412128174672864,0.77325387973275,0.6675800447680686,0.6717027946372303,0.243718097195163,238002,10,Vim + GzmB + aSMA
4,0.1706373481412705,0.1957699647734169,0.1628971173803544,0.2676367546573016,0.1910213447044039,0.102869459998614,0.1120560945872132,0.1586466528093136,0.1536386270829423,0.1429110986510751,0.2088085474405846,0.2343530448035309,0.0972738637626007,0.3029336122998963,0.1127368988684179,0.1720111710339216,0.0801971964680464,0.0778569008612121,0.3046461572889402,0.2395053369761373,0.6256346088718887,0.7049273861711942,0.5639579375382372,0.6158601971777972,112970,35,Vim + GzmB + CD31 + aSMA
5,0.200702804222345,0.2309418818357224,0.1967434385481253,0.2663001789634404,0.2210929622838922,0.1542031292324093,0.5761692293955474,0.1720059235805251,0.2120015107378826,0.1480495103338961,0.1710856949317354,0.2253038052429994,0.1461946311866747,0.3439265707046838,0.1250786828444023,0.2250404436008724,0.081820897768696,0.1133944402339607,0.230986139027208,0.2062245612111402,0.2900299788768429,0.5903525223867002,0.3689601605134561,0.2375791967444364,96171,20,aSMA
6,0.1838933337898103,0.2307392415473634,0.183965786515499,0.2403119559251544,0.2513604201166585,0.1683360790795982,0.1515531324876037,0.2376081433048669,0.2014280454439297,0.1637248284413966,0.1750058485373918,0.268293787684519,0.1613440824126915,0.3144505113163209,0.1463488925845485,0.2184855583913713,0.1013464694731465,0.0901294957562278,0.2753781904674278,0.2164173508837365,0.2814587767174765,0.6990955432563821,0.3480156647754971,0.6169285509574401,174088,35,Vim + GzmB + CD31 + aSMA
7,0.1879352786529501,0.2073399120472857,0.198599310084651,0.2299408064974928,0.2221758979747387,0.1635899629598076,0.2191578738598007,0.1603227747494835,0.2045060949757857,0.147620449384032,0.1782830516812324,0.1761160737077136,0.1998491699629477,0.2620813378410326,0.1496912466583126,0.1730821049567029,0.0944559572466639,0.0899266368470445,0.251298149396556,0.2065571287331104,0.2517809764232807,0.192105925201209,0.2893279950494977,1.3852334519996778,53586,39,CD31
8,0.1651414362340278,0.1897634339412155,0.1667692083475873,0.2456424915547984,0.2278652575846649,0.1393586719515165,0.1047244251452079,0.1445925843028726,0.1538560550289884,0.1389626415788326,0.1962812593817695,0.2670003800911073,0.1378676358970295,0.3321322730752193,0.1066133150167396,0.1655617198051305,0.0898990507044077,0.1184785709983018,0.3229608430592838,0.2331674314102455,0.4619539051436994,0.2434802728211426,0.756573895122027,0.8700566755042424,67973,35,Vim + GzmB + CD31 + aSMA
9,0.1934977310997733,0.2289257088518251,0.2139354767497631,0.3813905521347852,0.2211635307157277,0.0891705887161596,0.0926517675691765,0.0889182015103492,0.1496131868677037,0.1302644644321642,0.269551859678625,0.2512321001713686,0.0709788855663559,0.368227454468269,0.0898090012314894,0.2204369608672756,0.0831945291863376,0.0888663041346246,0.3590644442584366,0.4955968517559664,0.6912460436465862,0.1454680939247052,0.597709462170018,0.6018169433790879,131401,35,Vim + GzmB + CD31 + aSMA
10,0.1802551763033983,0.2573204325879499,0.1834239635047655,0.4719601548325189,0.3022208461117998,0.1499592180445106,0.0592424616468867,0.1459957923317964,0.1624455526850375,0.1137308862068404,0.2216316509927887,0.2198655911549769,0.1130167558792535,0.42603387675219,0.1195396032937671,0.2875931644066983,0.1301910501384685,0.1002579600207491,0.4899801681117998,0.468467661880214,0.4746481730698234,0.1254486893061738,0.382419798212516,0.5547525764153023,226604,35,Vim + GzmB + CD31 + aSMA
11,0.2131241729412805,0.2202922148198327,0.1574557913554616,0.5324917010130469,0.1964285796952144,0.1384240567282258,0.091599643468572,0.0934669410599098,0.2434557155277299,0.0639019129417963,0.1434288268176731,0.1007251868202345,0.0803674050010333,0.483118926302549,0.2125461118389329,0.1929799640432363,0.2084892318626679,0.0400740172575549,0.3797412662719204,0.9997335503074049,0.5062519830154866,0.0405576393974851,0.7623750589187337,0.1574728977016999,65308,6,CD366 + GzmB
12,0.1582787185469779,0.2206396763588017,0.0792607248435822,0.4671219616692164,0.2844363922934631,0.1371276343783709,0.0513894646962055,0.1733693953859744,0.1126492676401422,0.0655500063063954,0.226298888277639,0.3577728130389742,0.0831709008547492,0.792447693396284,0.1403399777508059,0.2182874205526062,0.1261236027284736,0.0371458603858901,0.3840735980027842,0.3306024880785104,0.7471004367163212,0.1434462377845349,0.6449360550057587,0.1621771534663659,111783,6,CD366 + GzmB
13,0.1907118113277832,0.2052772658952703,0.1265098693577203,0.3072418028940936,0.3519314838775459,0.2385834081737602,0.1674039493961133,0.3516199645571105,0.216952743833706,0.0972799496036163,0.1635241754722544,0.2680940458358938,0.2344138535043725,1.4066936395489291,0.1293120414688358,0.1663321761792146,0.0731457922551856,0.0583312267913783,0.2671020998982518,0.1853770361176593,0.2547289961105806,0.0987141720419546,0.3071965673232472,0.1489990669187725,59336,9,CD366 + CD44
14,0.2387939877875909,0.2896463308172797,0.1097584154921239,0.4804582278400134,0.3312702304106137,0.2022409565758395,0.0409331838372904,0.2542039783182989,0.132798558898006,0.0701628687415777,0.1568873229552357,0.2214969882788279,0.1590776058986519,0.983687497953094,0.1680472583604544,0.2035160527201004,0.1301553474172708,0.0561542151491544,0.7124140860761792,0.4835698743556884,0.2933389206784995,0.0901523765079559,0.181863451785965,0.1949548205766586,107543,6,CD366 + GzmB
15,0.2783992474784522,0.2834633698498585,0.187512143086997,0.2869707666650204,0.3056759844684049,0.1597967769914233,0.2056335675825646,0.9477087769370574,0.2287529839444,0.1027331728021739,0.1984236149998598,0.248827767656778,0.1842465662856854,0.8444621601931498,0.0820404347860493,0.1646323767182663,0.0666298731728049,0.0561261142266915,0.247270774938967,0.2115854095502919,0.2017057786419165,0.0752562013784842,0.2037059534146494,0.1666147597860706,86791,9,CD366 + CD44
16,0.2415114180992208,0.2657678729252494,0.1925269370957419,0.2413878809718113,0.2544043300245707,0.202248264760611,0.2150122102623326,1.4529729618240954,0.2703126788009716,0.1243387078172395,0.190912621206842,0.2031793644740762,0.1852922896476592,0.2343964646742813,0.1620955592701823,0.2005428367868096,0.1637759442606166,0.0839660826142712,0.2117254822833383,0.2348827328163198,0.1364329356463135,0.1132204893093144,0.1191963013539711,0.1725839422442547,61769,40,CD44
17,0.2003982400355533,0.2272795669141337,0.1559838807993427,0.283701702761306,0.2932557642276142,0.2098738768614681,0.1436338013981265,0.3345435327522526,0.2490499107503197,0.1301372050714162,0.2300704644767481,0.9609205474298672,0.2162097544495314,0.5425955422960599,0.1283535397682063,0.1748087146057917,0.1070493489262612,0.0806294659585312,0.2470661437344354,0.1794164728285134,0.2328704243199294,0.1660741937484277,0.2740999942061244,0.1367199744606165,61260,9,CD366 + CD44
18,0.0615946159632576,0.0790951992950509,0.066229703072474,0.133981562608773,0.1282982384455234,0.1421875359272575,0.0603027984281236,0.0470237444083914,0.0863008445233473,0.056266727570257,0.0641109322993173,3.4077498207002352,0.0728597296992107,0.0514904103801846,0.2775506019704189,0.0590577775459307,0.0763913813370608,0.0515256409950909,0.1580617307430029,0.0698788262727863,0.0553637846298261,0.0463322764155991,0.0461238454231096,0.0488517967308468,130335,38,CD107a
19,0.0926207625560452,0.19150358532858,0.1438817496917135,0.2581871405011451,0.3245742860729159,0.4055280637560345,0.2183416459448939,0.1089090962704136,0.2172642657911064,0.1432465435300389,0.1258488550133235,1.4321951037748308,0.2701288988907815,0.111483110942142,0.5378991990026368,0.1266474820946735,0.1639717527481222,0.0677737219110693,0.271881450174808,0.2031110758267283,0.0826113849723276,0.0800269618448945,0.0813443275953336,0.0790779250916259,124317,38,CD107a
20,0.2093194168453669,0.2805412876877854,0.1764051475696727,0.2249409256114578,0.3194728048118426,0.3938623281813695,0.2518987760889387,0.1821630195815666,0.2695773477728542,0.1186186374042315,0.2274671665749626,0.1814168888846701,1.7253756565391127,0.1937993185640454,0.161688527307048,0.1883489459400781,0.0804809171802458,0.1084099195635948,0.1644594808521308,0.178454212464527,0.1413695242671827,0.0813307243189889,0.1206386338751821,0.1486197367728071,33400,11,CD14 + CD16 + CD163
21,0.2167484992199716,0.210984793342504,0.1524788549097789,0.2362733067862002,0.2418856889685717,0.1681310288104304,0.1756553253988482,0.7472563181048424,0.2205555613811018,0.1144143632439733,0.1728262920924283,0.3022168436424218,0.1568676691194013,0.3031461933940979,0.1179605873053122,0.1800172402903544,0.1020131600797378,0.0822712137979763,0.2528379087117649,0.1754929671772933,0.2377660214632405,0.7751236102553419,0.2918869118976974,0.2472115911910229,73596,20,aSMA
22,0.1674684456439313,0.1764799495689242,0.1029849050064566,0.2271245293152091,0.1715365160606074,0.0959814725513812,0.100986714485893,0.1676474775166611,0.1240888750574933,0.0904824736280829,0.1657896251270863,0.4239619801335847,0.0925270457878227,0.3512443230289156,0.1182972572259225,0.1553154435662319,0.0836823273489733,0.0657840446939187,0.4186933533392901,0.2063616744585426,0.4700122972922234,0.9499545098644352,0.8255874612758607,0.2059224713503869,87652,10,Vim + GzmB + aSMA
23,0.1855102213520619,0.2654402946726074,0.1863157332470588,0.4258156977592983,0.2571802759004443,0.1091070940786934,0.0891914088523439,0.1411081268510815,0.1633895932027909,0.1291246466006828,0.1878574943903126,0.2207012698313047,0.084887776678815,0.4164630613423056,0.1201484790457608,0.2516724044689838,0.094891101180731,0.0695447453962357,0.3797270858363291,0.3986217018341697,0.5330459634232421,0.5063796107065861,0.4601486761232037,0.4100326474133359,353675,10,Vim + GzmB + aSMA
24,0.1834134517676838,0.2356532195559751,0.1749197704247596,0.3133957803453959,0.2725660254062724,0.1281143539388733,0.1221749250193428,0.3135394975080388,0.1854011876203984,0.1233707113481365,0.2037404559369188,0.320266601220629,0.1047260874708413,0.4780406474395836,0.1163374420817133,0.1840763151162051,0.1017529338671127,0.0766240448682599,0.3319923046740766,0.264330728245109,0.5608028257782486,0.4935165897640292,0.4882018856658899,0.2615762931134066,278576,10,Vim + GzmB + aSMA
25,0.2395907785707412,0.2856545605420867,0.2385635047956392,0.286961028848586,0.2264546306522073,0.1447026174191628,0.1804992560291378,0.160186073404149,0.2088915800591329,0.2984495906024622,0.1975873082753941,0.2004524258173876,0.1279761009355347,0.3178427724013102,0.1597038086310916,0.2424803105479782,0.1083187823916354,0.0930515284645946,0.2574587283337744,0.2571352411042268,0.4635445796314889,0.4898466941762574,0.4026582517419886,0.4211617044702639,288941,35,Vim + GzmB + CD31 + aSMA
26,0.2162546414690636,0.2469940569184393,0.2212157714965145,0.300534249999398,0.2752823172137552,0.1720220061430637,0.1391474245392213,0.1464569710346266,0.259588484279494,0.182339388111808,0.2813146572914335,0.2450298461827762,0.174962638718075,0.2811687619731857,0.1077845816334145,0.2131587663394179,0.0876011755576871,0.1251411347747925,0.2489013175321067,0.2518456992489868,0.6058138775005216,0.1734514532639347,0.4424418251400597,0.6675827529211575,168070,35,Vim + GzmB + CD31 + aSMA
27,0.3002264826516432,0.339865613568665,0.2419542714051935,0.2865382873102881,0.2898666067942563,0.2054505150428123,0.4890371948708645,0.1947345894649134,0.274533101936003,0.1890662450628462,0.1893651487413696,0.1403914095199986,0.2966779020189889,0.2803642530321967,0.1534676072035826,0.2534488628423778,0.098264343849047,0.1161225660223028,0.204219616311857,0.2092573762763286,0.2051080525649573,0.1371819870464296,0.1596949505912989,0.5720936105624146,197548,39,CD31
28,0.200955276299712,0.2880531198228706,0.1669847084677477,0.3769355683768449,0.4948513357327195,0.3554028460610107,0.1089578096551179,0.2022111579394738,0.2748174479733778,0.1546495046185443,0.2328720264151972,0.1732800958711273,0.3419627634267182,0.3356665824517295,0.1537549762794729,0.2297628978898326,0.0940980478251726,0.1872923754577526,0.2672872636044686,0.2521311300772812,0.2033183298859077,0.0914781303170847,0.1564816669492916,0.7331561333327266,90666,3,HLA + CD4
29,0.2450351621979825,0.3916959263517877,0.1970523830391521,0.5014959250096248,0.3484597879665624,0.2176502037269635,0.0725369626346199,0.2424173141242835,0.3159412103445499,0.1607348639239809,0.2384290270805237,0.1865008074222741,0.1581567021243684,0.3977052588063509,0.1065347867858665,0.3091336121084407,0.1309130840919725,0.144284000346949,0.3557522990839707,0.4590087531028373,0.4222614086986335,0.0672659791331761,0.2635599420997022,0.2828485143143843,261203,1,Vim + GzmB
30,0.1979737871798693,0.2831176038049598,0.1009149192050714,0.5968805964951069,0.3260419079973671,0.1693367373237812,0.0357400175258319,0.1612321903421358,0.1307673360355357,0.0760483479075955,0.2162524983366741,0.2377792155276291,0.1077696101344508,0.6059631063207727,0.1450568201387503,0.2885066006222599,0.1573111080867295,0.0570683070075306,0.4895525636270014,0.5372991959403464,0.486925582466914,0.0928497650853949,0.507774204823696,0.1966543713143723,280693,6,CD366 + GzmB
31,0.2457572123106328,0.3243288955425652,0.1905888184805054,0.4472062986789107,0.2826690374273348,0.1347347915292259,0.1286559018088918,0.215196980344647,0.2325462542786793,0.1456235731065582,0.2575430570595969,0.2096015268131233,0.1041684618961218,0.4295045179906948,0.0893416534751948,0.3863501057305288,0.0975388673182956,0.0868123401204986,0.2652155769864039,0.3818666169253,0.5978569279541007,0.1241037877442689,0.5143935623267714,0.2274916210577084,215654,1,Vim + GzmB
32,0.1633859921421768,0.168983439318454,0.1175518306939971,0.3084635390471321,0.3012150190020819,0.1908489226659377,0.1526934514359998,0.2737107111285659,0.2112493887349019,0.0818158228149022,0.1602746696548692,0.3315752219150626,0.1553796857506905,0.7753435913035344,0.1475465345603861,0.1160046137790035,0.0460899189638759,0.0496624295437232,0.243386465096793,0.1919824108217564,0.3616799581416022,0.0940759696814168,1.1608570465255623,0.1734507808254843,66876,9,CD366 + CD44
33,0.4569351471872416,0.3443087933174437,0.2242783651926252,0.3490141223183099,0.3143809222455454,0.1529395433548453,0.2165319087353645,0.2444015001085468,0.2636705036213704,0.1481251107683643,0.191531761194891,0.216126163750916,0.1812776149664957,0.7858537888444003,0.088439085044681,0.2034783517537293,0.0635949492301575,0.0623631795622074,0.2610459451527809,0.2334047063405882,0.291887918041271,0.1401159723891514,0.4213776474253195,0.1841838771384766,103219,31,CD4 + CD366
34,0.2308303798273326,0.2638516140392843,0.1597174910736486,0.3084400285557789,0.2868248819908325,0.138586771557717,0.1450768762585675,0.6157112120299512,0.2082657290798689,0.1028673244537893,0.3011478972075876,0.2992983639093081,0.1504116285754153,0.6962634913690979,0.0601542026711442,0.163488257208796,0.0538140645075852,0.0615259744602734,0.2328507847782671,0.2343388743136528,0.5362558688627495,0.0790969144102745,0.5446464845117363,0.1729392477107547,88615,9,CD366 + CD44
35,0.2154714503423724,0.3506964771806872,0.2210210330219422,0.2433202036955099,0.3308462466729693,0.3819459525536782,0.2638129994658456,0.8653281555477036,0.3236420391822887,0.1385297606817677,0.3142126084148355,0.213459734359808,0.3831189711107481,0.2293049757071181,0.1527708974786794,0.1793332311911897,0.1018298633820967,0.1480326052786756,0.1866066809238716,0.1790703190865019,0.1305438434577151,0.1132883232546974,0.1086194256844521,0.1995464354202124,113162,40,CD44
36,0.5974271011265221,0.4451086110486883,0.258927879182326,0.2760517240319551,0.2927293535221515,0.1737415641561666,0.3105792488172197,0.7911491593957694,0.3064854632906111,0.1456535479393957,0.2131284820618968,0.1417067645346179,0.2702316302702539,0.2924754515319124,0.1767050900028023,0.185383552268303,0.0983603381645492,0.0705173491286013,0.2189081609205596,0.229631651058972,0.1219025034891499,0.0776981209710401,0.0913302102227227,0.1678443765816482,114969,40,CD44
37,0.2769847314641382,0.2896920931729866,0.2271533043979297,0.2526630646581929,0.2949161029909668,0.3169043539599633,0.1680954018928288,0.2011438450853028,0.2038025946471944,0.2484218440279572,0.1926759113780653,0.6535981984027897,0.2630426171538026,0.2150553796296679,0.3960232207747777,0.2603895084513996,0.3316046528125099,0.0988048751325028,0.3317680365441092,0.2757317154848124,0.1438131445486832,0.1244728352042141,0.1042913889715593,0.1263100592241758,237585,12,CD163
38,0.0635209200102738,0.1055134571469557,0.0877314803325629,0.1801122639346802,0.230886318175015,0.2624341591924327,0.1258761038366569,0.05818833208645,0.1386628342899572,0.0758675145581633,0.0728990493599106,2.4945248930471275,0.1350411692222323,0.0648877989410676,0.6088390348008362,0.0728383662261258,0.0874841768299065,0.0524558608419833,0.250524365966684,0.1167937649554677,0.0606011798168167,0.0508472032506029,0.0518366716306176,0.0519769213800846,100592,38,CD107a
39,0.1737420824200095,0.3249993617471703,0.19799682342971,0.3168048647751995,0.3684125151274703,0.3314660118255874,0.2553858595990139,0.173098231389274,0.2668435680029192,0.2001361606874226,0.2111014859659772,0.9918011602917304,0.4833743251186302,0.1892191968385809,0.1223499621719368,0.2273980817026391,0.1354723164731813,0.108609578251233,0.1515940961527033,0.2666736017476342,0.0991802612822014,0.0859007855828807,0.0880344412964839,0.1187355365098661,80493,12,CD163
40,0.2397624346669546,0.293949822481223,0.1824093141673166,0.3154184685155448,0.6754925401301052,0.3517077384152323,0.1911441964176578,0.1727601947153773,0.4822467776738587,0.1409073567872312,0.2707801716486677,0.1655094931087452,1.119637610407087,0.2673886095147689,0.1470562376323919,0.1583124464534085,0.0523621554222893,0.0966700824610534,0.215423228026177,0.195804061556103,0.1720917665868547,0.0483798412866904,0.1046206908182288,0.127742604587685,65677,11,CD14 + CD16 + CD163
41,0.1856702509082968,0.228318894436119,0.1208698248414351,0.4502211685775353,0.2144180309085319,0.1077349537270482,0.0755142150504116,0.1736892616567738,0.1283040068047904,0.0829576832190105,0.1595303620157054,0.288668539390442,0.0926752032880295,0.5171802309685648,0.1246849055102128,0.2330833148558332,0.120927205629666,0.0578430147309415,0.6518635502339368,0.4607093358222349,0.3715580278372091,0.6841182719871343,0.3255437378211504,0.2309594035648112,107382,10,Vim + GzmB + aSMA
42,0.2080255040852449,0.2391808958479134,0.1856714822378119,0.3152656313959674,0.2420912963657433,0.1159401017941953,0.1414434993912825,0.600079116546735,0.178658148162333,0.1116739498044336,0.165448597001029,0.2705057999856418,0.101655181142144,0.5072508539776347,0.1256426763418925,0.2394198428725649,0.1681740662793038,0.0622712058199538,0.4330432315504182,0.3376326437968243,0.3143051063418543,0.439655497699068,0.2785262249685701,0.2155854765971999,80647,20,aSMA
43,0.246601754873624,0.2464218790697279,0.1870994541685663,0.2318331508094175,0.2037486667521636,0.1737909563343997,0.1805478616683856,0.159696220101443,0.1680018776657804,0.184683422778623,0.1276940281772764,0.1843896930492978,0.1694362009636913,0.240574081519401,0.7388834192389248,0.2236564612607816,0.2378247834434839,0.0907528086253504,0.361051421576852,0.2705784284651262,0.2050573866803378,0.7194745104923933,0.1834243101947924,0.2274515542830085,47272,26,ECad + aSMA
44,0.188239608933383,0.2501084890233315,0.178091578588187,0.701466604699737,0.2822560875786947,0.1676758585979573,0.2032286464619581,0.149828996180573,0.2228985511551988,0.1578117329807773,0.1998738395372923,0.2471139368753969,0.1136134202795126,0.417211048401612,0.1210144208405392,0.2538952713703802,0.0749806734193188,0.0902643133119513,0.2603545191766385,0.2812529686236419,0.4289431279384856,0.4303324214780141,0.3732582011205466,0.2475754341136403,173064,10,Vim + GzmB + aSMA
45,0.2940224277427194,0.3802176666734149,0.2345526228569444,0.3656767538638262,0.2604117076547498,0.1283838629216893,0.1305353973056248,0.1701597456175374,0.2581716682660575,0.2021428773127684,0.2763880845814808,0.2650266920120107,0.1187952873914278,0.3834024041700015,0.09103163496757,0.2269884368066849,0.0961908836236952,0.0850854339735274,0.2966226004501404,0.3438934683741946,0.5341812801560054,0.3812257328805264,0.4111996865952144,0.2039115487795995,291044,1,Vim + GzmB
46,0.257899742115809,0.2806678090179761,0.2431934480559833,0.3861922272180044,0.2421646068483346,0.1396127600250994,0.1459436773490435,0.1204452145539799,0.2552925071257141,0.469732337630569,0.2382564113161662,0.19415300522845,0.1021435053587405,0.3861859771507531,0.1131607838720398,0.2450045037832386,0.0917187657920571,0.0884197758830541,0.2112651602050236,0.2922108612189838,0.6172682154824124,0.2029168159730145,0.5136373616581235,0.2709243075787542,181489,1,Vim + GzmB
47,0.2651255018247905,0.3127339100034572,0.2679626456367827,0.3173015040567413,0.2391157731147233,0.1576259455210747,0.165724583375925,0.1320289129677101,0.2697669212029023,0.5913275285864633,0.2224961226853332,0.1548102075622354,0.1241038166771039,0.2945192297593731,0.1171709056951387,0.3069366221032359,0.1086080760911101,0.0980600244964705,0.2126982351455122,0.2847435871775046,0.4224413420273069,0.1514325676626915,0.2984773124038158,0.5288531224970209,172977,22,CD45RO
48,0.2896322664754573,0.3459667249657693,0.2289970444213594,0.3894018223966793,0.2557090880007461,0.175224236390743,0.1570445073468303,0.19499789401396,0.3002353932880514,0.1649378707407849,0.2086751247902645,0.1503679064184474,0.1685205628781783,0.2869779635649696,0.141919943137605,0.4009690556630216,0.1186517175266574,0.0918917141994982,0.2735502827737722,0.3752863185985949,0.238503888623665,0.1054704995365456,0.1458402984299086,0.8015336878961052,139047,18,CD31 + GzmB*
49,0.2342158249378494,0.2795323243789445,0.1996554980353055,0.5364401824561271,0.2444707082705212,0.1479898261669375,0.1102065857229555,0.2334905217532057,0.3902487809371296,0.135764245058367,0.2177769062543704,0.1190119226551918,0.1218691296137874,0.3384286952703069,0.1220083529469143,0.3475950597388379,0.0869215763124113,0.0949629166406993,0.2390992771396563,0.4292370399174561,0.629039507406572,0.0896917714110412,0.2762060932664109,0.5181471007507161,223233,18,CD31 + GzmB*
50,0.2068776793496801,0.2390273380978,0.0975258788594406,0.368347076506627,0.2842854000528535,0.2058009941264444,0.0684415992245334,0.1204039665632532,0.2560302013769005,0.1206555434833883,0.2242866519344616,0.1719103898319978,0.1904217170750127,0.6593264989392146,0.2221275126199796,0.2991314877766278,0.1598503097490777,0.0573048920119984,0.5179954268025305,0.2931683758200077,1.1013221598375933,0.0782271085979404,0.1579333581877621,0.1493101361116295,84833,6,CD366 + GzmB
51,0.2050870094321124,0.2517350712031115,0.1636052311135354,0.3329725939851696,0.3122031202866652,0.2715596761213831,0.134441895926,0.2392297504685114,0.299992661623206,0.1408192639282817,0.2653122754959857,0.1966633109789807,0.2047798123926276,0.3171043689760168,0.1685325289330186,0.2232903837281404,0.1355884411690754,0.105281010996486,0.2370142129780394,0.2368239209546513,1.219653489434201,0.1261321975739369,0.2035384895781896,0.2159737500122332,57228,1,Vim + GzmB
52,0.2114839300123341,0.2436240449329588,0.1652823912641545,0.3700956831850349,0.2531598108057482,0.160078548216767,0.1129560536689986,0.1979805283925662,0.1985884479623346,0.1044751056808406,0.269402173151593,0.2645065189803717,0.1195637951733956,0.3392350502153207,0.1153878341601644,0.180548874892753,0.0977633537372041,0.0726036482407522,0.2662861235891386,0.3277941979531733,0.9078999807887056,0.1335695136886643,0.8366400963259366,0.2033691020526863,102225,1,Vim + GzmB
53,0.2724169558467058,0.2596930922243822,0.1652036431851818,0.455902070479733,0.2810491874685213,0.2720193322237393,0.1353424515322352,0.1236248665126474,0.1982256840437308,0.1129761989550296,0.1682808928317228,0.1200429605850264,0.2273854700169871,0.3228468762935728,0.2533084297490222,0.2726892656379802,0.0868181598297947,0.0703300387906948,0.282114361440696,0.3245703976423497,0.2878312010283014,0.0731831332789712,1.0391186626140538,0.2554603774318272,155089,1,Vim + GzmB
54,0.2267027082853662,0.2717441334741186,0.1501300516853934,0.2750803246063604,0.3848858483652618,0.2932892364103198,0.2213478165672562,0.3389394869690539,0.308578147177495,0.135075054738625,0.2399388074798274,0.2377296313487484,0.7841971251202695,0.5780813020090907,0.0892826886943427,0.1428886458908168,0.0537197703067419,0.1047061358798782,0.168070358416122,0.1472984822239221,0.2405886159033975,0.1082061113358256,0.3755627485428848,0.1802288552717355,52254,9,CD366 + CD44
55,0.1963444911746784,0.2728559587533661,0.1803540347459737,0.238872978724323,0.3028413447749868,0.2825808145082064,0.1516972597059949,0.7651904888853822,0.2718105266778773,0.1586670606476805,0.3238332404951122,0.2629481471469399,0.2383795855040211,0.3406190170320218,0.1099018422388758,0.1524245228189395,0.0930737682649109,0.1585394099198946,0.1818557615549708,0.1812589142252244,0.2731565219098025,0.1423450936967941,0.5418048047480601,0.2023596419058611,55914,1,Vim + GzmB
56,0.2323744326801096,0.307036725418694,0.1764635158654726,0.4313415878562365,0.3036979528359634,0.2335791260677087,0.1060236334419091,0.5547924178978287,0.2255550586323774,0.1318571027527106,0.2537556102815615,0.3510065431731922,0.1851925436806437,0.5137337868100175,0.1158408113973581,0.276977633080235,0.132073167451877,0.1152446335252095,0.3131837920533772,0.3212961893737455,0.2687588234362152,0.0938838369939542,0.2270426296335336,0.2005839392875869,159383,9,CD366 + CD44
57,0.2199127360240281,0.2700429949385811,0.2068585912381876,0.3027193811914451,0.3083949452493014,0.1913014069872196,0.1485645754357746,0.2341648073475312,0.2174419867750274,0.1357468743722677,0.219194393215065,0.522846230154424,0.2605724890988447,0.3478528588244278,0.1101761385635247,0.2098889131121032,0.1195519682695197,0.0851546018305194,0.413082180758106,0.2230304101077115,0.2680425911469261,0.4644273258651819,0.280849785003425,0.2377919523708448,235115,20,aSMA
58,0.2023511474380315,0.3627463447002785,0.2413684491123143,0.3914197841447548,0.326951296226953,0.3967016104951286,0.2397684273998081,0.1986903857742835,0.278488128819496,0.2177230237241815,0.2042369931916209,0.5631521093659336,0.4616513373007597,0.2321797741572675,0.1888359334068355,0.2674883560423536,0.2081143946306698,0.1075081037757494,0.211246608892947,0.2327327731492081,0.1188159845638491,0.1252521268016615,0.0903702294935878,0.1323044024708443,148731,12,CD163
59,0.1943328359618238,0.3536215293249265,0.1864378517522052,0.2212151834077859,0.3035974981031527,0.709119962882467,0.1606257841020951,0.4633177704440326,0.4024283833866354,0.211531859854253,0.2659304119216503,0.2094341457730277,0.3908313327941113,0.2222986309262003,0.134751998202908,0.201925581629154,0.1135049432709987,0.291615611719502,0.1595719785943034,0.1723407975271846,0.1356490222835724,0.1146299987116517,0.1551813004443486,0.3156742212253243,114395,3,HLA + CD4
60,0.1643840027678525,0.2886374506662607,0.1640880896708721,0.2840267355131,0.4369845698502536,0.9090711756185004,0.2136923133562904,0.177898171362082,0.3147098474392363,0.1422031001170486,0.284474764357232,0.1871767906847004,0.90091795531699,0.2012452843153331,0.1972085470745221,0.1981019538014322,0.0671753961056811,0.1123678827609859,0.1867218475522847,0.191655621394063,0.1682835736109291,0.0546352151656914,0.1037014331982374,0.1564405317070919,88363,11,CD14 + CD16 + CD163
61,0.1674499631646556,0.2010681273006726,0.1517567494958915,0.2457689523045116,0.2606821626615256,0.1686008763778573,0.1373516088534604,0.3413476486593607,0.2092611143336129,0.1287759517636456,0.1565306368695962,0.367558398270833,0.1500398671969047,0.6856913685901695,0.1042042018787571,0.1601062068837187,0.0679365456883682,0.0711493023197323,0.2968319833445296,0.1709684075674295,0.2573949435301126,0.6660900307015293,0.422583460613375,0.3406674211420735,115793,20,aSMA
62,0.3506237212504949,0.3134288905955031,0.2676817547979688,0.3145032906317232,0.2266682493332253,0.1261732542659945,0.2427779115827615,0.1498198833868017,0.2202207317084074,0.1975717447218894,0.1457109142097343,0.1955807214453077,0.1437420303920184,0.4739171736331432,0.1124573932888824,0.2090651899933636,0.1087810868835229,0.0650858878378703,0.4283798461795302,0.2521367795505554,0.2145764855960846,0.5989629369298726,0.2332992462227258,0.379172677681844,162154,20,aSMA
63,0.2129876259209007,0.3012729216499122,0.192660030426846,0.4453227737987133,0.2239738343648621,0.1239534560596597,0.1959016970723858,0.1233696254631309,0.1879665656668219,0.1709088164779819,0.1631820381626305,0.1815863457799255,0.077425509944698,0.5839567989435854,0.1046638413975877,0.4264457126608535,0.0723521091335132,0.0708933793848832,0.259085958833383,0.2870494098018906,0.3814877977416632,0.4377025251094735,0.3913374337634842,0.3576541963298582,328202,10,Vim + GzmB + aSMA
64,0.2127936610426579,0.2992899837124753,0.2037837853121119,0.4068333500594436,0.2622362582497212,0.1322808648756229,0.1172581146532879,0.3372415297547629,0.3277155490543801,0.151097845096575,0.1862124070420108,0.2036725239348858,0.092945103399793,0.4148058571297385,0.1097279136830151,0.272238523302917,0.0951055109478446,0.0940042978598718,0.2857653423882828,0.3549538536963508,0.45691989004651,0.3355511084560807,0.3415849105109164,0.3815284824180824,266720,10,Vim + GzmB + aSMA
65,0.3219013900352306,0.3608572704747334,0.3327014909062616,0.3484572302467881,0.3018235460351596,0.1282428325811418,0.1721787112106819,0.1134946681875243,0.252182952669411,0.1761060478380609,0.2499105160089964,0.2310557935979259,0.1503512670463868,0.4465725310821193,0.067753009606326,0.2393904609242982,0.0795899416223047,0.0724599601294043,0.3105805819363365,0.3126559445830824,0.3924362646818333,0.1435960090842853,0.3815411868795028,0.495120790424111,270113,29,aSMA + Vim
66,0.2734157448608721,0.3554960574139719,0.2591187088764126,0.3345662454634392,0.3318691657559301,0.2553122745395672,0.18225886616865,0.1830506050205749,0.3071320122000671,0.2217619604399229,0.2178743358847074,0.2024279240212408,0.3979053521230222,0.3730667321182246,0.1140439641998893,0.2474792819017902,0.1165935699271093,0.0991139363535183,0.2723924528111891,0.2474478591388497,0.3159597517592826,0.2634861282937483,0.2443099695691699,0.2782415171429689,389000,29,aSMA + Vim
67,0.4321043496613879,0.4031463742491345,0.450017291365583,0.4753869521974939,0.2641004055934704,0.154054294471703,0.236458104568681,0.1337048390191334,0.2775752949184681,0.1730713376045864,0.208408847128686,0.1522988321295682,0.1273779964189134,0.3405227044001428,0.1717946470703746,0.4402989157352026,0.188683119651807,0.0707397876872206,0.2475693666919316,0.4185183895133549,0.4240357260617335,0.0621783436524801,0.0935745012452969,0.1780780463743548,150296,15,CD8 + Ecad
68,0.213010818524842,0.2340197554047339,0.174054227898834,0.2813826103820078,0.2304754570728616,0.1841660658106894,0.1392960993470605,0.6441515179705349,0.4767001889572869,0.1616556442623435,0.2147752636054511,0.226030945433063,0.174232117351035,0.2552792173512372,0.1178890623674996,0.2233032206869781,0.1000823775353049,0.1113530925638476,0.2019815923799164,0.2547699004588471,0.2966548691875051,0.1600682038866088,0.2191452419806134,0.681374295320436,106644,39,CD31
69,0.2772176628241796,0.330062829616391,0.4228651286837699,0.4464947275334467,0.2305105294198242,0.140116382129352,0.1015710039663626,0.2430835381095581,0.4554480897482235,0.1901257929414085,0.1889882080775049,0.126879132712097,0.1021129572946113,0.3474528756165845,0.1117848562693173,0.3386054439809076,0.0978202981875279,0.0940311531664267,0.2487076667433315,0.4499412398653629,0.5072824347434784,0.08257386114269,0.2368285405176139,0.4104926026932498,206595,18,CD31 + GzmB*
70,0.1249804912794969,0.1446699500023782,0.1285145391663653,0.4707544992972542,0.4739952412138026,0.383194699355658,0.1489867938699331,0.0703804870516048,0.8143931758675236,0.0652846042649786,0.4320140444897519,0.2281532236846594,0.2575752805726465,0.2459656703311072,0.3228996488450839,0.200992164892041,0.134376614015813,0.0334569876583045,0.3686422221847022,0.2170698556422691,0.8591810010413041,0.0406773933299765,0.0643396374661326,0.0590130103059152,41414,27,CD45
71,0.3293398368211076,0.2658479593288484,0.2219172958778116,0.3089130773307048,0.3260901034544098,0.2402349158140207,0.5625813435736315,0.182349401687885,0.3361508509281509,0.1644930058397947,0.2217460251117452,0.1665092838536796,0.2476859838680428,0.2855476710064026,0.1291704519583739,0.1814972754084715,0.0730485942976669,0.0845942960616993,0.2534190959483844,0.235334289183809,0.5968090073024994,0.0991766117674261,0.183126832949109,0.1892528696675967,62414,16,CD20
72,0.1941510131380267,0.2965095626293187,0.2159205021234208,0.3722289487050824,0.307754204850557,0.2078722332719236,0.0979322427533323,0.1809635490728584,0.2241387512201495,0.1508529284193486,0.3835402875092641,0.2700377982373258,0.1652591459694005,0.3376461695266574,0.0998777514892019,0.2333291614017128,0.1104492781824524,0.1936366308049639,0.3305826415602312,0.3874448378270589,0.4900447333766038,0.147608633141815,0.4143768769445964,0.3734228534726017,271828,1,Vim + GzmB
73,0.1818497836472208,0.3114621593616907,0.1574146990459366,0.245896440643896,0.3500943456322672,0.4033152996974661,0.1115790604742079,0.206052121484439,0.2575931068322805,0.1726051961876441,0.3117856305831031,0.2582681696509726,0.4342226332474581,0.2912093663036407,0.1613190257668568,0.1646440495721117,0.1254990868627545,0.3089557972136439,0.2048156192683683,0.2273297203628223,0.273255735019104,0.1158576947223779,0.6307242616191302,0.2583364409354051,113195,7,CD68
74,0.1857314968550522,0.2674711926877112,0.1794222276926951,0.329591934779234,0.3842097075374832,0.2610238209047201,0.1445501018404984,0.2735903655850505,0.2783030851846725,0.1557489775845654,0.2670227612340392,0.2642621113394528,0.2081341529331049,0.4898524757695677,0.0942393297247461,0.1654981257767019,0.0661330318500328,0.1185254816872528,0.2073334732586602,0.2195109082507055,0.5448005176074776,0.1450211899014988,0.538160156222928,0.3017064063115527,194396,1,Vim + GzmB
75,0.250750492503156,0.3556030210648724,0.2471922228734823,0.3521781623924601,0.3183336143287933,0.286107086412397,0.1280657061718385,0.2661605929108588,0.3197862483386069,0.2309269834785076,0.4009759327475701,0.2283075329267909,0.2742145417875038,0.3190298015373514,0.0960922336480654,0.2243686325300394,0.1132988865290113,0.2092455760362558,0.2051708821404682,0.3392709936895386,0.4064387748166482,0.0781104643335953,0.3348175256442775,0.2256574794720567,532077,7,CD68
76,0.2559223907697873,0.380617031819988,0.2822880878654225,0.3146851250084503,0.3147024004623206,0.2975908100837062,0.1751948720416969,0.1892422832620936,0.33795831615652,0.2462552677297172,0.3299378931226592,0.2210982402659847,0.2797699677282552,0.294250970646576,0.1002906174111166,0.2292099466582451,0.1106254124278717,0.2962565342880734,0.2244876569303117,0.2546100699648643,0.2677642419973753,0.2728259703420766,0.2229095393444564,0.2619967438084112,530197,7,CD68
77,0.1777466347314776,0.2670060916295645,0.1788849725059,0.234010808751567,0.2799887242552247,0.3094145357151406,0.1405179168154391,0.2475293004072015,0.3029458682304823,0.2107403000764631,0.2806165268339275,0.2506717927775428,0.2899368816944787,0.2876969809079262,0.1043868476682932,0.1541426772325066,0.0944251841298091,0.2437117832692719,0.1903281822445451,0.1828948605455977,0.470302882085418,0.4571727277547509,0.437069039685228,0.3093242076504973,161118,29,aSMA + Vim
78,0.172752191153085,0.2681784103679978,0.1695548958449232,0.2379850065541165,0.3392683545514869,0.3919276767868727,0.161946270631308,0.2205625161661002,0.2667482506080551,0.1658676857188642,0.2494163638989464,0.2537820206769036,0.6103443453524386,0.2782554819583263,0.1269909469222634,0.1763976512149412,0.1159578919722139,0.1908502691788026,0.2179989090162344,0.1870599829064079,0.2067031771278502,0.4946535543968903,0.2376212503356292,0.3261582099214226,104798,29,aSMA + Vim
79,0.2182073774137182,0.3155106691029639,0.159631704295267,0.2798760296119015,0.3836485823526929,0.6522693714782384,0.1923200069348873,0.3611825532432019,0.2882226273182203,0.136208645157553,0.2266050148890129,0.2352064283536469,0.3022566335371999,0.6743848808761347,0.114923837613103,0.1775215784427974,0.0742189006784984,0.1062455299492479,0.2316950224916611,0.1750582664336199,0.2594715872509089,0.083189885716678,0.2356686813405643,0.1637968363306536,57943,9,CD366 + CD44
80,0.1533417075643104,0.2537125087139076,0.1325103003564532,0.2693122483518534,0.5986031132570551,1.43990050209992,0.1686239794955715,0.2342719856674976,0.3402033216200403,0.1579029713022717,0.2521152923405464,0.1838745378722216,0.3389302403528916,0.2275845941829208,0.1608060288696597,0.1441057947765668,0.0826243666782223,0.1479302110512224,0.1929213120729073,0.1485804268627114,0.1463850790308323,0.0573403329680084,0.1014577902613306,0.1498900393212552,54534,11,CD14 + CD16 + CD163
81,0.2324379190738905,0.2753516441964299,0.2043224642483798,0.3017825103459351,0.2787806200881076,0.198066369538193,0.1338346689718197,0.2015202195046825,0.2204087323400393,0.1739039552638237,0.1779862261871113,0.2228456018351308,0.1846487484239919,0.3203414229025806,0.1433691390674467,0.2190196444635672,0.1032224498527957,0.1213131335106866,0.2824600866744919,0.2278797867399565,0.3127426824670961,0.868777734101813,0.360632391181025,0.2573800827016759,172404,20,aSMA
82,0.3638462385425475,0.3181840571258996,0.2936523239968233,0.3387077501924487,0.2922960698414655,0.150687863003726,0.2035419714196923,0.4282812138093572,0.2747212806726502,0.1906286202109604,0.1565496466594103,0.1762917823191349,0.2405162609424874,0.4268822818346864,0.1591024211403107,0.2470246483363562,0.1272654873612302,0.0668573521008785,0.2969884404130512,0.2647199001849881,0.2087893742301328,0.3738466708634378,0.1635871871021278,0.2465755706407514,164708,5,CD8a + ECad*
83,0.2532364161850581,0.3199923117357873,0.1221822968964362,0.4586004841049595,0.2724600523982504,0.1718264733782317,0.067149410530347,0.2227512320560323,0.1304245809105358,0.0857574368076139,0.1640404540070759,0.2197712094613069,0.1183400954605806,0.7310642662807739,0.1791391046655087,0.643463342354938,0.1903642108392546,0.0489187972681714,0.5021027653607554,0.3865808665124512,0.2764378066237667,0.0964386284716484,0.2251763048716778,0.1817810099992735,173620,6,CD366 + GzmB
84,0.2055449669790026,0.2883220737434903,0.1191104661390477,0.4234250500662079,0.3190744919078068,0.1686779187993376,0.0615403677879039,0.2123138445167569,0.1434770957360259,0.087485041188715,0.2334776782003718,0.5331592680658701,0.127049119084335,0.6508544542222294,0.1383517904799695,0.2545903448123458,0.1611646883211709,0.0593398690282244,0.4739627283711531,0.3616775483851645,0.4544589656550928,0.1283229931120736,0.3325180397518242,0.1691294426357819,154259,6,CD366 + GzmB
85,0.3449864079371129,0.3795156595911882,0.3913907556037429,0.4275180170542323,0.3021937837417152,0.1489110625443849,0.1685375805419535,0.1507549166988549,0.3260216018298836,0.1846111938586025,0.3220368707393227,0.2571763993956061,0.1375357707165872,0.3697967679666594,0.0625983364664455,0.2628585512939365,0.0889769666575546,0.1037659544833858,0.258710080648297,0.3618297929858211,0.425848231814776,0.0827208220540718,0.3708151893659193,0.2376176821078612,489439,18,CD31 + GzmB*
86,0.3029059908659082,0.3950698513472959,0.2499658241563919,0.2845531189946641,0.2702760800474258,0.1919295409014517,0.2221893488459186,0.6447231822260049,0.2850350447848089,0.167760268219016,0.1907853077493615,0.1626797718223293,0.2109446053785037,0.2903055937532232,0.1637696175255572,0.528464118169472,0.1526199246088691,0.0995258125387783,0.2348759711839452,0.2668222069946182,0.1706263304925957,0.1015490304503213,0.1228438340834952,0.2365469291367901,144652,40,CD44
87,0.5389829100070377,0.4409695719811025,0.5271562520253466,0.3991650920830778,0.3115353532854585,0.2171090038402086,0.2143313855336337,0.2193919102839994,0.2527763749047009,0.1316248170782172,0.1860359506221957,0.1139006938633821,0.24506467749712,0.5776603872057354,0.1048094360066949,0.1975996650517467,0.0691345100798189,0.0510111006258727,0.2434699406077176,0.2560619154357933,0.5290229552330233,0.0639289202702684,0.110978921503995,0.1652977641965152,21393,31,CD4 + CD366
88,0.333866122071737,0.3511659926338573,0.388751006560057,0.3939625054731761,0.2608365675988794,0.1486394242385311,0.1637472928493349,0.3773840097725137,0.3811254794354684,0.2209700628973718,0.2144281809937195,0.1864777260546069,0.1317423246355262,0.348491715893281,0.1039778057908272,0.3325288788950402,0.1286486333896591,0.1116228274744857,0.273530429113185,0.3537328595453277,0.2893395854565682,0.0817573290752456,0.216163885447585,0.3072640194804739,242433,18,CD31 + GzmB*
89,0.219439516955572,0.3160488589762044,0.2371754349488001,0.3772607586674885,0.3080476144904647,0.2575100562412745,0.1171872277017462,0.2858412140107343,0.4751035459409087,0.1980491348264882,0.2645947999371359,0.1654885425416605,0.1982598625435783,0.3091886460247345,0.1092901961670643,0.2914083412672292,0.085109901676768,0.1957570251103076,0.192678762715902,0.331869479995572,0.4608033719150399,0.0920044176850894,0.2185405564973568,0.4487692854734901,300880,18,CD31 + GzmB*
90,0.1769577831186199,0.1936587050357439,0.2475487981841972,0.8690654363587026,0.1641511478219987,0.1746451160099753,0.0985851052475035,0.1485063587208522,0.5192736576250438,0.5526889137505127,0.5770840102047199,0.1226457181619016,0.1337604682386017,0.1553058277058625,0.160008568621504,0.1467314688779077,0.1276830985894492,0.0990602763756078,0.1616865642545388,0.2844550935500914,0.7425212122550741,0.0632081606654876,0.2091094599542946,0.2297244211594017,71693,24,CD68 + CD11b + CD45 + CD45RO + GzmB
91,0.1957409548419349,0.2543354089838443,0.2419928345635982,0.5062201011923233,0.3022045567915355,0.21966323943589,0.0946588835971922,0.1799983612904939,0.3233792746800746,0.2752710455446544,0.4980250297587762,0.2317230821620496,0.1627351726815223,0.3226597200281765,0.3034183994585088,0.2345040599819459,0.2639543418499037,0.1099518650969499,0.2806967721428476,0.4272476307052217,0.4107713765413836,0.0828617678233501,0.1705324240913315,0.1815143102555691,98009,24,CD68 + CD11b + CD45 + CD45RO + GzmB
92,0.1926708299060697,0.3054103121815258,0.2069451805412958,0.2848962212562936,0.2402952450666551,0.1901371059365759,0.134783160938521,0.4538048715042136,0.2801589138347687,0.1316287773460165,0.7236612192704196,0.2973306244181775,0.1822325510710262,0.4069006784081265,0.0926447841032634,0.176172453279692,0.0848300550611207,0.0982795001466032,0.2117255743826457,0.2839538853250016,0.6057938496701047,0.0674567743899923,0.3896184641734981,0.1787759480566521,91462,1,Vim + GzmB
93,0.2918721338167944,0.3142368184973412,0.3012796266518905,0.3234142599450813,0.3311628799916449,0.1922865923169835,0.1739135227254322,0.1677916214335439,0.3102476611959795,0.1761221423189041,0.2960810434883623,0.2709768851532924,0.242537842069083,0.3564352458600595,0.0894464672111796,0.2181575257906594,0.0818515404033462,0.0827219151878808,0.263637172064897,0.2363922123560387,0.3688621828336093,0.3413974508118444,0.3316242987424855,0.3186254464405665,526788,29,aSMA + Vim
94,0.1618981080389619,0.3981248092969099,0.1600300238515264,0.353635076038102,0.3584726726724789,0.3376638590610057,0.1097963413902285,0.220755220112599,0.3241720356930825,0.2102933731581713,0.4870214861592575,0.2901654519244882,0.4021444266046632,0.3280059811213372,0.1001199692422575,0.1564871669668748,0.0857291787399281,0.3511832088618162,0.1589445674344418,0.2817163552521404,0.3737465836112084,0.0711365452876955,0.3253036601394962,0.2227507608187353,443781,7,CD68
95,0.2318830853337865,0.3018451263871006,0.1460812205204398,0.5327299747138386,0.4406176478638516,0.3732856034284296,0.0429266973409416,0.1683122674829296,0.1625414727534312,0.0990950857720556,0.2336583825785856,0.1641527224942219,0.2655361657796245,0.3821800586360097,0.2609985660970619,0.5356909129600869,0.1792598115648785,0.0966527621362295,0.4259997739890794,0.4090992737026953,0.282717111052432,0.0539829455390188,0.1412300218116185,0.2273897426564318,217253,14,FoxP3
96,0.1621755298735841,0.3345308322592286,0.1578949790137044,0.353653455674428,0.3438015142240094,0.3044663224091659,0.1207115468809858,0.2413766755815782,0.3057159039116854,0.1935682287092564,0.3731118272368569,0.2757807567597674,0.2463589057378171,0.3509704183047354,0.113025987356397,0.1856441658773483,0.1027193806174129,0.3374935670748424,0.2378899362993831,0.3014099280103415,0.3363917081296845,0.2874141156795746,0.2941572206605851,0.2330818473113649,426990,7,CD68
97,0.1691964265671083,0.408919556813032,0.1748477113434759,0.4014522967879269,0.3571008457679328,0.3065853613440606,0.1846202041947642,0.137939551163525,0.3423185748156733,0.2537948701445121,0.1977124996318038,0.1826336700447539,0.176778565942986,0.4327100615681127,0.0771873509005428,0.219188959897145,0.0684874243257998,0.3080037767968248,0.1834163641130113,0.2411477000156997,0.348384317277795,0.3390346924064182,0.344520762789907,0.2660823037059743,452493,29,aSMA + Vim
98,0.1884376957928435,0.281054159536366,0.1753968667466242,0.3851989112399892,0.47449794589973,0.2186600917290344,0.1167658587169387,0.2165677714092527,0.2379022180586226,0.1456396484355271,0.1738155342165994,0.2440990715771098,0.1836863140103423,0.6204502375403145,0.1241416892738311,0.1993888052985045,0.1036144160378135,0.1104497700446864,0.412917248466652,0.28320637093996,0.2288385513221113,0.4883500632204542,0.2210876933504769,0.2441301292590848,90056,20,aSMA
99,0.223353110610154,0.2988023663873467,0.1873791707626657,0.3501034121693541,0.3819624187978258,0.8883078413738164,0.0979594509440901,0.19091497344939,0.1980716290754459,0.1358724401449401,0.219899438070055,0.1971407232002562,0.3167867915520113,0.2734347736775266,0.2693255531348625,0.3118144744791305,0.1741572101005756,0.1207053504309302,0.3441728858411389,0.2841256049751414,0.2018595664873305,0.081640697802951,0.1333864321792481,0.2355367792523388,134797,21,CD16
100,0.1438466621032708,0.2691302346022966,0.1365497641357321,0.2940958639181235,0.75130173333172,0.7248184614165325,0.1583926122225485,0.5872612373345079,0.4614242429715264,0.2251351780195009,0.241673759064234,0.1805917041173982,0.3220741176690861,0.264362393087011,0.1223142165776449,0.1308004547396254,0.0610925898696096,0.1312749209654343,0.1605596690749723,0.1415970906465441,0.1396494372702375,0.0902442124804109,0.136226471808471,0.1804210688897216,47759,11,CD14 + CD16 + CD163
101,0.2704476518664263,0.298984718223519,0.2492439443276915,0.2645151888077648,0.2446526637047194,0.200093614017083,0.21071982619928,0.2199538066289007,0.2315568671004353,0.2192417876765029,0.1678033629782821,0.16340103404267,0.1957413697277845,0.2677199916638016,0.1501335597642636,0.65992642953219,0.1364280096678208,0.1182640102841996,0.2368129473963659,0.225685003950686,0.1932346206275,0.4710092244529854,0.1765987416386817,0.3358457637419768,85784,14,FoxP3
102,0.3313005722827881,0.7200494620403585,0.2424378825877926,0.3366052565598381,0.2830874688768671,0.1794999706205478,0.202521745639045,0.2183171256069517,0.2465895857261851,0.1698693313652308,0.2143981491815748,0.2157055881521581,0.2233894322032311,0.6447384480180247,0.128095702455025,0.3199800146970206,0.1385372358865574,0.0764023926289186,0.2795624160824543,0.2883095237374141,0.2032100604029479,0.106739716524828,0.1612427737625069,0.1837155699544696,98849,31,CD4 + CD366
103,0.2427213206520478,0.367847457754517,0.2081886201276168,0.4413169438347484,0.3942282640155538,0.2055337491468375,0.1957715977790512,0.166944237711413,0.3539514870479694,0.1921934086799275,0.1812566669497279,0.1459638174516588,0.1816368876116919,0.4826959724474279,0.1389800508308553,0.5376358730547035,0.1194477900963342,0.1513774920262197,0.271653495321023,0.3651845434657757,0.1919619339728693,0.1056203526442352,0.1549350665492549,0.2570047443670598,130746,14,FoxP3
104,0.5022367666475555,0.5664833942749882,0.4267661944168751,0.7895144007636666,0.2667725328094807,0.3404049973355941,0.1796968321815819,0.1138601788219526,0.2152640835246374,0.1294311624318157,0.1650724385846162,0.0967107295525333,0.1956979965283672,0.5967864896106864,0.0812950291155125,0.2405303273703929,0.0903270577323047,0.050870851916218,0.3068574064620512,0.3191619263604257,0.2450903205499699,0.0345692919699073,0.0702870517847344,0.1893021198130493,242387,31,CD4 + CD366
105,0.908441481824314,0.3188464135526183,0.2681419892161705,0.2913966101060531,0.2894414931982229,0.1725478745376732,0.2901459887133891,0.242477167760387,0.2846666098096541,0.1932258606803133,0.1940779322423034,0.1727634714060613,0.217006607147176,0.3794806190229932,0.1549071739275223,0.2434192419911693,0.1024409446603541,0.0665670071019308,0.2548386650428291,0.2117976985478455,0.20826016664322,0.1515824158730451,0.1660874217736808,0.207496911846919,107628,23,CD3
106,0.3759741612484052,0.2990844272637523,0.2807193395855726,0.3045643043786014,0.3459192756438966,0.1996906202511258,0.2847150322727751,0.2502905457688332,0.2685458452714516,0.1639816086841522,0.1782197459084596,0.1721852211731416,0.640111442286984,0.4145239785145576,0.184090627405801,0.2086386047917001,0.1297179982859005,0.0762782073689963,0.3367514669220202,0.2333144231313751,0.1903008127790232,0.1678013538806198,0.130429155570061,0.2005856207109924,149521,12,CD163
107,0.3657816699863149,0.2077384535911196,0.5458571848468604,0.2677930100180117,0.1849207561407593,0.1235473338569193,0.163383434955953,0.2574000765966868,0.4266790448095928,0.2667486424704318,0.166227039001658,0.2159070351716768,0.1070417082774388,0.3256756569462979,0.0967331631706888,0.1858162338989447,0.0912930618265533,0.111346619388106,0.2601399708883688,0.2323781968323268,0.3724523912320226,0.4904391950817478,0.3354129693910442,0.2754283627537199,125950,25,CD8a
108,0.3562535616020674,0.3133911690788938,0.4666702470574678,0.3399673537353066,0.3524398266367539,0.3069056173827665,0.1446830673519643,0.3992771024849605,0.4580838835794072,0.2126005730862965,0.251766937972439,0.210011109853569,0.2286104376913276,0.3525936235755676,0.1054764471075548,0.1761973140454655,0.0829493311405132,0.1395204830519875,0.2024912040904607,0.2486673313006667,0.2797742052273417,0.0825383097832304,0.2377326636752041,0.2054470210304524,164807,25,CD8a
109,0.4651051857637043,0.2911045052048742,0.5510632790964646,0.3154421889720842,0.227050369067379,0.1485666889509019,0.1546705339379202,0.2738461246609613,0.5058790472499747,0.4072058335330389,0.1749715438750519,0.1818873915227803,0.1154768394734271,0.3763897915399653,0.0975404119910026,0.2040726554624561,0.1036496686938494,0.144186495964637,0.2333522542371249,0.2741525124276691,0.3008853250422132,0.0996524574898884,0.2652206057340067,0.2374386623284902,333975,25,CD8a
110,0.2408612154811597,0.3069578407820935,0.2717026684108843,0.5816387094786919,0.2647121568296866,0.2266034042190067,0.1320821973285734,0.1829576686456652,0.4443460337113354,0.4088959317409447,0.367126559693546,0.1691945221917828,0.1654119840555315,0.242266164969754,0.1276972763517956,0.1827644496781288,0.1337674306161438,0.1923235124392845,0.2027953756744782,0.270724144265009,0.5298975642676842,0.1050485683718717,0.2323075113550845,0.2670153172377461,135959,24,CD68 + CD11b + CD45 + CD45RO + GzmB
111,0.3093193417184924,0.4327865363245057,0.3522894164545638,0.4243430997833242,0.2678854020445089,0.181662891468781,0.1974323690277698,0.1753682281450763,0.3829060121629665,0.2590067852108613,0.6561762820526174,0.2241425483076495,0.1821659866723349,0.2662434681490443,0.0754584847835204,0.2453490377022162,0.0910238989628286,0.1458784008326942,0.1912721056589733,0.2661865524954384,0.455760515785051,0.0538707437734986,0.2110885800980557,0.2083545317253935,68012,24,CD68 + CD11b + CD45 + CD45RO + GzmB
112,0.1136350459532521,0.1839745132626787,0.1875948504906507,0.2460321212065289,0.2800002329150015,0.2551907903290141,0.1873120173999027,0.2198357862574908,0.2380210084977781,0.1178740243335187,1.2762248586510658,0.271683358016217,0.2823563693609162,0.3021976926547245,0.145889183852179,0.1069163751235472,0.0678792297035291,0.1387679021569562,0.1384358448273721,0.1834237708789199,0.2794937708128235,0.0726204079486199,0.8316495324268565,0.1574087399471803,4445,7,CD68
113,0.217761931698393,0.4442196389330397,0.1888930332121965,0.4317207161910765,0.6378292202097642,0.2471456195854658,0.1271092352314505,0.2089469921756555,0.4177795985022662,0.2172009064372007,0.4660846593489157,0.2770020612984121,0.2873112214886065,0.3491882734767731,0.1113717145369486,0.1777640654009523,0.0740415018567657,0.1302999792058721,0.2143342270914333,0.2481900022907599,0.2882890449983029,0.0830805223253453,0.1955882107222342,0.1832727367849441,91087,21,CD16
114,0.1771704233471671,0.3385379313365156,0.1433334537203598,0.444233102443442,0.4102004337924864,0.3201591105556104,0.058654023062235,0.163552564302526,0.2096626707472124,0.1237814308591569,0.3473980678811598,0.2425531174815639,0.4687062305813194,0.3678307656851381,0.1750716933985318,0.2421120183233528,0.108520293049124,0.1858374384795071,0.2871724450226482,0.4387596332277855,0.3482694413815462,0.0820333721408765,0.3226688142297381,0.235610410849153,207320,21,CD16
115,0.1767442506566578,0.3132658357532303,0.1674988655821325,0.3179316226039856,0.5033227088139738,0.3814711593845836,0.142668344082367,0.255006650462014,0.4328898176043811,0.2071060299663031,0.2666622350967906,0.2233640524116757,0.3976825374536732,0.3516301526402161,0.0947218220778048,0.1306664417104413,0.0637509687122755,0.1733543302588933,0.1735423227533838,0.1892031779248015,0.493661638907764,0.1124700609227485,0.3979865737026062,0.1994252576068036,127550,1,Vim + GzmB
116,0.2052937176735341,0.4192900835024865,0.1721027294136782,0.4147969074268107,0.3805078139020727,0.3396461054173649,0.1115732830395538,0.2578197800503485,0.39523428235573,0.2772916472487237,0.3046864184809397,0.1999648418772866,0.203304715110649,0.3540278262444064,0.1158228213836796,0.2464994737498885,0.1237687797402065,0.3555610852930488,0.228592910569085,0.3301729600015928,0.2558902318917354,0.0720855065796346,0.1972023817412898,0.2637712830310745,427456,3,HLA + CD4
117,0.1794099186021924,0.3050030796917168,0.173773048496137,0.2951602030545403,0.4917468862222396,0.4332027383547112,0.1513747662084844,0.2306992046998151,0.3683573781916792,0.2297927718364354,0.1923746852219982,0.2546610690565615,0.2464044344619029,0.3452588949804465,0.1151073226774096,0.17720485331456,0.0818898050061362,0.184565988747972,0.2340863743916308,0.194433777332641,0.204183432644861,0.4523127286327217,0.2142951460735575,0.2982510862600719,195764,29,aSMA + Vim
118,0.171043637673961,0.3556156363706276,0.1302840720199621,0.4428418743583686,0.5614625718860332,0.5225449560848697,0.0656582592144712,0.2134422241675989,0.2531815476853349,0.1428843301584551,0.2425040315771205,0.2210126502431836,0.2792665737423195,0.4420256619574275,0.1246568504800473,0.24355540111599,0.1146128976269849,0.2198670970353804,0.342726420507184,0.3928546979138168,0.2222744775615985,0.0930264040603562,0.1823357019303897,0.2237322829875053,202746,21,CD16
119,0.2028998342970765,0.2651702387284318,0.1813545612011916,0.8801531334981191,0.5817105924542695,0.343546283545507,0.121740829520674,0.1608367256094159,0.2928706462095919,0.1140896820803358,0.2108877655407418,0.1637840294440917,0.2133009221095596,0.3267449328585211,0.2739992836570641,0.2514154009290149,0.1704194902901332,0.0966271644578143,0.3771388780671053,0.4478618974242379,0.2215507533734937,0.0542768352353243,0.1033586372724572,0.1538786020543659,96076,36,CD11b
120,0.1846560722176249,0.2152678785403278,0.1875882135168743,0.3479035452722841,1.2289661108770944,0.3870472552743013,0.293486875327652,0.1826461111809089,0.3547717999306372,0.1342661381112483,0.2120819132664188,0.1667273806848667,0.3808520502712101,0.3326331707684824,0.1813213338269558,0.1576965061710622,0.0556026818177923,0.0794033014389573,0.3026801513148779,0.2016753002878934,0.17462397005471,0.0502967263636589,0.0994669731154088,0.1173239240283503,140107,11,CD14 + CD16 + CD163
121,0.3657699266079346,0.3427216285018458,0.2295004432165326,0.3029340360076664,0.3038741335421188,0.3037072607334543,0.2276013103152979,0.1855677245983562,0.2368090532662188,0.1440708882919587,0.2285054648463231,0.1469070005951911,0.7053449629786553,0.2313683993357028,0.2056733147032785,0.6233017993974515,0.1187089053651342,0.0809631417815862,0.2262610251046504,0.2204724846568131,0.1886831825722467,0.0848973706800517,0.0997458523055759,0.2030875983507903,167403,12,CD163
122,0.3615540480747974,0.4607088985941677,0.3004222857378961,0.697590539573091,0.2849779133313441,0.2069077439235521,0.2237830856546985,0.1355547557058085,0.2658709145997718,0.1802581567124106,0.2006799737086256,0.1318423598985187,0.1797365710169965,0.2856372155655318,0.1330595162346333,0.6314332415399794,0.1350009482396195,0.1177532450851887,0.2514354560865864,0.2880107687072852,0.175952778944107,0.0887233199581314,0.1131351141740977,0.210458352746961,182470,14,FoxP3
123,0.291455116796821,0.4097495100698432,0.2230011138992058,0.741433056501835,0.3795314548496111,0.2643019160920812,0.2602063974904625,0.2019914576191752,0.3374178305320772,0.1848187002632534,0.2664309250045918,0.16443405464934,0.4476580872787959,0.2658098304059634,0.1575815320389486,0.2251434242719052,0.1168283584858746,0.1080719534778305,0.2494585671812068,0.2647704875002379,0.182842528309629,0.0873389078148279,0.1084265375579976,0.192141241285224,141556,36,CD11b
124,0.6334315859927473,0.3254735546011995,0.2728485994371579,0.334888251554798,0.4078843906559283,0.5313475364244237,0.2502123473237186,0.136430868110742,0.2787595846626441,0.1835411994507986,0.2511471026192207,0.1355913441188667,0.4297736378831729,0.2198585762265508,0.1709213621815364,0.2910248150103239,0.0875474924838199,0.0792997406706365,0.2372155696632587,0.2769490999502993,0.2070929405441715,0.0683272771262872,0.0755606054052372,0.1865204626656963,213416,23,CD3
125,0.4137888787418464,0.6989748555702969,0.2160196086848568,0.2492321569562867,0.3388473941233063,0.3115304072999742,0.2414420448719122,0.2208118912372673,0.3916198365334115,0.1873226627164841,0.2670581873399712,0.1505574124024456,0.8041280681885922,0.2434898189327984,0.1308577062934636,0.219132464399976,0.0773315572451717,0.1313614087222859,0.1695997730330571,0.1855672984285024,0.1422241558541138,0.0744067560399368,0.1050300565829995,0.1870922844814207,114198,19,CD4 + CD3
126,0.4748059801792341,0.4503665719864604,0.4175069729110771,0.3244175057916614,0.3171731210924755,0.2267669557719266,0.2900537853684815,0.1671384226761696,0.3098337511113838,0.2087890676135639,0.2627657418270216,0.1357668823843675,0.4719177395492889,0.2610592185140749,0.1211704412904464,0.3416371201530697,0.0977572154946239,0.1072580785412373,0.2120440433325744,0.2399354206940338,0.1747500737309444,0.0866498453381607,0.1007378525268196,0.2682736702320956,447828,19,CD4 + CD3
127,0.3325173319689528,0.3093804306629985,0.8807019779341282,0.295621961006221,0.3760902458985177,0.2487525507935236,0.322599542940352,0.1861815737185693,0.3395049069953937,0.1991468293312597,0.2147993056546416,0.1554700496631186,0.3340886121752677,0.2661188505476569,0.1574561915860486,0.1917599705858803,0.1197799705251424,0.1072800288084543,0.2452068656748892,0.2206464650488714,0.1629919255520869,0.10723986236013,0.1159952320597714,0.2037881521954917,84673,25,CD8a
128,0.3983317883033614,0.2968932750586388,0.5728474396527183,0.2388367358988177,0.3011713991621788,0.3738036945619764,0.1418807225452005,0.3028304928129181,0.510346547938402,0.3997472792592804,0.2594304024628853,0.1917657405049072,0.2693966968812363,0.2635140697711173,0.1012416150677537,0.1704746225275952,0.104564535923307,0.330561296325861,0.1542349553356052,0.1858995377945047,0.168140837379791,0.0830991436153784,0.1722719112403367,0.213204727925088,213133,25,CD8a
129,0.3660032332356313,0.3953708030001394,0.3887363453321421,0.314006760941605,0.2882935835180417,0.2509534979862003,0.1540439353199403,0.2446182412331683,0.4318859701811291,0.3480685595962997,0.2719122878690475,0.1908680452358412,0.1909273727199893,0.3500521169715667,0.0783696558599147,0.19203392978843,0.0898273283646101,0.3162787975218972,0.1857436662317882,0.2425581600271288,0.3181756206144426,0.0857837796793465,0.2807555711977169,0.2281731943007129,424337,25,CD8a
130,0.282822904144646,0.3900315596975101,0.3569063252826674,0.334577936775258,0.3540680306705879,0.3160776683887716,0.1358301202779761,0.2396269169126295,0.3723848900560481,0.2442193665780775,0.4619444501884948,0.273212627236355,0.3226560672427731,0.2882548568632061,0.1078016090340799,0.232683857481129,0.1256716622258911,0.3116581372875823,0.2073555050648319,0.2980147309674737,0.1881437788300815,0.0543075389405563,0.147657389285617,0.2012978002394746,404204,3,HLA + CD4
131,0.424007266525774,0.3568438252503162,0.2863912515710234,0.3208217834208541,0.2625204386529135,0.2080143930525664,0.1894441197457748,0.2086551444176473,0.3122343938037777,0.2230107797014636,0.6193822132177421,0.2384798621458868,0.2616516396889692,0.2663027323720686,0.3743151384895394,0.193317115116673,0.2271191660761816,0.102076327532901,0.3109320434540847,0.4413742957263687,0.1481258323442152,0.0688238773855662,0.0614715450360055,0.1252780487095236,123326,7,CD68
132,0.2656423690889331,0.3142772975383063,0.2488217190971338,0.2831797231674961,0.3589309862713418,0.2824513105441234,0.2494801576640409,0.2994524772011758,0.3507051234773328,0.1695018206273626,1.162395736349801,0.2115692430416617,0.3378937496302434,0.2114326619352252,0.2216815461547821,0.1607340328452431,0.1359359351612556,0.1304890542402894,0.1914171878702107,0.2887700671925711,0.1573101390681007,0.0437044114150612,0.0818688825999876,0.1389404450910521,62470,7,CD68
133,0.2041678199223786,0.3867726921824395,0.1802032039973252,0.2517334814830478,0.3572215272781836,0.4199340626109935,0.1254763774546161,0.3534359477576106,0.3598953076171015,0.1889308265729198,0.6042496299385486,0.3404336753864388,0.562687335936027,0.2810465685080923,0.1050723534450273,0.1781000817338413,0.0769069798591819,0.1717941628454746,0.160916547379584,0.1982243228419493,0.2016685589824743,0.072647804008556,0.2241457839105726,0.1961198465293933,141162,7,CD68
134,0.1896466423653589,0.4879165153942561,0.1488968136470679,0.2890830232600399,0.6315951294905241,0.55525860570844,0.1403253987726634,0.1750609955234769,0.3027905422077181,0.1491806613731669,0.5685093177746192,0.2145601354547996,0.7561154957108036,0.2226039847093627,0.1507455668364739,0.1796601113194439,0.0597500217604882,0.1731038399811667,0.1760874857513374,0.2170874431844507,0.142288091426528,0.0333863846029711,0.1140684995063079,0.1769885079997191,112310,11,CD14 + CD16 + CD163
135,0.2191360721229358,0.4176621337484812,0.2546183392486482,0.3384673916513184,0.4828383670067667,0.4243982824739219,0.1928269604539622,0.2190713975269669,0.3351171710211068,0.1668509260267055,0.2429640586453469,0.1856891964880162,0.6254373390858533,0.2912950331922629,0.1241217895629809,0.2607229563864169,0.0957796557863908,0.1724102763540159,0.2117616809142747,0.2638788065655882,0.1745827082016082,0.0813640980492086,0.1286118388806955,0.2274039438062551,237745,11,CD14 + CD16 + CD163
136,0.1587797536478802,0.3904336867666038,0.1539164394776173,0.3904128914306999,0.3757249899825888,0.3750538949600627,0.1046673698409078,0.2691221680912428,0.340879150344274,0.1896004280612412,0.2732411397057315,0.2063117504653926,0.3699082442829559,0.4125066693618426,0.0963589423937533,0.1836355164935717,0.1032096643072263,0.4571361435864008,0.2087072165283228,0.2957338290649375,0.2857515263467517,0.1212923199908981,0.2774468278735975,0.2112231597917942,292361,3,HLA + CD4
137,0.2024269529209867,0.3627282212052214,0.1780507925997382,0.3902769716763296,0.3825602726749448,0.4918392092760271,0.1057233314161284,0.2157331789437588,0.2873097190938969,0.1592886021690899,0.25537283790799,0.1853869285619043,0.3087394646174833,0.2742982191846763,0.1339024781714118,0.5932598689104042,0.1315413542638341,0.2915314122318324,0.2368209625094878,0.2698028613778917,0.1841959209694643,0.0679451428708823,0.1300350371725163,0.2741042241023436,121936,14,FoxP3
138,0.2190265032910429,0.375704817568403,0.179898517033413,0.3828878162474335,0.4027008345692751,0.3377126812979187,0.1288324945497567,0.4519261290128182,0.4330917788569032,0.2677031619879062,0.1853004126255431,0.1928798117371209,0.1927890405229639,0.2951226785086484,0.1438587764106413,0.2536948231996936,0.1814230407214165,0.1674261389182664,0.2604032162668657,0.2726650840434306,0.1807441520228523,0.1461661692373752,0.1560331935576389,0.2960650906122007,172590,3,HLA + CD4
139,0.1600156588625486,0.4947517852261047,0.1414239244532838,0.3713053929787154,0.7593271046014642,0.7004307229049626,0.1364040425261782,0.178355314232515,0.471644577397466,0.2590977466160593,0.2192779815568376,0.1513317896676461,0.2550157709721691,0.2812007480851479,0.084017153128654,0.1929026853840959,0.0751929292288965,0.3842922380639966,0.1668027773965749,0.2035031504090876,0.1212041074885028,0.0883505950417347,0.1015077881725815,0.212798024615517,103120,3,HLA + CD4
140,0.1423113240423243,0.1550900066424352,0.1657684239073668,0.3386334084277649,0.6686790104891741,0.3152810534067534,0.3374433600629662,0.4421425294111539,0.4759388454356726,0.133248278160713,0.1995221057177485,0.3492658391446046,0.2513243559868546,0.5852243603718745,0.1151963312268416,0.1359900773930318,0.0431346668898362,0.0581297210722529,0.2295139511327109,0.1455581063720931,0.2204276414831719,0.0837282756700219,0.1986715812243996,0.1195383221647184,67936,9,CD366 + CD44
141,0.3777479316737217,0.368074237127224,0.1937279246982696,0.3338764439339732,0.241839002342179,0.2207519392925754,0.1794792792536267,0.1470410585919069,0.1971398886801403,0.1527977663425841,0.1482764266512925,0.0984644644930876,0.1493955184104838,0.2533316843527184,0.240693290326211,1.2755664019399675,0.164245145698002,0.0595600571446731,0.3405794849147614,0.2802475718467885,0.1857023848715029,0.0544961255490099,0.0768999672874032,0.1388092435726826,140929,14,FoxP3
142,0.4077599059595703,0.316987583098729,0.2105782735507418,0.4202450804682129,0.2376182806507297,0.1849959008994345,0.1537323713227036,0.131129855984654,0.2018153435421673,0.172796651951525,0.1902856891132468,0.1355175320062427,0.1567623281441149,0.3715661464629126,0.2036242072135466,0.7821224680286215,0.1415157443947143,0.0731669740911206,0.2871155150076442,0.394142043814757,0.3864739147310023,0.0831167294958284,0.1650991185778361,0.2151999155252995,146910,14,FoxP3
143,0.4422297864872627,0.6429742278755768,0.2323159776133078,0.4192933165643261,0.4143076751676786,0.3106798797434664,0.1682483433540164,0.1593634260201535,0.2398759402852066,0.2621413835715886,0.2153464124940113,0.1495305511259823,0.3608418055654993,0.2243394009603243,0.124778994866889,0.4773085658774927,0.1743515021396205,0.0929927739215821,0.2012749774348781,0.4233038411772524,0.1347489508802254,0.0739144658634245,0.0782835561565308,0.128392003311446,151387,19,CD4 + CD3
144,0.357178135195733,1.209633580499512,0.2587193423046534,0.3448819565097072,0.3203980657128918,0.2561288353271748,0.2200231343823537,0.1979405993488373,0.3166852994019396,0.1681736702932602,0.2341516008429137,0.1477357129959061,0.2831287993140186,0.25212533695745,0.1596800417605407,0.2205800587575128,0.1295674511925018,0.1051248355624094,0.2813960034178696,0.256490796994384,0.1681425879421321,0.0793386010512194,0.0974357365605809,0.1667478319710701,53304,19,CD4 + CD3
145,0.6033394837659913,0.4257292482603598,0.2502815750023514,0.2845405778563412,0.3036098702976801,0.2600777799481294,0.183951090396409,0.1860801140128375,0.3349456729861206,0.3755620815831201,0.3196867966272755,0.1396292247414001,0.4821733371553322,0.2070822477522968,0.0781254169192268,0.3174611501589447,0.1313410472892038,0.1084095871481085,0.1522175805658142,0.5742892065327787,0.210127576702557,0.0343371190694804,0.0883558692121396,0.141495925277367,66921,23,CD3
146,0.2223300936967478,0.2615750643063786,0.1984472993870296,0.2446427613027286,0.4009674592512723,0.3155674938513249,0.7385994253143696,0.16947933298355,0.2728740282889926,0.1266178829906754,0.2262346609378617,0.1200771465028009,0.9616580906986574,0.2144859316949336,0.1557687873162206,0.1842375690042298,0.0717851165592722,0.0743620241319202,0.1909660142161518,0.1630431277477744,0.1547500380086637,0.0712559136746749,0.0820675529079952,0.1482806154092296,75588,16,CD20
147,0.2553670694577497,0.2861208790025582,0.2152617009119129,0.2665373943248231,0.3782548871640194,0.3324181947319061,0.5239256954942735,0.2069987660872699,0.784603161839773,0.1419132916279357,0.2291324120576433,0.1450042366522348,0.5521895352782725,0.218896468991902,0.1699836404719729,0.2032264061409792,0.0680906117875867,0.0776319251181921,0.1942580914238944,0.1857583938883019,0.1616482983506938,0.0710053180672875,0.0892651989566881,0.1729345251134989,97363,27,CD45
148,0.3540422696292178,0.3013267446800985,0.4263716770922353,0.2884026576383622,0.2515894994398684,0.2603778055776939,0.1939108709416867,0.2538337345428741,0.3583056837994869,0.2711915182521252,0.2588555738122945,0.2008227640753336,0.2766966773496846,0.2660272233799695,0.1072516407872224,0.2514403413534211,0.114503082202691,0.1952275320143026,0.197659184110088,0.2702400823014186,0.2247621071995681,0.3161205464672916,0.1790362961449136,0.2797869115864284,232996,5,CD8a + ECad*
149,0.452552202673484,0.436653975800709,0.4654102809156482,0.3908341211248764,0.3509505018220162,0.2249180752439244,0.2004102514872994,0.1536163715310198,0.3522316198592748,0.184230501404035,0.2885464097327543,0.157662553030179,0.2468815779889663,0.2325551123435845,0.0693843620466606,0.3426965105281394,0.1132652771312726,0.5756102023947027,0.2239606704388504,0.3263016910647475,0.1548740640184471,0.0510367916517065,0.0992918905544805,0.1682858814716592,74672,3,HLA + CD4
150,0.3579123493231723,0.3169827448849891,0.4552080866998739,0.2619125239512651,0.2565588827640546,0.2271354241464773,0.1470393443704279,0.2702286297340844,0.41264680464813,0.3273167244748612,0.4504618999006178,0.2646250843606686,0.2418765631836257,0.268877648935387,0.0844977223503922,0.1888681262201181,0.1014164047394715,0.3250408628161478,0.1713126729969295,0.2560340931426828,0.2992042361663239,0.0743753034888519,0.2691273107009159,0.2046819213427616,269795,25,CD8a
151,0.2932427342519927,0.3646069058936614,0.2345133445457568,0.2924641593403167,0.3837130587605697,0.3441990721368,0.5027498645067653,0.2520461549737885,0.3293844051137837,0.1591589860864563,0.4991932305952274,0.1811828960869933,0.3387286033911406,0.2398478194400849,0.1295288480837723,0.2448599966825199,0.0715331218101956,0.148330367744901,0.1795385702140815,0.1861728678478157,0.177244294181276,0.0747915052652824,0.1262843958850084,0.1943956280360177,103832,16,CD20
152,0.2550666538020494,0.4210607444081724,0.2167257587617479,0.2978706775583827,0.2822422383900417,0.2324796576368884,0.16309332094663,0.3231630729600303,0.2913463624102864,0.1721132667198572,0.8688641414783387,0.4284282040698796,0.2246853793261227,0.3224411539131547,0.1637391163126579,0.1705404525682995,0.138641331945654,0.1856879827437976,0.1981062702665312,0.3559744107930991,0.1631069790204005,0.0619281084396071,0.1426159988052203,0.1666416787526964,98339,7,CD68
153,0.1196598497948863,0.3184543676307371,0.1359479057684942,0.1952297071474833,0.3281760903591967,0.490792721817416,0.1278868026849352,0.1588429380086606,0.2841698757797284,0.1372324164535136,1.2160328623835277,0.3687048977370815,0.802418006807494,0.1789627358567763,0.1458610157098394,0.1301017534602184,0.0916795355712498,0.3950680240431358,0.1362353443281416,0.1665834904844734,0.1299077446573179,0.04070357003043,0.1629963257018285,0.1512598102104951,23237,32,HLA + CD68
154,0.1415913054763884,0.3726470490907243,0.1269302450724563,0.3696147690339773,0.4566706140351875,0.397850406745487,0.0537980932999818,0.1647958159417574,0.2480888110157876,0.1447163297765065,0.5930937342259094,0.3283749251581843,0.4686459525329546,0.3212892475736652,0.1328273110261523,0.2098488589753694,0.106925951293224,0.4269648441624694,0.2457627985740851,0.3854843045965689,0.1997750437439469,0.0593741629986233,0.1746117407138239,0.205547950745357,251003,32,HLA + CD68
155,0.1313087770062752,0.4181354882069837,0.1240508858614065,0.273607323980877,0.6663211148606806,0.6006009038684565,0.0894415850898385,0.1736998042521622,0.3324496136294412,0.177182383375987,0.3300774048118891,0.2199990647622477,0.5936999223468933,0.2935037639315623,0.1109603062555967,0.1604216004143796,0.0786817099108804,0.5164108265901232,0.1705063309500962,0.2341192820038939,0.1478967740342309,0.0768255699436131,0.166047664404256,0.1981579654007533,110376,11,CD14 + CD16 + CD163
156,0.2007281060500143,0.4522264581258406,0.1996897050373484,0.3522627464718565,0.4069060779455815,0.3774734206088169,0.1676906814949765,0.1691935596269077,0.3802246725511857,0.253584064053465,0.4508514358903523,0.2439028548812026,0.3849521782231218,0.29278616980738,0.0882212757767892,0.2227030387985989,0.08693218552004,0.4309949193791487,0.1696345689480841,0.2891917692407068,0.1800532412620444,0.0681912897728259,0.1558534532409354,0.2241092591569793,556969,32,HLA + CD68
157,0.1707295164949476,0.4257440923154781,0.1671423065084625,0.3601491946030579,0.4579218668026529,0.4233760508368555,0.1274156591871882,0.2869081413778567,0.4440036132139132,0.311332683707202,0.2912969661369142,0.1964149572092281,0.3988285293907445,0.368601668941846,0.1126467430547475,0.1573721456006223,0.0807693964169035,0.2820655315894312,0.1496310728007169,0.2133021520964906,0.2119568668158347,0.0856953607739617,0.1929392214755651,0.275837197719486,298752,3,HLA + CD4
158,0.2256095781704966,0.4249963349258292,0.201930536846481,0.398651534362651,0.3711132512657716,0.7135847785397255,0.1692439227320027,0.2497851078210391,0.6768316187179048,0.2216465120113829,0.2847638955697208,0.1777551991587063,0.2563442420193937,0.2827526304573151,0.1251731331200347,0.1852533733634564,0.0929274468862169,0.169075046495733,0.2075444092167944,0.1968523718774566,0.1711511003117999,0.0730260071358577,0.1103083919680223,0.1936421700326795,83589,3,HLA + CD4
159,0.334794719802566,0.7148683961275846,0.2285849827801369,0.3187368308069916,0.628246212772037,0.3518509768878876,0.3140605994540989,0.2430133418165178,0.5113153972119945,0.202929513980434,0.2221730060099439,0.1383994725022434,0.2791511267610331,0.255186310934952,0.1275539173450307,0.200722292863121,0.0650241025650978,0.1299172802963704,0.1930790797494018,0.1890093206761699,0.1431982698834488,0.0592695250338514,0.0884059204884089,0.1535222962153938,103176,19,CD4 + CD3
160,0.1481189943339577,0.1339896778984438,0.1233010337734819,0.2163893052131172,0.3409990434925705,0.405385614838424,0.26044066804334,0.1247507301328168,2.345185364230912,0.0875415799301537,0.3186181495570478,0.0959475220773468,0.2400197821993988,0.1220972367812803,0.2688634598034845,0.1882453021222145,0.0754584224773485,0.0323481763884037,0.1671901757615442,0.1796145923559025,0.1778665879225439,0.0553221276340499,0.0576012151860181,0.1016942276473384,3712,27,CD45
161,0.3084129314160599,0.3459677677632767,0.203610104724372,0.4574175727882179,0.2411794340135854,0.2151750761790106,0.1178606862857991,0.1699256743759651,0.1738207857521296,0.1411330817749615,0.1639196709815099,0.1315040452825451,0.1242342516481079,0.2786195905986161,0.3218528821512083,0.8620369267209331,0.4303220432171293,0.0757254232221522,0.4086000115378804,0.3790539783889841,0.2110414378591694,0.0479877684307659,0.0893666778977042,0.1738038975518688,199157,14,FoxP3
162,0.5636318509524193,0.5046709396884749,0.2906045884921823,0.351545815168291,0.2502132920295721,0.2212151746872115,0.1842660040541593,0.1663167194302791,0.2414776863795963,0.2021905655997335,0.13649928513058,0.0976968724235793,0.1111897234523085,0.2574875684198762,0.2874003240031655,0.6435052224849923,0.2917913517399049,0.0433781304163311,0.5016441268731795,0.3327821157636552,0.1456239473905141,0.0590651470416016,0.0559068470617091,0.1314006364428443,150945,14,FoxP3
163,0.3262747429307258,0.624812306226604,0.1683230440513411,0.3597917639346962,0.7899273869529866,0.2102009362845772,0.1044410746183849,0.1222944094440454,0.1495079382467814,0.1367318181913229,0.1274176621124702,0.209934894976951,0.2160375560982335,0.2607816566846592,0.1444362798920101,0.2190026497346187,0.2208228101481814,0.0738360615880452,0.6064466336941545,0.8705845416554462,0.0876331536251312,0.0772651786063858,0.0428465187671158,0.1088240237582128,110242,30,B7H4
164,0.4623030316343296,0.3511464727584639,0.1941976463164015,0.3809313043119979,0.3703012681669703,0.3322228107381068,0.1209791009846352,0.2150479864745579,0.1775700225934916,0.2948275890237994,0.1968720243057208,0.2502673748546783,0.2263633575738504,0.2398742672304037,0.2415491159430766,0.3287469882809214,0.2501715560635539,0.0942600967682456,0.2812120260458001,0.5362397916191409,0.188594751956499,0.1460503342419029,0.1313979243080489,0.1206429241778679,472645,8,ECad*
165,0.4834428601326326,0.4017967890243735,0.2790995899990204,0.3081958679829444,0.3120365446856454,0.2800166896860487,0.1570204247666303,0.2180807286412854,0.2805192119123858,0.3167705672987393,0.2497960417255372,0.4762020880373444,0.3135609654281602,0.2068944328807842,0.1033525245827351,0.3083041818666987,0.162030198798357,0.1306974050524099,0.1777098023567383,0.4308141301217009,0.1620179399764702,0.0887090805102756,0.1124781916292349,0.1308781673839543,221615,23,CD3
166,0.238981103925657,0.3194402347043245,0.2386532111903104,0.24565750853957,0.2741660637826322,0.2982924645389905,0.3389981603969877,0.1874370096286454,0.266280718006677,0.1708117924192755,0.1983123132570126,0.1344485492121903,0.9727220809734052,0.2117548002916617,0.1805535589661788,0.2313861382489885,0.1465423213309241,0.1164854393927848,0.1943794517711182,0.1947464104741059,0.1647028753710758,0.1455463822589556,0.1232695555748051,0.4078357691794044,97168,12,CD163
167,0.2490160765591579,0.2864781351738255,0.336466324542022,0.3556777257825269,0.346771681871144,0.308303812373855,0.272585874120249,0.1758344661397933,0.3488753312510406,0.1521003581691642,0.2219874358175183,0.1982641265044658,0.4021210031978224,0.2726482904465001,0.4272792202447276,0.2297367414965916,0.1577775568968369,0.0642165059127389,0.2564929825275066,0.5601713005216508,0.1632986568959782,0.0619973733810946,0.0734257541183818,0.1572621990616129,115362,30,B7H4
168,0.2871890301930094,0.3350938185465039,0.3527993082109302,0.4140012168003783,0.4095754629413112,0.2882270554502708,0.2142760066522644,0.1826762489640526,0.474054404817265,0.2073675765638023,0.2160677395094705,0.162403245332988,0.2805182789197759,0.2853156703752026,0.1319407817417801,0.2605525191195754,0.1265361823038403,0.2594444320400429,0.2699840114104547,0.3218897149741668,0.1814789116966291,0.0746750787127724,0.1125383303479175,0.3008499601076244,179871,3,HLA + CD4
169,0.3481323339618229,0.4265262725154369,0.3156278647181536,0.2645303719260495,0.2838777904915569,0.3173188588173529,0.2020013477566191,0.2226378169741737,0.4206168594601303,0.3078281440407768,0.4082454571271136,0.2123821093995326,0.3739077163520231,0.236457217461882,0.0869939385995608,0.2429030444875052,0.1175124247445563,0.4550253756110922,0.1557141325111913,0.2230277048544203,0.1706274599807694,0.0689264814383085,0.1462594807508192,0.2142209942733065,384606,3,HLA + CD4
170,0.2637212566236992,0.373492148137251,0.3057610447399888,0.3250521513224251,0.3158870055741117,0.3014409657820086,0.1537873817736845,0.2400000550998855,0.3662330732375266,0.2650758341579435,0.3481055174432562,0.2049816690873541,0.3246757633890921,0.3064729752705831,0.0878029415172466,0.196897231853777,0.1106782208457124,0.3864418960839334,0.1916815929004009,0.297615971340181,0.3121008286314498,0.0735117654295586,0.2612952129610442,0.2242578110113098,748270,7,CD68
171,0.2708499913782921,0.3574218154519961,0.2318668017660271,0.2232727515179916,0.2114627549449975,0.3165740350881663,0.1550857572065593,0.2659452297196818,0.3476396569536807,0.2900497334882168,0.561898104624466,0.1577055759025508,0.445273611442666,0.2248784868994893,0.0622718829731827,0.2118276683881149,0.1032035281622409,0.4990958042752971,0.1199445023392743,0.292894612860197,0.3411683695854638,0.0864860359641985,0.2995704275154498,0.2209820668500137,100658,7,CD68
172,0.1526311439262348,0.2757480037623755,0.1757506958456735,0.2336073255895268,0.258294897695648,0.3644525553833566,0.1417473629366518,0.1942316263123092,0.2606063213849844,0.2102462097606185,0.7776533040475295,0.5343344248347786,0.4151558922232667,0.2141951710360641,0.127443443617036,0.1497463876971453,0.1214013093020985,0.330317378259402,0.156269124264012,0.2080660395262126,0.2460998109697853,0.0863654404012772,0.3667736117293562,0.2131931131942314,87163,7,CD68
173,0.1434438484751602,0.3252756438653875,0.1606333002691611,0.3454829044376415,0.4268306584594522,0.5049804289148638,0.0887853594276997,0.3836251087410898,0.3692583883249039,0.2212484336339939,0.5137297359262339,0.3225737610893486,0.2397367440635477,0.3070025756758789,0.0976031058437008,0.1762254964580782,0.0979788093404749,0.3790338984781209,0.1889367654822156,0.2100599225649124,0.1873688880716663,0.1035876783011574,0.1974522354271261,0.2300481674310928,180764,32,HLA + CD68
174,0.1670867458460963,0.4592348566596978,0.1616302749241186,0.2288372806700819,0.4197001674227292,0.4330264046508894,0.1487983951366168,0.1903146780554635,0.3553388782368593,0.1725588745935556,0.6829934602864104,0.3252902536069887,0.6119925753516706,0.2141264885067816,0.0872179010395694,0.1586384499624227,0.0684523015512933,0.5950964474538489,0.1289821328040082,0.1910773776246631,0.1279800485615437,0.0462049811212957,0.1707904639393184,0.1852368757413905,132169,32,HLA + CD68
175,0.2230691243660646,0.3916032233701643,0.1969737304305803,0.2189676551609548,0.3144651055090974,0.4668819057855714,0.2387876328461633,0.2119579213353096,0.3792048874075133,0.1668746988248317,0.3315954822320633,0.18778972428929,0.8088462383917113,0.2167515900693957,0.1094321185445076,0.2025694604696555,0.0912871539081122,0.5184555048762444,0.1407855617689934,0.1752761520088362,0.1367203934554352,0.0821757290971734,0.1690032538943326,0.2158159802895705,96464,32,HLA + CD68
176,0.182621244613722,0.4866115842410033,0.1675910519709589,0.2505708685571594,0.5713209767320301,0.4665166523275911,0.1572333118982894,0.2247049648131373,0.5711340005933723,0.4783385649592662,0.3551225565510596,0.1791934092283378,0.3329041600152867,0.2202749212658772,0.0872455281088398,0.151788545264143,0.0773372419489762,0.3576262045403607,0.1340494712806126,0.1613174186574504,0.1404989342915502,0.0777812942254165,0.1432147563889865,0.2396644878969213,152006,3,HLA + CD4
177,0.1941590993182688,0.3174717387233641,0.1882743011513617,0.2857303081960571,0.3069424581224453,0.385853509322118,0.1518965603687814,0.1970273009937616,0.3495588504800159,0.540439955490016,0.3625690085369851,0.2454133075485539,0.3014821080853666,0.2459782243758053,0.1272736631171106,0.1806874878285574,0.124267634441939,0.2895138115184436,0.1589976465149699,0.2185603037420356,0.299620768333071,0.140676275641892,0.3102289482076256,0.2365151731903599,157588,7,CD68
178,0.2303152294360851,0.4956905962640086,0.2162837369890035,0.2686920906477535,0.3563194866867356,0.3749323486147468,0.1689277999455295,0.3187407286699437,0.381755667812659,0.2303674592637991,0.3040865716617207,0.2102142989405513,0.3272245846482421,0.2345400792097657,0.1355131997234698,0.2013317561446747,0.1072819485673716,0.2042371853900865,0.1789994133255166,0.2444991819720757,0.199718880665087,0.0958600566104735,0.1496122690453799,0.4765834074409995,158456,3,HLA + CD4
179,0.5295959973505449,0.7470255672903298,0.1665695330794454,0.2441859616852575,0.2358829965992504,0.2016566527546492,0.1418388806636196,0.3854196075450518,0.6160125875473362,0.482400292410209,0.188750365001781,0.1714298967320963,0.1634548084522135,0.2876960570030051,0.0966673538086835,0.1955860254859708,0.0843095167644831,0.1471752252311506,0.1924245332200554,0.184574541894387,0.1851218286098038,0.1274543860241102,0.1622042234296717,0.2178825582603743,133930,4,CD4 + CD45RO
180,0.5515272459580796,0.5458800140199257,0.5059778756463432,0.2419627709834189,0.2163669595384192,0.1573273442458713,0.168651346989108,0.287268972267063,0.5812231394730512,0.5090150721705635,0.1851982127924927,0.1502490433092182,0.1398281853384139,0.2865665066356495,0.0853490880489665,0.2282676071827047,0.0929317320516643,0.184306535443216,0.1758893758393762,0.2099472701763897,0.2089385061211021,0.0771959428412024,0.1849178602942522,0.19802571945144,189485,4,CD4 + CD45RO
181,0.3596730673292069,0.4190676036890979,0.452621754239567,0.3747734630500181,0.2255024494631767,0.200652744754241,0.0190284485911976,0.1404717722406559,0.2015626680698952,0.1207122994238384,0.1816767578165313,0.1102366478865685,0.1550407779035686,0.2891664093531437,0.1265737015057673,0.5930828426646082,0.4943119114494723,0.0632890568844122,0.8332492872950343,0.5179337698231912,0.1361945384981016,0.019241995803069,0.0234440459098526,0.2406536540158233,417983,13,ECad + B7H4 + BetaCat + PanCK
182,0.3151416059304581,0.4097758407057557,0.1974038373430558,0.3751335256368963,0.3510450893493218,0.3689741469968454,0.076158331547909,0.202662644470729,0.23121862345664,0.1362614865422442,0.2120307193838436,0.159098261553951,0.2816252419227816,0.3421477579936952,0.1979565497050618,0.3281069747063797,0.1833167402192166,0.1048331364367844,0.686176501613127,0.3206787241354271,0.2328239978629228,0.0790305582296288,0.1034651222666999,0.2896287106775436,151679,21,CD16
183,0.3933884441706726,0.5034002145792122,0.2030010204442707,0.5162168868502035,0.337571681123706,0.2979156681122042,0.1586326956754883,0.1447400376453299,0.1832445154651112,0.288436840815139,0.13828569099881,0.2987125452914391,0.2961698562502051,0.1942302923144087,0.2518573799890266,0.3318981567314529,0.4968452773472187,0.0508109417585725,0.3139325351187512,0.3898995740245509,0.1200657671294827,0.1133354389215699,0.0608768646523854,0.0847455474518466,400327,8,ECad*
184,0.4921293354364355,0.3708313077115691,0.242510991630685,0.3041523558711173,0.3287824502462276,0.2918170136432944,0.1577882848241574,0.1651061099762039,0.233394579992808,0.3652893054300175,0.1793012932502114,0.172230825005049,0.2930546368912365,0.1814827912474116,0.3109947076825554,0.3208652182189211,0.3913897526070759,0.0786030345478481,0.4129123222004258,0.3962329322862596,0.1469940407501666,0.1277199152594228,0.0722895122963149,0.1176075851848792,520965,8,ECad*
185,0.3429299654340959,0.4091571667277339,0.3881325091515838,0.3558026006147572,0.3548624097692193,0.3583562284003984,0.1793988153150246,0.1379916256182329,0.3374632255722528,0.2951534925336987,0.192554652079837,0.1520519641201473,0.3999836642792484,0.1487956428517151,0.2743033236760066,0.3000572302097036,0.4289953093404853,0.0822742092335807,0.3118236733326465,0.3211623359919551,0.161572425002483,0.0787851187541203,0.059465939167757,0.1353695521048321,476074,5,CD8a + ECad*
186,0.2101440296390769,0.299627661061301,0.2358744203537738,0.2542247389514589,0.2825600326979716,0.5175234844232564,0.2667933412002815,0.1714985138340693,0.3101768588453237,0.1994727873209141,0.2457529609372239,0.190472421879082,0.3854333800930666,0.1953708355615886,0.4288230527690542,0.1926163326654127,0.6048294395091939,0.1291511373134112,0.2849295443224852,0.215071426357702,0.1790229806646875,0.094077639976788,0.1091437971411815,0.1439116358196986,53945,8,ECad*
187,0.2797470182269465,0.3467258011569518,0.3274362088072582,0.316505023418494,0.3013754808892488,0.276237554061397,0.1590973545747938,0.199736980405173,0.3062950836997782,0.231634588480004,0.3489528509871281,0.2205670306405634,0.3097099074291368,0.2432759054759986,0.2424726862484613,0.2440335454318789,0.3579094973230819,0.3416213057103097,0.2950370450989279,0.3407468997452343,0.1822886805096927,0.0795402473814784,0.114716059553343,0.1898786909741486,490319,2,HLA
188,0.2081383595196962,0.3877257921739217,0.2005073988832848,0.4527133178645158,0.2478142577663789,0.1833357568304065,0.1884720408853376,0.402343831715712,0.4038001293215092,0.3566550315219222,0.4178889536777193,0.2779698672951359,0.2254431702811653,0.2337793992048062,0.1516905145248672,0.217127741343852,0.1496050673931565,0.443721454460376,0.1554661579484619,0.2408656224283601,0.1060670627799317,0.0817863725799096,0.0684090032349118,0.3585158070301444,81528,3,HLA + CD4
189,0.2365338181153181,0.3848430050112663,0.2742593192933097,0.3140731674755679,0.3245633978179756,0.3497095147630781,0.1594243804258613,0.3212193754157504,0.3708190216888503,0.2576116812086577,0.2540072248189021,0.2121849848038378,0.2282055441210826,0.3040830987382102,0.1412244757606354,0.2084568491758327,0.213537902869602,0.4592930504390091,0.2738292245058586,0.3160004095896432,0.1714390903065017,0.0847688956117687,0.1327804640432103,0.2229260561523044,272335,2,HLA
190,0.2897791829885134,0.3475707680886064,0.279546932697973,0.3072588553109261,0.2980241821601285,0.2770508482366289,0.1538772969913008,0.2322582392456914,0.3396218999824746,0.2855530787589247,0.2617321424644396,0.1958667887095225,0.2825379528825654,0.2952680144481103,0.2684958080439148,0.2348165754772495,0.1951308798357867,0.2525235543626405,0.2347073483735366,0.2910267962660722,0.2856677988162959,0.0835176431208149,0.2402247237988584,0.2349803114747197,407743,2,HLA
191,0.2011485618451902,0.3649424461889144,0.2374078058391553,0.3320913328754535,0.2904932330765382,0.279696033051343,0.1517653221359243,0.2001291460976488,0.2798789552188567,0.1832712362490845,0.4826083324948348,0.2962789070630389,0.3235789936340602,0.2915529686706348,0.1331317688058842,0.2090635523961296,0.153808504120812,0.4158625728486834,0.2372548375890997,0.3584985540653814,0.2905905969611863,0.0629496547352924,0.2776407837361898,0.2052754477808671,533879,7,CD68
192,0.1653765031274483,0.4139544825380329,0.1842921164160444,0.2474566402566695,0.3606314084487551,0.4283023199921624,0.1598425117229893,0.2123725908138456,0.4438904100115002,0.240195916752069,0.5119079525555483,0.2798250964062756,0.4047492601725463,0.3116452573844808,0.0682051939598462,0.1349096703252112,0.0712222354620527,0.5066310020832477,0.1231421491074933,0.180053356346442,0.2450629555508159,0.0748747847648688,0.2856033264171075,0.2138874386063054,324711,32,HLA + CD68
193,0.2062612745650593,0.4485354773826358,0.2074854103459419,0.2706279551627988,0.2832550401728748,0.3174131985014661,0.1685468178541738,0.2819022057303665,0.360507258437778,0.2220507308546801,0.5989095379328865,0.310981173953182,0.2815759851783999,0.2343933900530586,0.1101429762533848,0.2108212939099789,0.1492468903776194,0.6574702677504543,0.1737771322169146,0.2335422325983389,0.1404231611114101,0.0569237384245401,0.1465641093680298,0.2220559885213101,221731,32,HLA + CD68
194,0.1261959545703261,0.355100932768939,0.1334328637520189,0.2042454078488459,0.3137976793474615,0.5622903876437415,0.1254787555683454,0.230566436632272,0.4178971601481018,0.1940540748226277,0.8214635915656625,0.3149682685246903,0.3269435896833801,0.1894937468559828,0.0956069855901326,0.1375708001430491,0.0954844042571344,0.9747027292201472,0.1231717095317081,0.1485970583883875,0.1240455468668626,0.0552038066023133,0.1944625217930339,0.1613373541935655,28221,32,HLA + CD68
195,0.1605741757201812,0.3676075995281759,0.1619436060318277,0.2204756085765001,0.3444247036370059,0.5676073767513035,0.1398787831408214,0.4340123129357134,0.4775603603598886,0.3068939164930551,0.3080355943311089,0.1966876688956504,0.3451522788947695,0.2364643309414002,0.0957816855493459,0.1488066992577115,0.0998654431737131,0.7269875844654161,0.1361206480643284,0.1563906715394301,0.1238931389876249,0.0841787706706696,0.1615515622715405,0.2369914888914012,98966,3,HLA + CD4
196,0.1912683644087282,0.4875083374816533,0.2065387997039381,0.3798103416646609,0.4193142563737208,0.3951038310878509,0.2410547637381137,0.1502245363046618,0.4473677055982226,0.2969249846231689,0.2349680836984505,0.144436753166696,0.2398666303871975,0.3364867436535624,0.0786682065915871,0.2606687821144173,0.0866669872515928,0.5431830697282346,0.1581811678649041,0.2203871847178079,0.1576886031514556,0.1051202080191589,0.1557494512309198,0.2413634426442207,269391,3,HLA + CD4
197,0.4698081727765542,0.5612480967031057,0.1775521684607063,0.2676224861241382,0.2618808872496144,0.2229149319253933,0.1176617796694808,0.219287851293094,0.4820803113884532,0.4645755644334787,0.2084916347967854,0.1607186708038528,0.1781358786971411,0.2863966806349555,0.1173225104120404,0.4836343754729238,0.1073777004452098,0.2028387639293942,0.1900148580295884,0.2364061986358065,0.2049661334990858,0.0962058928664607,0.1855329720603792,0.2209672675211274,257445,4,CD4 + CD45RO
198,0.4025298370699103,0.5500182795443237,0.1773072128694299,0.2622843419506325,0.3522403121632428,0.3641262308412491,0.1067381627224548,0.2773989775541131,0.5152432112245757,0.4511032506790758,0.2332566274802715,0.1798167898560945,0.2457019454187588,0.3485140796438882,0.0897154818812669,0.1843864160343976,0.084898411208368,0.3003069557126347,0.1575433198455727,0.1861704329564364,0.1926413242319029,0.1264296051405984,0.2034738293523258,0.2110504078902236,256460,3,HLA + CD4
199,0.6147362009844356,0.6717471823912541,0.1662400122370464,0.2087696977910206,0.1638375811731401,0.1331631339848522,0.1193937837402567,0.1957325301941637,0.6076257331333671,0.6213590091353831,0.1351124244919602,0.1323957478569958,0.1078091744585198,0.2540652524394516,0.091205689492848,0.6074646695110287,0.0894390693655815,0.1355425579377771,0.1593829545993441,0.1831844942452883,0.1899096061308431,0.1251361798181834,0.2019390882494456,0.1675821189843377,113470,4,CD4 + CD45RO
200,0.7178063308591813,0.7962701707380915,0.153289252094082,0.203816355434983,0.185747164119776,0.1476544836505623,0.1161918616499003,0.2397368970258558,0.7213033326355852,0.7448225389155657,0.1428355840978117,0.1366960494833669,0.1192259735422123,0.30869140082469,0.0865439716530953,0.1651615258483958,0.075835559474803,0.117873887116203,0.1607146018405535,0.1702569581771791,0.1824617789088796,0.1248225424371011,0.2066205876142395,0.1676968142411757,111644,4,CD4 + CD45RO
201,0.348647522065117,0.3622333538483847,0.1567706824697596,0.689650627487293,0.3189003453895835,0.1894299233546488,0.0730278556382428,0.178705219373855,0.1831155124062315,0.0997307219468532,0.1765159287737056,0.1698064782321371,0.1817628653582595,0.4533066658133696,0.1632233973414388,0.2564874180856741,0.1566548551132794,0.0587399243871478,0.8426527048815474,0.4727172486679075,0.3215189593194757,0.0828117840516507,0.119704714829657,0.1822572290614776,84283,6,CD366 + GzmB
202,0.4477659022189099,0.3499262538148627,0.236826703386023,0.2978116112241793,0.2761401508690859,0.2125689799443758,0.554827270498368,0.1371943995207175,0.2611257300545314,0.1326349090492062,0.1774619245402307,0.1157822336182724,0.2238375926653939,0.2509607545569523,0.1622378138190246,0.2140141716824916,0.1042489201522579,0.0511869070016223,0.9040459017608932,0.2327045698021671,0.1972685683454524,0.0909206198908112,0.097235660203149,0.1606462403813944,43216,28,BetaCat
203,0.3999979012297225,0.6271637831780854,0.1559703712452684,0.4449793715199555,0.5158322170105509,0.4914003125655002,0.1182449309406013,0.1267675995172763,0.1354986813815996,0.2054471042970524,0.1149043381453008,0.1559119332719361,0.2063576514799875,0.2083063106354306,0.2554171139569484,0.287406897793866,0.6346374041084681,0.0408021668205831,0.4327526930647081,0.3061839649629397,0.1460177180542992,0.09316848086834,0.0736600557029336,0.0786709026027868,324260,8,ECad*
204,0.2827461468763301,0.3109620011041929,0.2022452736378657,0.7152504379582488,0.258866314094173,0.292990760770396,0.1404366974480628,0.167026690957124,0.1651216610447316,0.2437780281674329,0.1511484449142602,0.4158897548424107,0.2590642473668517,0.2525258926876556,0.3752580218576942,0.2754629601378217,0.4506661394960558,0.0688191135594676,0.3680730730569594,0.2431691878299205,0.1353702817888403,0.1539917517985589,0.0930393266725774,0.0970862280247954,174820,36,CD11b
205,0.2747427234993997,0.3366291531826097,0.2273066899668735,0.2428321042795566,0.3946588013691591,0.4082638143857007,0.1397932289778815,0.1601971416839106,0.2244461326829833,0.2168987926774542,0.2237499342464431,0.3440760543702773,0.323576783919747,0.1910002600774395,0.2487290488054198,0.2193382187298996,0.950325791154039,0.1409971683087318,0.2436481600074553,0.2900081955547888,0.1563776296904298,0.0775123157314445,0.0984973893045868,0.1436734067452387,98820,8,ECad*
206,0.2243598519954893,0.3449499802711054,0.2348708501093583,0.5733729206772259,0.3571237789570058,0.2539668627530644,0.1576330283611783,0.1378483672403482,0.1781377383904186,0.5778327864844415,0.1564546830387968,0.2997992631385073,0.219506924966654,0.2587536802937318,0.2667746496980355,0.2988445772857083,0.3358005432859434,0.0762722571756143,0.2452333971750676,0.354549535054555,0.2030402702514345,0.1493640192981852,0.093578636179199,0.11344345129793,171923,36,CD11b
207,0.2859661573018882,0.305492830338205,0.280783875713072,0.3020951723003728,0.2456540143042172,0.2472611119406865,0.1665419383376578,0.1887595021052633,0.2357721871167262,0.3332164174024435,0.1781884890361729,0.184221584583553,0.2148671594270747,0.2443921880100568,0.290243824316902,0.2849141283030091,0.4091372815517013,0.1273313519339816,0.3213589799854148,0.3217856954451051,0.2055557422480739,0.3726070365782279,0.1394886394491781,0.2283931418129958,478743,5,CD8a + ECad*
208,0.2574669528776739,0.3374315540497961,0.2900273987141971,0.2934109239758865,0.2710802106624056,0.282815968909126,0.1763620661269729,0.2516481095077018,0.3018115315743411,0.2407433561013039,0.2102613788275502,0.1612674716718576,0.2927343580858459,0.28854451532783,0.1242017067399255,0.2407112426418885,0.355232247188625,0.2961479713894303,0.3025584083484706,0.2787631202856446,0.1973348457021081,0.3171423613145575,0.1379528693963163,0.2684297226478069,527433,5,CD8a + ECad*
209,0.2758893911280001,0.3470529209594816,0.3209463500890588,0.3288596611993125,0.2739949356098157,0.2352700302691617,0.1576139803120394,0.2407889480988534,0.3406900722321674,0.2281310316497449,0.3482947245283771,0.2329378614383583,0.1807961422340105,0.2960604177841264,0.1818207739380179,0.2131845306137234,0.3111089680861308,0.3621280842105225,0.2848096142679254,0.3149141948818233,0.2841659199473417,0.0693029337202615,0.2225207220871498,0.2007384509159768,482429,2,HLA
210,0.3034391561587045,0.3331202505964301,0.3315009630770357,0.3095605976306779,0.2970511441742323,0.3047533210617217,0.1989932914027498,0.1858588138886969,0.341745174490948,0.1748824299595624,0.5029662321992736,0.2251238864681346,0.4732384706928996,0.278965614086328,0.1495194119786546,0.2353445824831511,0.1275888144093877,0.1026508057434042,0.2217774931084488,0.2990837715534392,0.2949885865435835,0.0983074416494247,0.1905835803738987,0.2066596284573163,237792,7,CD68
211,0.2071036209877535,0.3611962989980916,0.1447171706044283,0.3309629299650599,0.3217508189325191,0.3264791580390417,0.1233565137374754,0.231247480399422,0.3237203367576332,0.2322535095118263,0.3542580505236955,0.2304235869752937,0.3366943813482941,0.3354090960688626,0.2978561843834315,0.2043259557277831,0.1235129262883055,0.3857722100984281,0.195596922846533,0.2716491118474309,0.242011786570741,0.0879044940096462,0.2749516217186355,0.2537069256837102,309314,3,HLA + CD4
212,0.1614414977985675,0.3843559166311995,0.1487391116237751,0.4156725192626149,0.3386828107142338,0.2808360639172296,0.0722869783886015,0.2271843973651497,0.2788657081690551,0.1726975021095174,0.4747926730474489,0.2808415134670756,0.160684445119872,0.3254472397600304,0.1677263008890925,0.2408715938900789,0.2539889577930705,0.4307888568198476,0.3189962387166007,0.3913207364970087,0.2841251803760224,0.0496157555508579,0.2474780137326838,0.2128431102184674,190220,2,HLA
213,0.2155686333501662,0.4431764048427538,0.1868987278752497,0.3207089471991461,0.2979537260094181,0.2611099022343223,0.1389345930308756,0.2489607257976836,0.3647547708806291,0.2678593521057764,0.4814215553554729,0.2767407734612021,0.1914585765470177,0.3425217054742459,0.0798717078138107,0.1900583678189089,0.0983823435979627,0.4681770316039584,0.1732835594371926,0.2506124872912208,0.3360412695202897,0.0750849425750178,0.3345280557886668,0.2158213883254274,326243,7,CD68
214,0.2005591234410933,0.2857852596638469,0.2002750665761997,0.2255960724514446,0.2526361202780919,0.279920165751792,0.1920591632803943,0.3627163108451325,0.2932932169264032,0.2474482756430073,0.2503599210106214,0.2363806557809978,0.2792785805630951,0.3162188483194533,0.1264899488461524,0.1889881605078494,0.1458947508867026,0.4144055354473393,0.2217700319222328,0.1974417508414835,0.1927395442446089,0.4733653477372062,0.2305780297140374,0.263848531925751,129822,29,aSMA + Vim
215,0.204299624665452,0.2923149867583979,0.2744874133887444,0.251023660296796,0.2660050059607993,0.289118084733358,0.5507344826909568,0.2409883258074003,0.4650015981193783,0.2545778137491605,0.2296167999761203,0.1636475927895979,0.273021773787038,0.221703917449221,0.1220078898225455,0.250976427327314,0.1181432167276602,0.4634775175522173,0.1712929147205239,0.1986737649539582,0.1596067858121736,0.0898419488910316,0.1468699805846449,0.2276338863723417,111707,2,HLA
216,0.3517517263708882,0.6180116468942342,0.2460194880326266,0.2273572852345411,0.2250801919515782,0.2111143590991684,0.2395895016900295,0.2438815869432297,0.5779967435048604,0.3727368700158111,0.2146923197966343,0.134741062742241,0.1661129891363852,0.2432260999619964,0.0854480771597033,0.2311816396003643,0.1191143493885217,0.8479122375460689,0.1724814417362962,0.1894459592347642,0.1484978817785023,0.0568788526538838,0.1501114906868874,0.1957035340708006,63630,4,CD4 + CD45RO
217,0.415652003161049,0.5541128579981436,0.2295734694688792,0.2748993149223135,0.199745658172992,0.1536417779545029,0.1377860884394629,0.2898997746859499,0.4899298667791244,0.4392215204973132,0.1906736679263833,0.15345156488742,0.1176935126686988,0.3361341290880774,0.0885804747362673,0.3141886123296016,0.1226324145916923,0.5179236554920926,0.221667153192613,0.2523835303902761,0.222847861697434,0.0686628651233371,0.2213320670115088,0.2076255601628779,196187,4,CD4 + CD45RO
218,0.3839166088095995,0.4833530013214897,0.1749114622962264,0.307001631054849,0.3352683429711959,0.2887875142565362,0.1004106914194868,0.2532414394739823,0.4041187379982741,0.358350145528822,0.3270392828860621,0.2131600964218751,0.3352568266442259,0.309755270080479,0.1028944557335375,0.2388493291588316,0.1062043618037052,0.2601100086907193,0.2015203950644551,0.2931738512917826,0.2477343650097331,0.0832310180351662,0.2313791261118903,0.1857792329680336,402150,3,HLA + CD4
219,0.4753347018620835,0.5517657964079934,0.227666854103463,0.3379240888249917,0.2239518433466958,0.1379828369201,0.0897136149953941,0.3156079006156046,0.5007148306922206,0.4342386986971279,0.1495510267160634,0.187303105595453,0.1023766055106758,0.4107718931114622,0.0985164240382755,0.2592821198811957,0.1195086916136294,0.1186914212112043,0.3322300397914815,0.3287909157135801,0.2550902335985769,0.0964177081708483,0.2381089423456708,0.1872161162905589,209913,4,CD4 + CD45RO
220,0.4363481227373887,0.5263838740302155,0.1608361133006479,0.2758015735775871,0.2021635561497662,0.1306124065495621,0.1129403590459124,0.1927219467287125,0.436246069013295,0.4261348160517669,0.1539495741262902,0.1947594673815146,0.102814073054214,0.3529650437280422,0.1119828658290234,0.2976492619509437,0.0913570063336419,0.1073938404535528,0.2571238344735697,0.2456634932909446,0.3186968598314942,0.420236997675371,0.3057336455147173,0.2369890479267258,223874,4,CD4 + CD45RO
221,0.3243084201056668,0.2319929479799493,0.1798446539101912,0.2275972865509006,0.2197061952838643,0.1755165872441892,0.2507923161670454,0.1050275300805112,0.2178097034340853,0.0871296069318326,0.1321676031391788,0.1449888896241661,0.1884906450443318,0.2150071735371963,0.2404373563837316,0.1394689351142003,0.0755188095781956,0.0497949408277557,2.122451999043064,0.1626602544390005,0.1798992533194332,0.1441917375930724,0.1020136837210985,0.1681340481975826,23247,28,BetaCat
222,0.308042274443582,0.2820998497313159,0.2041685801006218,0.2937071654877802,0.3169394227926474,0.3106719876027303,0.1934329823932348,0.1804121148815761,0.268223122599491,0.1190863825530791,0.2031394771487102,0.182511717175212,0.2803147525541603,0.2825408790277444,0.1646941893727312,0.1912984154465663,0.0947780963508155,0.0684293291776669,1.2193961208025952,0.2343478478166512,0.2475105947536136,0.1443733805458157,0.1339570074358308,0.1922229337419236,75202,28,BetaCat
223,0.2829569949139534,0.2528171472417202,0.2043659457450149,1.4588790378740522,0.2583825293855103,0.2099967802923294,0.2169491435229943,0.1556897402220969,0.2395685793225339,0.1764352637270855,0.2280806730644725,0.1422393752130646,0.2000865459585008,0.2653640798028328,0.2574572213858557,0.2388928516295309,0.1305963589386934,0.0766722816094956,0.2939339234995385,0.3453501175631936,0.1827812149484954,0.0935142738879721,0.1088515880033233,0.1529328032677081,32079,36,CD11b
224,0.2007168924035448,0.3350027226653312,0.2289465530372968,0.3484807226550249,0.2519439357944893,0.2000823793702503,0.139794254146871,0.2032904220448542,0.1832542186804608,0.1814627813106273,0.1433213427908974,0.2664360412464069,0.1889508453706489,0.6609609259006376,0.3658900697477907,0.2332280553588023,0.7452579149424677,0.0793791032112115,0.4951054709189622,0.2274993648786392,0.1780004396919608,0.1157226572703777,0.1140676454032026,0.1201280363329253,105326,34,ECad
225,0.2466715381541352,0.4650717435253961,0.2307845069810686,0.3618783864257919,0.384437090065499,0.3019175341029171,0.1457513976927134,0.1506535253350998,0.1584549448545502,0.2286828372355624,0.1652496720879356,0.3467588470276164,0.2584070986778126,0.3252243048766672,0.3596614589543848,0.2627743514615173,0.4955578667192166,0.0690307108611985,0.375718413287704,0.3071831720236348,0.1514578748810215,0.1683159180539373,0.1035730441610972,0.0891251313349948,445062,8,ECad*
226,0.1975955981612024,0.2707094596761492,0.1955748328645072,0.4388069890428729,0.325180156712603,0.312886215780623,0.059642872123314,0.200323500919358,0.19426719087318,0.1828788809672274,0.2049279184970575,0.2133174506833526,0.1495690923802192,0.3696612669335865,0.4283922534443409,0.3458104788394721,0.4307083603295287,0.1125006348461137,0.4030600685275685,0.4346513824018469,0.2720397589249576,0.0946233473244821,0.1581304310863611,0.2012445380967356,224382,5,CD8a + ECad*
227,0.2532419284298827,0.2363233837891751,0.234472307393727,0.2219911270676098,0.1920553565868638,0.2049441443485327,0.1803167459641456,0.1429472534090454,0.2286658060899023,0.7130510567921138,0.1875891754419903,0.1317480194936567,0.247370478392746,0.2075049248236759,0.1235340900208746,0.2984374045248996,0.2340479329488647,0.1814945795104817,0.1977383695770563,0.2365396106180657,0.2515658690659738,0.6163100293069624,0.1876206638290588,0.3211261314046015,86300,22,CD45RO
228,0.2424341560526263,0.315438749537366,0.2776136358633445,0.2992415782972179,0.2660340645418863,0.2647945527421362,0.1440266543226668,0.206056140666085,0.2906602928659625,0.2278250827304906,0.3287440962693663,0.2039899166621312,0.274499309167713,0.2555730226861046,0.221913812514199,0.2166064942460008,0.3365393543657998,0.2962868960775616,0.2860145383128102,0.3026794328877816,0.2819485216816605,0.2267559398211593,0.2307793211858199,0.2285095921873215,659445,2,HLA
229,0.2599732167747471,0.2999800843027437,0.2996651841903279,0.3470892454270752,0.259219402756406,0.2104748318015377,0.1460919801764096,0.2217046672550347,0.27073756475465,0.2222145429028514,0.3614787285378654,0.2413885538211216,0.1721823405270285,0.2799424657176855,0.2696266673806117,0.2391501394970965,0.3954966447010202,0.1150785309448364,0.3272842782126946,0.346458399494757,0.3499835927221448,0.1007430879085113,0.2796162488661802,0.1926909160276459,317307,5,CD8a + ECad*
230,0.1839375233547087,0.3506039217984277,0.2072169553357927,0.2640844349668537,0.2949663932283822,0.2868392928170442,0.1227249749630136,0.21573068673415,0.2700247579807163,0.2356309075944402,0.4207124231679694,0.2413701651340068,0.3477296853924876,0.2446472162069344,0.2595665662286746,0.2087340114546613,0.4284959438716168,0.4527735183657788,0.2686228539185284,0.2709664271962546,0.2369053395114234,0.0835782888467271,0.2281048434446239,0.1837654937693928,294804,2,HLA
231,0.1841730313115949,0.3608042016226657,0.1821491322030993,0.326500165055395,0.3342485148270459,0.3491950977512486,0.0916283091102324,0.2032433572457815,0.2459336294488344,0.1879553277387516,0.5269143905702337,0.2868022756575468,0.4205684250218493,0.2517368518294731,0.2673835160977499,0.2527511650253929,0.3382380660027885,0.3426893948636358,0.2913812572070921,0.3147047654108368,0.162329075512582,0.0677061552194356,0.1339873093867767,0.1797154125602422,248359,2,HLA
232,0.2021936123428773,0.3510758137668889,0.1973947947726501,0.3528774252104887,0.3204106306994094,0.3004114179665085,0.0929894100852396,0.2277538706161351,0.2700182438860303,0.1893010253138588,0.3095456967368472,0.232254847843998,0.2912356642851651,0.3212676179878306,0.2509745647637864,0.2259940965037133,0.3234372755593033,0.2552272969375404,0.300322361175072,0.3529169823888167,0.328840857570759,0.0748367026303517,0.2792082557093381,0.2016589074569266,539539,2,HLA
233,0.205192673153915,0.3618593578489034,0.2213968509051227,0.4136196671880642,0.2824217041096408,0.1977119019748687,0.1421769418676822,0.2506002257487923,0.3375423881398191,0.1888961659868881,0.2977566443394216,0.1972894611895001,0.1455937660343925,0.3700071002330458,0.0895237174510052,0.2589822904221089,0.1254478232921616,0.470311879346283,0.2753579860409578,0.3773235557455917,0.4013138624677531,0.0671500821472697,0.3240087439949158,0.2406342449201227,267077,2,HLA
234,0.2099123990165821,0.4294077633349823,0.1802899029937586,0.2828314307636533,0.2029321106802257,0.1665293200027106,0.1339832278969739,0.2258510035360852,0.3695992799036329,0.2694238234987702,0.228555074421015,0.1411924729334543,0.1416717101799043,0.5440797820261661,0.1095261527805075,0.2342006160824436,0.1363622533541019,0.7300666086423176,0.2478382311783007,0.2633156416782572,0.2941625702402159,0.1115342549674335,0.3870151011101834,0.2337190146981284,90420,2,HLA
235,0.1906510857274072,0.2664979475611703,0.2508751906344302,0.241792338534291,0.225919722534597,0.2360149252277202,0.3551361811115168,0.2094117793482358,0.3939319848632799,0.2295495570318962,0.271513511139227,0.2003794243049959,0.218885207075926,0.2053714003247789,0.1498819228543519,0.2397246474208071,0.1726420686266988,1.0797058931955348,0.2023499138700082,0.2193656488194827,0.1661114616297104,0.0810594337468623,0.1699458557683685,0.2137405949154921,66045,2,HLA
236,0.3496976893650794,0.5015330212707625,0.3252844533717575,0.3533444944908053,0.3061201529982176,0.270895192264288,0.233362216915598,0.2854662655638113,0.4765194005017928,0.3440628955743883,0.2009892369942955,0.1589502111451666,0.1714141843072263,0.2789841352835025,0.1005608211105892,0.2749158443483253,0.1286588406076732,0.3055810103202355,0.2189979516893664,0.2884560124726417,0.1563898431048503,0.0678483640136196,0.108127675872785,0.2299192269610513,196285,3,HLA + CD4
237,0.2835085399169036,0.3131708382945057,0.3199602437861427,0.7534203822132475,0.231030388538942,0.1333891616490846,0.1995181879664196,0.2064887914281102,0.5495852924223464,0.581619333714945,0.3417895129514668,0.1436580667084787,0.2074171032326017,0.2647340704722324,0.1638887089226312,0.156769554442456,0.1026027098007246,0.1011867981940371,0.1946268656790323,0.3207706988909006,0.2182760635345956,0.0587458034417919,0.0908256747672767,0.2571359846169702,104480,24,CD68 + CD11b + CD45 + CD45RO + GzmB
238,0.3612830250831755,0.2719279893726964,0.2039730206378602,0.3486333494813009,0.249692081484627,0.1888650108597125,0.1141058003417579,0.3788088066968625,0.4659709084360286,0.3034215209214798,0.2177637583515233,0.2318293884071741,0.1513071979398261,0.4262484587772852,0.1327665957197514,0.1848207979340067,0.1112587167702055,0.1677202620736084,0.2417108277050991,0.2634351446338311,0.3385735898398703,0.1139963435656437,0.4307083054046185,0.2266979408471384,128793,1,Vim + GzmB
239,0.3881386993239613,0.4920433095711799,0.1976432530165296,0.360100990477234,0.2727444753682368,0.1797921012346134,0.093660910483276,0.2502964724456656,0.4142460006105457,0.3660973010927253,0.2428453440402072,0.1790375325137733,0.1356564159321664,0.3467345433980086,0.0961790661546044,0.2771560611968121,0.1009891664421809,0.1724552065708674,0.231211207692165,0.3328741781173522,0.4016210281773791,0.0938183225275548,0.3057695482314376,0.2618588590168719,363220,18,CD31 + GzmB*
240,0.5226267697411703,0.6075269140353726,0.1767097631044903,0.2611498285177062,0.19157811075381,0.1232722958952232,0.1075011863141378,0.2631105978315814,0.5197296280153955,0.4814884862341672,0.1726557603586623,0.1734335855965307,0.0997191630887871,0.4233786300985981,0.09136995778403,0.1909712338725539,0.0800591136801242,0.1248546415083646,0.1836022330716035,0.2347478938950778,0.3915859259006017,0.1278292548286591,0.4250981777407079,0.197511853575984,203786,4,CD4 + CD45RO
241,0.2443334392554675,0.2701194317620158,0.1843149044924925,0.3138173285163958,0.3387304692485883,0.2382846342311477,0.1779284501703996,0.1152803130824003,0.2492477327599643,0.1240715348785791,0.1136282440681697,0.1649147167547202,0.1740287613104249,0.2304754271497433,0.8321134578374461,0.1782165357492113,0.1759764312836056,0.0792071160724504,0.9580509672973206,0.3210420747516598,0.2101474812639363,0.1097316486698619,0.1121859361118585,0.1541500348579039,40487,28,BetaCat
242,0.8125357246793529,0.361982292982936,0.2251163513179012,0.3643399552267843,0.2803168956831522,0.2560028511131785,0.1818508442836954,0.1415291689409713,0.243532368467071,0.1953953244713192,0.1241626856339355,0.0994208821698845,0.1573549092080226,0.3056342819119727,0.5213510672382782,0.2733552191701306,0.1503326754506371,0.0349818922211378,0.5197057743158406,0.2594730404805472,0.2278679007335991,0.0848253472182637,0.0993588805210349,0.1494708722623417,133176,23,CD3
243,0.2286652296395758,0.2940871108488735,0.2453884121436861,0.4146305500671949,0.301766544366419,0.195708606833048,0.1661274811464468,0.1702701698319677,0.2370752197504157,0.1488214783644025,0.1822225260690107,0.3247351100144245,0.1294779558409947,0.2872775680005349,0.7444482074548524,0.2121170915217138,0.2419887174498096,0.0935351161357954,0.3470138836470375,0.7159138637495793,0.1729275867755229,0.0506112318696648,0.0844338738576293,0.1152502181523257,117909,30,B7H4
244,0.2757338496814987,0.3991822769547477,0.2814814989326754,0.4613766339310312,0.3438669576393888,0.149718176159625,0.1555378267692564,0.1638363231525587,0.1735479357769353,0.0964630635915481,0.1298455849702537,0.240881695620346,0.0853535653965454,0.3930863487812636,0.39764674247714,0.2927174279978563,0.5210962379540867,0.0590018569369765,0.4554297133749227,0.5309880576184964,0.2797014537263907,0.0383467101224558,0.0714645557823613,0.1940501256422913,433667,13,ECad + B7H4 + BetaCat + PanCK
245,0.1910006894878647,0.2686476553475712,0.2075152389733599,0.382962703934699,0.2542676470935407,0.1671372170949852,0.0909410248534561,0.1762092003962945,0.1502333176741794,0.1551841220483109,0.1191084348069124,0.1886901483030873,0.1167131985086217,0.3725033790905655,0.3803231678144726,0.2716687498803732,0.6053170279454412,0.1068844306901888,0.509479793964075,0.4079195646257124,0.2278460056341828,0.4397680870617969,0.1432173811771023,0.2477181486385814,214167,26,ECad + aSMA
246,0.2116607781744297,0.313922922980181,0.2097964585212601,0.3352324160619996,0.2159968592291089,0.1372448782023566,0.1266750694285557,0.1783882010598386,0.2173396743968872,0.1723771827415558,0.1426419244817297,0.220906350148536,0.100492474444606,0.3220624923704656,0.3097738474131103,0.2131682655814786,0.4952212063955509,0.3509631506299687,0.4133957927396046,0.3802065037198837,0.3135803231737945,0.3479686229539733,0.2078890101524797,0.2757394549587175,398238,26,ECad + aSMA
247,0.2074918859027808,0.3056911667692275,0.207697809246348,0.3814125171869944,0.2875618469847121,0.2118298906796858,0.1141671833976088,0.2241527550945757,0.2232817843299405,0.1843829682544632,0.2203216397402985,0.2175741257506708,0.1601505913821582,0.3419753323876848,0.1841126344154568,0.3214103831210623,0.174449466990069,0.1299898355145781,0.3550245159983383,0.3854940453631792,0.2612521510076666,0.4487622761809205,0.1886939021271425,0.3478620652058883,244543,29,aSMA + Vim
248,0.1760485912704015,0.2926022491954076,0.1640534383649411,0.3357012754504088,0.3100825298204705,0.2840158474573223,0.089182429913444,0.2767328471085649,0.2342192938999027,0.1908271205701876,0.2458521392000684,0.2276252216577905,0.2053659179928989,0.3183337603515155,0.2505208248284534,0.2106424964911627,0.1841778330184376,0.1845898227273719,0.3184258385573386,0.3027941658629222,0.3647678180203907,0.3396180558302134,0.3235655306076721,0.3006043915910347,276060,29,aSMA + Vim
249,0.1593164539223665,0.3169058519207016,0.1481974798142496,0.4066927013852934,0.4065359564547347,0.2940383865199074,0.0822374127485347,0.190082812301228,0.2343320690520344,0.1425418137260525,0.2439034473783781,0.233432500425568,0.2127988519400243,0.3699935605266407,0.101312022215364,0.2417696441060796,0.089517650377666,0.1938103247268366,0.2793225129153581,0.3736874707117603,0.4102127962437433,0.4212697322783843,0.3820763447070558,0.2225329868640798,154198,29,aSMA + Vim
250,0.2613731967662423,0.3801113858044341,0.1855728514324777,0.3837431800398891,0.3487763071258413,0.3670575911202655,0.1528084381613829,0.2065886554435314,0.2469535186972692,0.2041851118691846,0.2205266443084762,0.1871582692692656,0.2282482100578276,0.2875421481507286,0.5517054754415869,0.3515485633622074,0.2653305175744742,0.1279796806922207,0.2618475246893728,0.2959260098806378,0.1763854004855026,0.0942476741773162,0.1386017552127,0.1686527949577613,260646,8,ECad*
251,0.1772066764700765,0.4230351315081307,0.1603270612416211,0.3458996518877159,0.4593829419076024,0.4980688467640582,0.0697529021694318,0.1971156780469411,0.2490772370103814,0.1791360105628155,0.2702410111917002,0.1928387205698164,0.3530777476289069,0.2538366181576565,0.274825444803058,0.257951373231688,0.4297854834420127,0.3943903759258772,0.3176183562010358,0.3112125830042305,0.1358256129932651,0.0647362717696106,0.1080316714813554,0.1834349124145362,169946,21,CD16
252,0.2200521083843307,0.3692632856206119,0.1980745905080005,0.325907461798088,0.3269467387321851,0.310515253510305,0.116480704926271,0.2692396658983449,0.3367106635791337,0.2845880535376126,0.2308486177363489,0.2058465196641357,0.205521604788567,0.3210762373619698,0.2703194458340346,0.2361155727637723,0.3900992767576528,0.3669206707857496,0.3013757638531112,0.2947007530446666,0.1970532678517435,0.0734915190346043,0.1682138079012333,0.2151303339161525,457457,2,HLA
253,0.202845897966526,0.3242331955056568,0.2247914504791213,0.3389131161348871,0.2656646066114967,0.1724151701313773,0.2085365058070454,0.2138897850104448,0.2289450862939162,0.1732531596873018,0.1730666656677289,0.2464986510748973,0.1146754823273291,0.3098318937961556,0.42689360806547,0.3005959218414476,0.3543009059535279,0.5656113404961591,0.3122519233716443,0.426901746405503,0.2109478494174562,0.0552649715438471,0.1648901593525961,0.1608657895975715,183492,17,HLA + Ecad
254,0.1879166297647594,0.43790799553788,0.2080030479674636,0.3513974539829453,0.2504671480223878,0.2870268899515469,0.1000521237354141,0.2495733394141767,0.2673286401865756,0.1736258277009607,0.2412239840732553,0.164423044272736,0.184675899287976,0.2624490338992057,0.1710407893567618,0.3606931968944099,0.392385953421791,0.908672510484513,0.3274385200732055,0.3051037243802691,0.1604991386353362,0.0638670357850094,0.1176300997070096,0.1969793251469211,58787,17,HLA + Ecad
255,0.2002032818722426,0.252201610168666,0.276133615087661,0.3280554939643308,0.2083212038087017,0.1587823870479552,0.337377102890226,0.2321844293638186,0.4515577972368113,0.20185223500749,0.2097028924805377,0.2385166986160967,0.1226618493156467,0.310079875162545,0.1055018555805619,0.2313347381858091,0.1503853175343762,0.5712694408759135,0.2965678417808112,0.293358750998629,0.3056274612171964,0.0824485039764365,0.285446192193908,0.2462763264585475,201900,2,HLA
256,0.2752364597266131,0.3720750064337142,0.2984965030828285,0.3098120179037915,0.2453582196213763,0.2105034285672143,0.2093396490126998,0.2533483162056312,0.4060221223721624,0.3044656753052391,0.19392799849294,0.1935893058743204,0.1383953428267224,0.2663172026947041,0.2151603726100793,0.2513059481805862,0.4843041748990524,0.5094890292867186,0.2913677418942449,0.2622421688512094,0.1687093855153658,0.0697882569737798,0.118992599701186,0.1893528672994754,189478,2,HLA
257,0.462519533603317,0.5149669416079731,0.208853555387778,0.2530680839862741,0.2342239903670574,0.2220300505957485,0.1146880037936462,0.2465791338235744,0.4516050049659401,0.4478082030646829,0.183643109211561,0.1833999129473705,0.1576837848332445,0.2633333393125362,0.25841640673222,0.2426700140912137,0.3561037238738055,0.2366481625464289,0.2613333867617489,0.261409070582754,0.1935460468081528,0.1051544455040972,0.1558386713465724,0.1972736599241976,194278,4,CD4 + CD45RO
258,0.3966724461288316,0.4573068230405375,0.1988758766098311,0.3338856105501443,0.2238817914659116,0.1507202205281008,0.0878261810085,0.2461290791283096,0.3961057733144128,0.355414065851865,0.1499255304982013,0.1829263776018141,0.0945776184922656,0.353925151368098,0.2476048070269255,0.2896320489232171,0.3870276474057117,0.1560682420799459,0.3523155472976927,0.3516824816464229,0.2935562510553449,0.0879265965660184,0.2467154649589863,0.1781309159076517,256875,4,CD4 + CD45RO
259,0.4078191330049969,0.430835025388376,0.2564265762147303,0.2542003826876315,0.2251673742850044,0.1738954750129374,0.161665550159085,0.3642767313836563,0.4214050052361076,0.3808864879708883,0.2102905781021987,0.1940385410403253,0.1701527337187489,0.3228764012959281,0.1164285163765646,0.2035059488443479,0.1166008722203684,0.1731536165290657,0.2317480933766442,0.2415559541465884,0.2510915497931669,0.3295060591512064,0.2117261898183015,0.2466421507092034,162148,4,CD4 + CD45RO
260,0.4312451443177941,0.2123712995548025,0.5443050213330799,0.3151451823795219,0.2055843614280782,0.1337975119133707,0.1424144457179103,0.2432769989210209,0.4244986456020033,0.2675446209285425,0.1943671432263206,0.2182557012624305,0.1078613210594873,0.3445316279255461,0.1128512243363273,0.1954351172419404,0.1179965297076086,0.1266760117314244,0.2544476209956625,0.2917033574072311,0.485440452687546,0.1313821745464921,0.4113269063464,0.2406762148141553,236133,25,CD8a
261,0.1347664916140854,0.1306237727652704,0.0957885636819624,0.2272746018512431,0.2061863216848065,0.2007321176725003,0.2015626312910532,0.0991401372231363,0.1778084444608217,0.0898073464016191,0.0970279283321487,0.1383241690746501,0.1460814524736001,0.1545587417071399,2.596933742928046,0.1343075990222008,0.1089647573908824,0.0711708490890276,0.245312075127395,0.1524248598492329,0.109929607826623,0.0644314692057397,0.1045772744856956,0.1042387563220345,14357,37,PanCK + CD20
262,0.1500569717887148,0.2507609266715572,0.1650422388469175,0.3840174579627252,0.5167846713678785,0.681566913322492,0.1706043254931237,0.1335076777686416,0.2347864757608584,0.1490710308071913,0.2039195873454894,0.2338733252222256,0.445908047897971,0.1626527624960449,0.7327997232870213,0.2015497697136096,0.1646951580238189,0.0667610988378177,0.2884420218006447,0.2372398944390152,0.166853078163491,0.0643525019478237,0.1156224262806316,0.1286774245136097,100558,11,CD14 + CD16 + CD163
263,0.3313362408608595,0.3017884524583609,0.1997735182644032,0.3030486410295271,0.234363331795577,0.2253508223778154,0.1948175965688512,0.149095384744147,0.2044719158807633,0.2118546075419095,0.1597092725808536,0.1281319868344261,0.1923411228643531,0.2304840775332292,0.8554167792731124,0.5615554135227555,0.2304610277467149,0.0822206331223653,0.2647406653183194,0.281414149830599,0.2070392972201505,0.0936085159526542,0.1039021706755966,0.2088685431949747,102012,33,FoxP3 + ECad + PanCK
264,0.2273135995757642,0.2102465343952775,0.1448879221142371,0.5611814900933664,0.3258543807184172,0.2450983866039359,0.1357314826411459,0.1768011622843892,0.2520554288232977,0.139134402997318,0.1903963551546395,0.1625390379292969,0.2442564018091887,0.4995745387401183,0.7066547865165543,0.1925340001120666,0.1187580286451581,0.0778407422327711,0.3011106306521524,0.2568105242162228,0.3057848061483111,0.1392896006724254,0.247978069327472,0.2117545524008806,58187,1,Vim + GzmB
265,0.3274859616184112,0.3203039416608213,0.2906272018181619,0.3723732216865003,0.2343274777829446,0.1328351894381889,0.1623233350604634,0.130325367560395,0.2117810119613744,0.1488386782071461,0.1592183006039431,0.2991714155615171,0.1457429382101017,0.3501405814509566,0.2785576209428599,0.2821780842929334,0.4413549981249379,0.0560041498567174,0.4101739783064651,0.4400795232319665,0.3304957240860276,0.3062793512540062,0.1382190791924642,0.1737001817478349,236817,26,ECad + aSMA
266,0.1793813804002953,0.2898974301428617,0.1485258203960516,0.4085309695038674,0.2815435954183783,0.1664123657833164,0.0929626331135401,0.2071222414528303,0.1538463035366065,0.1450275370216534,0.1692297735577166,0.2076543485987218,0.0904130392640445,0.4007468938347548,0.2993237784884395,0.3165257682368606,0.3094291477588304,0.0826543445845987,0.3990011959240249,0.4203565327886099,0.3979712364704347,0.3342245955251066,0.3339262156199915,0.2806660790368588,380648,1,Vim + GzmB
267,0.1813184968589154,0.2490219717433693,0.1693541878614274,0.298908278476635,0.2229701215233485,0.1097249921038013,0.100167747846467,0.2469981556713059,0.146269248938735,0.1211698281552609,0.1352264187087158,0.2780542453913799,0.0766000771911987,0.3903326178330117,0.2321418931325695,0.2304808623563143,0.5008317331778801,0.0943174493874885,0.51892622155929,0.3438784139978338,0.3896910555840699,0.4489084536425369,0.3721958795853307,0.2694865961981051,131754,26,ECad + aSMA
268,0.2657198915429779,0.2911573912797268,0.3301979077820655,0.3406662468550628,0.2829676253048377,0.2092871955500375,0.1322413533798589,0.2441086903606953,0.2926161242414683,0.2282076850822324,0.2392768251720916,0.2099252351259659,0.1668773004166858,0.3266951793103859,0.2074009593326601,0.2382305840625443,0.2032068255334646,0.146376030084467,0.3088202926498649,0.3387903652089801,0.3538449156445649,0.2644648958646801,0.2784435518098598,0.2451417396387538,427865,29,aSMA + Vim
269,0.5015528280480792,0.4298638740795332,0.2836423564561936,0.3589253990270243,0.3995210937550137,0.213066331417624,0.2025919979150495,0.2071941643111201,0.3195533949056963,0.1738002105610493,0.2330311462912962,0.1976228825450377,0.2549126567194507,0.4088447133196335,0.1021271017099224,0.3352513572414094,0.0920130532709706,0.0898284143669456,0.2752387298932114,0.2489801492485875,0.2281708505582108,0.1139311797199414,0.1713911100601375,0.2376188083747028,295610,19,CD4 + CD3
270,0.2387800657722581,0.2827378997583781,0.2539065055362803,0.3378038242650181,0.3021131628740588,0.2273698084278487,0.1715934789247805,0.2164807493091388,0.2570975228325549,0.1739087837014665,0.2401271059912404,0.2346183351991322,0.4375970567165258,0.294956727201162,0.2998607492242897,0.2248306663266962,0.4913835055541213,0.0980673618324026,0.3898458899568992,0.3524571009861392,0.2386227546014667,0.1207326270179038,0.1442036198162194,0.165347212255185,201818,5,CD8a + ECad*
271,0.184436550663136,0.3069920476293238,0.1512272991996335,0.4446173447811971,0.3355826843640349,0.2780941172800146,0.0786427910308081,0.3129822966037461,0.2381286534856397,0.1626852984113962,0.2116011915700679,0.2239849378326225,0.1502018809552169,0.3774591926605529,0.2531134878191968,0.2337557701632921,0.4867342019169398,0.1716287226759551,0.3922439288740216,0.3742521408906981,0.3309110748220672,0.0725675069227899,0.2749621634714377,0.1911192767939639,225580,5,CD8a + ECad*
272,0.2463415786881717,0.3295194365719104,0.2497612199279191,0.3656902358587328,0.2780758889076798,0.1888339633728329,0.0706741599754987,0.1925966152654279,0.2368290399297368,0.2111461327130442,0.158395928143683,0.1692875948468222,0.1386574768237357,0.2991703863864958,0.425765723374295,0.2722521566418373,0.5832196278021918,0.4126634441308312,0.4722889063078946,0.4346247554429134,0.2191158701653719,0.0557850827994615,0.1078714302595207,0.2007346511800984,289668,17,HLA + Ecad
273,0.1996244954694481,0.2749615132264428,0.2344776284743164,0.2756763258649282,0.2248809892544774,0.1217700896819019,0.1474236787137309,0.3948909755521874,0.1743950148186634,0.1267365581813534,0.1369761705207782,0.2924489816370935,0.0873223297260254,0.2747866761634104,0.359123082240536,0.2478031911575612,0.6452282848450442,0.5549736788004422,0.4776887368103032,0.3846267447144853,0.2207554768127704,0.0691780530324866,0.1662034077307872,0.1486638130704312,168245,17,HLA + Ecad
274,0.2259637845389584,0.3132101837668344,0.2534261323124395,0.2650892160506871,0.1967478815249287,0.1077544951976331,0.2274468895183153,0.1748800474072237,0.1804318413755727,0.1798440950228601,0.2171492522971209,0.4469480403641401,0.0928792464864131,0.262727031843446,0.2899365239692565,0.2951947822238686,0.4910838227614544,0.7123513711351382,0.3489217466023759,0.4005681715192329,0.1770085755118011,0.0802932814436997,0.0862577913004405,0.1696887496504177,94354,17,HLA + Ecad
275,0.2617853943336194,0.2936675856340842,0.2773723388842474,0.2848254300342273,0.197782804427717,0.1346378693358749,0.1969164090594284,0.1819164398698035,0.2080634326748925,0.4901950994482262,0.1541031562992157,0.1651468446663632,0.0952981275946995,0.2360386600114265,0.3259949755375952,0.3998344254102086,0.4289362480750123,0.4327251980410085,0.3548736638182974,0.3583798689052652,0.2306165966895382,0.0904125001562092,0.1114267036529921,0.2331053453431457,199723,22,CD45RO
276,0.2683266381885005,0.3776771511980293,0.225957934560188,0.3135528307598338,0.2472039658082082,0.2030336358889909,0.1132022658906501,0.1825864917203965,0.2605622944160841,0.1958519305650873,0.2531245547901824,0.1833146950245666,0.2022698022350477,0.2625126270701504,0.2265552266305202,0.5743375895688205,0.2506185756777701,0.2366304875162368,0.3256965151365587,0.4721034749494833,0.229374458294383,0.0670479476354674,0.1359137296868315,0.3302165983058617,111866,14,FoxP3
277,0.3548773792697193,0.4206812941432851,0.2916128960214716,0.3689706902443481,0.2376990456421524,0.1442795591916838,0.1664760603827828,0.2311068221801185,0.4181208892222611,0.310958771847227,0.2112051586681673,0.1865062621045681,0.1124285650226284,0.342912967917332,0.0945514356320046,0.2540455321658049,0.1538749974848164,0.3860810673519588,0.3017453966868412,0.3414683144686191,0.327624601948197,0.0646409632571348,0.2707358253347426,0.2187215327286706,318998,18,CD31 + GzmB*
278,0.3458197425552979,0.3167521897748252,0.4251761045183916,0.2894096764184187,0.268711228705733,0.2527276399007087,0.1553697378045014,0.2660211944842853,0.4023895686165172,0.3384409179470988,0.1965126093898054,0.2028552030235632,0.166854905435047,0.2999398788635465,0.2306140887719965,0.2174644943489328,0.3437687344765387,0.2591243591515194,0.2771638184955496,0.2686169861742726,0.2177453000421759,0.0885953379987819,0.1730996595083546,0.1929349132605796,375696,2,HLA
279,0.4079008387779266,0.3088229934802241,0.5193846213256242,0.257651293564514,0.1910180371331736,0.1454534752661982,0.2322544632527503,0.2467715954637541,0.4882358927169516,0.3869380510858378,0.1782425237079405,0.1904864208290894,0.1117237935787249,0.2930367308581005,0.1186931348120719,0.2287552780711183,0.1785998625747048,0.4407469490165248,0.2415513589501784,0.2635957410712508,0.2478114847610351,0.0687992158163194,0.2138201435934595,0.2078715859552953,228106,25,CD8a
280,0.5543716155347428,0.1999102941814381,0.8143119188977285,0.2854320722036039,0.1986392656441409,0.1539311248268129,0.1798652939506638,0.4320788286498405,0.653996480823885,0.204518991761073,0.1703869572588373,0.18663875742013,0.1338978831577918,0.3430168251031983,0.0948505918875516,0.1731194685692834,0.0759732958545892,0.1063797781143426,0.1948789167307408,0.2070312747092545,0.2308913245146422,0.1055836003169068,0.2128335947783495,0.2191973942402935,77760,25,CD8a
281,0.1787348038166998,0.197662933014665,0.1755426529578526,0.2698302727505502,0.3179214790244392,0.3554323452548896,0.2619379169163057,0.1269035857568709,0.280098056982199,0.1495359811862341,0.1419763995597021,0.2029997402951109,0.2366215905156053,0.1814572352165607,1.3471325637949163,0.169384806437954,0.1709451624104703,0.089917572489485,0.2882677936162448,0.2260964041257853,0.151046234831949,0.1099961644572682,0.1423250966822888,0.1387469015758142,104857,37,PanCK + CD20
282,0.232634223739179,0.319094768399886,0.241098962466977,0.2664889779590782,0.323318875083183,0.2827191181541407,0.556290694421597,0.1555662583347669,0.2984615947571761,0.1644129832722135,0.1595100851881833,0.1464584071416794,0.3265034312131135,0.1950549555728788,0.6901130036484587,0.2025258554447691,0.1488877709540687,0.0734337941393933,0.2537230328539748,0.2292705059403664,0.1527080426482277,0.0966271766737703,0.0795074481188737,0.2085393031250892,121987,37,PanCK + CD20
283,0.234976773056078,0.2717608991440159,0.2192108634985776,0.2641101595416629,0.2240530895368299,0.1846230648738358,0.1714019450959452,0.2511254217361344,0.2018408288672819,0.2447211631246745,0.1624425296081498,0.178131506911047,0.172133598802723,0.2725183906777999,0.3612299507184869,0.225121164833096,0.3871788068697111,0.1535223302370604,0.3224980442887356,0.2797833418850839,0.2258582165284036,0.1081827284352926,0.2342064318622099,0.6832431868241035,76128,39,CD31
284,0.2724734107460587,0.3716511661576402,0.220619196174722,0.3798894409023307,0.2902863197936761,0.2067170354779261,0.1801264327682231,0.225456701004162,0.3435797746464461,0.2493567307334307,0.1761311126762402,0.1480727875080078,0.1369154364060521,0.3372065579126835,0.341976482536412,0.3223152077722423,0.1791334196004992,0.1036325613134704,0.2597143670875181,0.3774920571259458,0.2998964153138487,0.0899116026872177,0.2178343521767182,0.3415656221907843,405099,18,CD31 + GzmB*
285,0.3349828398014298,0.3937064271218153,0.3837027253660262,0.3736512452147643,0.282713955763038,0.1416949528668948,0.2032419806678201,0.1369833381008362,0.2693426549652363,0.2132793083461263,0.1826258636643741,0.1850145812237018,0.1541696926024885,0.3583245166819773,0.0934800712450595,0.2872031050940005,0.1249708846646344,0.0713496511272079,0.3297011568510348,0.3144425167082939,0.3147432062883789,0.3593878133894032,0.2489418295283661,0.3147023527875638,460764,29,aSMA + Vim
286,0.2877689367254247,0.3196871303029438,0.3274737183391147,0.3351227659086992,0.2839846312522119,0.162591067946796,0.1666269049691165,0.3454466247805154,0.2420989085421721,0.1361824493522957,0.1650484239404587,0.2153077746417255,0.1500224780142907,0.3620935216783524,0.2346551028858856,0.2570234048947044,0.4068964804522275,0.0758554852756838,0.400678854617824,0.3569249973516584,0.2459354539881866,0.2675744561539706,0.143962553208602,0.2287966370144146,361488,5,CD8a + ECad*
287,0.2832679413491233,0.2798485824352487,0.3429263251482122,0.3478691756431565,0.2533158875468209,0.1395672887930693,0.1565130314633711,0.1244940461804049,0.2663817641088891,0.1982017489153406,0.1157386731630124,0.2121454540933933,0.1712422994102827,0.3062126726737483,0.2829058047379197,0.2466961926902418,0.421235336073156,0.054042771543612,0.3668944408571103,0.3689680000998783,0.3701426562478659,0.3311641984675925,0.2364137776248845,0.2611764076210704,450945,26,ECad + aSMA
288,0.3372776634503509,0.3444795585933449,0.3830099270619473,0.3377897378661627,0.2613029778097878,0.1435603156596204,0.2007016006903356,0.1368934850395952,0.271762176697498,0.3714436886243118,0.2146836173517861,0.1983535169582119,0.1490580325980648,0.3023694416170664,0.1653954368574322,0.3000697386132491,0.3995955616508733,0.086221923471335,0.3544336995748543,0.3806602566117749,0.3235044670625663,0.0606355214020447,0.1974968046093748,0.239798683759168,428712,15,CD8 + Ecad
289,0.2831114795983112,0.3316094552975904,0.2339213930533331,0.2631455282473668,0.2592263935407455,0.178286951825687,0.2205204372949521,0.3923060299173581,0.2468715968797494,0.1590380273046751,0.2185496992430183,0.3111090561893607,0.1439280530426469,0.3792196575629093,0.1534999657141185,0.2534634538549047,0.2749336853018985,0.1055156724288258,0.3301052941241584,0.3116261395209871,0.3773854845828897,0.1228717367658046,0.3088307625549374,0.1916364292494488,211501,1,Vim + GzmB
290,0.2242354309483824,0.2832636846478618,0.1697419609664126,0.4237012592643983,0.2772447019031539,0.1833729664401137,0.0850941555438718,0.1764758834097244,0.1949696294775108,0.1621765707802246,0.2225779408397626,0.1847290756644154,0.1142971296268669,0.3497168670710748,0.3486076218916237,0.2931714479644317,0.2534229659131977,0.0854055995932903,0.3401774394118329,0.4862793826804905,0.5297637084281762,0.10146611724857,0.4417178002279007,0.242723797051819,268993,1,Vim + GzmB
291,0.2223395059676534,0.3829982827257807,0.2049378841565659,0.3469462236934632,0.2436387209364352,0.1574442609889389,0.1233285943468133,0.2335751101718952,0.318795773560482,0.2159837968216415,0.1702770803719086,0.1854715296151895,0.0955097008946404,0.3705423723169737,0.2537851572030797,0.2556263341054808,0.4502462348051059,0.4145980034835974,0.3751894648841426,0.3680986581840167,0.3268681673015567,0.0687787183422163,0.2982965283679901,0.1860063821677768,243956,2,HLA
292,0.1913266671039968,0.3170502535647861,0.1972533594870695,0.3532279039059998,0.299171004885042,0.2477470813214786,0.0866240731431451,0.2219758789006348,0.2309561884540396,0.1642335171255295,0.3205272548958456,0.265552209654506,0.1913231433272214,0.3186403280890097,0.3064891846712765,0.2335773873792798,0.4772413520454061,0.3972501229500694,0.4036655386962484,0.4021299084566202,0.2490621759360266,0.0711476910263975,0.1863381206333793,0.1734358783108707,338160,2,HLA
293,0.1952475991797147,0.282628591338141,0.1640199625809553,0.3668308265762288,0.2547902821987004,0.0968001890037642,0.1077149790991495,0.1261931953186165,0.1362307989209699,0.089100660708206,0.1509589531466791,0.3202924916587558,0.0713605600332923,0.3435224069934938,0.4547024296318893,0.3161503833948383,0.6299319561782118,0.5690767475282239,0.5116978806136759,0.5795383165874908,0.2364033785158995,0.0577502366035467,0.1063737261278817,0.1353441567754306,198825,17,HLA + Ecad
294,0.2458083895663366,0.2298447004954733,0.2506588326473343,0.2858252699943404,0.1718286689198067,0.1286503590399965,0.1559239833071374,0.1321693234086253,0.1479995732651771,0.3970052403424147,0.1237298601016377,0.177839815129787,0.0988392211721834,0.2117919519657791,0.6818019101611096,0.4904816085458741,0.5533881853730115,0.1898645993035078,0.4060146459451116,0.3339953587734839,0.3005825719662676,0.0867774845131224,0.1149145801386646,0.1756886288856327,85117,33,FoxP3 + ECad + PanCK
295,0.2288974869028111,0.3193030075282644,0.266979498324214,0.4567365785611872,0.1986075305086936,0.1039411593130556,0.2324624790848115,0.1257567298584482,0.1852898498782965,0.1269382142210569,0.10654579294582,0.2607136598759995,0.0434995995275574,0.3160185683395425,0.2531281633838972,0.3042862178272633,0.5252515007130959,0.5276052560644747,0.4169997179710094,0.4562134478353935,0.3299006111954567,0.0385255483568873,0.2572029852693727,0.1450157976168611,126415,17,HLA + Ecad
296,0.2986232207858065,0.3475650287470075,0.3313506452365942,0.3732931944127572,0.2562769826252018,0.1882578838363656,0.1684592206892612,0.1742518675996787,0.3223474957993895,0.2383587145634019,0.1814722892084501,0.2045402661048376,0.1375953387795819,0.3042251138959264,0.2661316748351924,0.2759946898951975,0.3740845405512781,0.3526301081198538,0.3424573235665427,0.3787378566732199,0.3011529857623313,0.0718288959402972,0.1256469375903312,0.2099589349084841,464596,17,HLA + Ecad
297,0.2576703792653511,0.2943933857393601,0.2788885774374841,0.2917078174385987,0.2424543168435074,0.1989001614106907,0.2165680241124544,0.1905964790035411,0.2409673668642974,0.2664826855258793,0.1442356210739576,0.1766919613004177,0.1363896700989778,0.2880951479031735,0.408298894221618,0.4522574694449076,0.4661530520414932,0.102727281846027,0.3243085331799055,0.2778837293493911,0.2475084390779502,0.0859542130042317,0.1343561103301799,0.3153741237575707,215556,33,FoxP3 + ECad + PanCK
298,0.4172540848583994,0.2987915639922384,0.6403846283650653,0.2845906903610078,0.2353878692728901,0.1887051484030246,0.2216218895537292,0.254588097074594,0.3361704272266774,0.1946700581293301,0.1950477735914177,0.2058309798640505,0.1562470159516322,0.3042040852094158,0.1575314593796055,0.4649867377752806,0.2095751960585033,0.114501332731164,0.3092859188093022,0.2675632701821933,0.191098998188383,0.1095098814197552,0.1032769129191531,0.2044207725833294,161318,25,CD8a
299,0.5923088404144584,0.204413339503926,0.7566490697044737,0.2057953680962635,0.1728967340286935,0.1464414500120248,0.2022772212378732,0.251778118375767,0.6009264179037336,0.5589803506515454,0.1586745991599934,0.169097180916245,0.1205720549833932,0.2696234057067591,0.1033868062208366,0.1711650728501594,0.1044827952454316,0.1542091890738293,0.1672215219979207,0.1878412606381543,0.2442675200181911,0.1237809555209201,0.2508034823780977,0.203789973534975,209206,25,CD8a
300,0.6035788116925939,0.1894715461164347,1.3108730991992663,0.194506942238495,0.2079893683183052,0.1729584445467346,0.2145190964151824,0.2633757345123478,0.7137371520452007,0.4142290263751164,0.1589464593811803,0.1342007903812794,0.1523028306331761,0.1977424188348298,0.0991987950405748,0.146383544989556,0.0777647938294175,0.1318753906615122,0.1479159338668622,0.148583409226544,0.1413538108303964,0.0814454195631235,0.1425935070106535,0.1512385331091128,36145,25,CD8a
301,0.1242596494660406,0.1684921227679804,0.1494944913245721,0.1769938102998355,0.1938587083141124,0.2478234547603004,1.0562206544025847,0.0939960544131878,0.2017541328232153,0.1010061277149705,0.0927928684623378,0.1057964486981132,0.1753003341742293,0.1237448489981378,1.1518590696471236,0.1561114965197021,0.1395288276651217,0.067451441203111,0.2343144952683874,0.1592436827771818,0.1094441394390698,0.1176275878855679,0.0737047869165493,0.1561556192177788,12192,37,PanCK + CD20
302,0.259405163122342,0.3049568526442721,0.2672523424925425,0.3337774404832176,0.2575378536988728,0.230172249174307,0.4728096551143068,0.1899523495981125,0.2985074481927901,0.1822429417868625,0.1900271915358511,0.1604117941907956,0.1861967691297275,0.2369201151083092,0.2844845035842281,0.4868272403722304,0.2082485457236343,0.1217999463698668,0.2504781434410517,0.2876151156990633,0.2076656567814721,0.0917727311269986,0.1152235149967062,0.2356067660043565,232329,33,FoxP3 + ECad + PanCK
303,0.289345544792056,0.3035950955266954,0.3080847637096197,0.271203613077971,0.2905960475348839,0.3032753826724489,0.273506958648413,0.1403348898132773,0.2828459704452657,0.5112000507768261,0.2220479149865443,0.1418647613409139,0.527453717712372,0.2146530381053288,0.2191976235908825,0.3103591794686198,0.16454744380698,0.1125519545262712,0.188514812304843,0.2613716744273822,0.202542600634156,0.1255914801923419,0.1044512650575126,0.2659431498364213,188091,5,CD8a + ECad*
304,0.2828174744894741,0.2876369383358351,0.3509933532754141,0.3330962483478805,0.3086974116749633,0.3421129849869117,0.2071419637197284,0.1481329777005171,0.3034626184579133,0.4161440065502936,0.1820918968172887,0.143776483841855,0.2227811313381429,0.2623441060248619,0.3699892497447999,0.2750755876970824,0.2507322767591201,0.0763057301725155,0.2508132334836424,0.3056622566462011,0.2788867746442202,0.0980853019836783,0.1258586488791587,0.2590326532721792,267783,5,CD8a + ECad*
305,0.3297701529335112,0.3552029413896014,0.3273396811352584,0.3350140902890453,0.2902243094452923,0.1856953562420397,0.1991652050693955,0.224062072082305,0.3262007637350723,0.2877711359942433,0.1442794324919706,0.1880729413601868,0.3315101366343786,0.3098500436583051,0.2543687569833785,0.2580667061031902,0.3280394023146737,0.0615785397988635,0.3091955493279376,0.3456611090316449,0.3048916456291369,0.0776490227383743,0.0947524662274207,0.2566099183749503,382372,5,CD8a + ECad*
306,0.3182421186212502,0.3572462330068424,0.3420492443740366,0.3471078793463345,0.2989323035442088,0.22139447677271,0.1774858242321501,0.1431878055794863,0.3207737229865278,0.1941833984841113,0.2885660134084022,0.1879533818278824,0.2676983185279833,0.2934359883622369,0.236980396966041,0.259682158210013,0.3393080326177478,0.0441511354843392,0.3021364767714353,0.3446653492264387,0.3024592912495742,0.2552814684646094,0.1505298126185311,0.1864996102761818,917889,5,CD8a + ECad*
307,0.3524432305818481,0.3754648638006391,0.4258530537643029,0.4251103050328927,0.2957760408901114,0.1090610024052207,0.2154080866682515,0.1434478988364988,0.2284968881250893,0.176794997338694,0.2000073179254094,0.3130658981655633,0.1162062313448392,0.3017989807481626,0.2057301497657261,0.3241032647428902,0.3878335724925362,0.0697870538474012,0.3706034926283752,0.444023901059829,0.3159520809702974,0.0428326515661855,0.0982248173053015,0.2042369822096013,598804,15,CD8 + Ecad
308,0.346626113494448,0.3596090945331123,0.385422653496317,0.4093843859802672,0.2565938649821721,0.0943797924156144,0.1693280800230337,0.2419691323472452,0.3351127870569353,0.1874445839485985,0.1509840708900822,0.206378814345565,0.0527377018502798,0.3395363904843214,0.1262563624418422,0.2490241097557283,0.4085191270208023,0.0409935396815179,0.3904926269095307,0.4128770997934703,0.3971549770382289,0.0299330909468624,0.3471541909560787,0.2439841015072366,422276,18,CD31 + GzmB*
309,0.2622994244940492,0.3058108774319592,0.3266769025820973,0.4183021014311626,0.2242420547412733,0.1643998654902463,0.1517566402469851,0.1191461978321996,0.2158697840288642,0.3828475628698714,0.1510194779273387,0.1656588460457014,0.0896162898698111,0.279578764886774,0.3623469968349583,0.3500790197394847,0.3575004927913255,0.0694279115858154,0.326353160240962,0.3865287670026415,0.3650485811445987,0.0605643821503155,0.3746098732954935,0.2173982395989037,290137,15,CD8 + Ecad
310,0.2205627997178599,0.2470407646972326,0.1911157494145979,0.3083928897904165,0.252154495441163,0.2141075691553582,0.1379064235949454,0.1857233428182648,0.2096928387291727,0.1873892826786991,0.1933122544726423,0.204623015575215,0.1591739416431755,0.3164343912356678,0.5456471612735714,0.2326778347313823,0.3528931203916098,0.1081387370427809,0.3350024402498329,0.320192084311638,0.3531294019823128,0.079439135932449,0.5437748478111045,0.2079363300570061,172984,1,Vim + GzmB
311,0.2039803454376052,0.2841181609281335,0.2097117555006046,0.4050415526072545,0.2107260844057236,0.1224028374898192,0.1893865960446417,0.1440285900589175,0.1995499233604152,0.139437207101588,0.1589891750892256,0.2508443503390449,0.0657215973228185,0.3169564986445095,0.2996735123198059,0.2808338804539094,0.3643168132055695,0.4468930860155511,0.344693289859246,0.4358397120873277,0.4960029203430482,0.072090139393128,0.3993252905745284,0.1596117944797142,134507,17,HLA + Ecad
312,0.2027638731821856,0.2906259588766861,0.2355642802660276,0.4290810201664058,0.2835860575507147,0.1294170727637536,0.0699178956900558,0.3321680746688025,0.1598561463613055,0.1255266957602847,0.1175974307612016,0.172306087822815,0.1044763917300961,0.2884754107244833,0.3767151126877348,0.2907359050665448,0.5304664308996648,0.4588193073177282,0.4346959476496881,0.5110840986597427,0.3914163693264546,0.0410125126714417,0.1346144100444761,0.1939412822503923,446881,17,HLA + Ecad
313,0.2330151537730744,0.2688401150116214,0.2454277302443718,0.3168005614862928,0.188542470714864,0.1092875175380993,0.1068694022225974,0.1250499527056431,0.1426562797257852,0.1963833989018325,0.1239161957677087,0.1525085440209039,0.0943154976946476,0.2239586975941093,0.4753848149827238,0.3856459961758066,0.7852436071068414,0.5730362704597762,0.6230076469287652,0.4260947252638359,0.2296095325928005,0.070417586565835,0.0866349021714757,0.155568019019525,112052,17,HLA + Ecad
314,0.2791221417101187,0.3190452179947495,0.3641660530682385,0.3698167093168521,0.2607283033080098,0.1203193118042902,0.1754304718403047,0.1498128104875103,0.2340659100703793,0.1413456597675026,0.1704131233181939,0.2672880386958254,0.0976924943471271,0.3287845041824059,0.3326885578151966,0.3195148849382329,0.5076982749052403,0.4203713180297658,0.4048544903155595,0.4693139436300788,0.2544925867953428,0.0457138960997226,0.0688966983120401,0.1474507769639489,394479,17,HLA + Ecad
315,0.3182635161849894,0.3974078426926364,0.3485785234477103,0.3304091298204166,0.2674127715945273,0.1184859220014262,0.1937037660382107,0.2972965577788403,0.274603471822021,0.1712389189058977,0.2298059054082859,0.2364449056140416,0.0774423890541594,0.3305617866578917,0.3017637347888757,0.2631293477516154,0.4421488055973156,0.3818294018628326,0.3816073733500773,0.3926207907364699,0.1470854516063951,0.0643821077869697,0.0612157445746298,0.1845905785130709,521028,17,HLA + Ecad
316,0.2884891783472268,0.39690775310049,0.2714581455390383,0.3770838936256778,0.3459885578259443,0.3184108585147187,0.1254758750498441,0.2546699935930998,0.3103043258721359,0.2213367406717128,0.1889787659271819,0.1708817465923893,0.1938003716242173,0.2954256709697997,0.2412930016127782,0.325882874300743,0.4301127847879287,0.1933806376335011,0.3657992393130765,0.3808166237034199,0.171074234845852,0.0646151564333136,0.0883629910566232,0.1949134454093832,380502,8,ECad*
317,0.2415365948252674,0.28164400897657,0.2291616724600631,0.3064169927140472,0.2880141450645608,0.1803653030714497,0.174307461307485,0.6191706586866638,0.2766540620118543,0.1627420983441732,0.1875405370400769,0.2596137497688802,0.1638427081876232,0.3103007041516745,0.5438692832861614,0.2283463966241612,0.2517660794001348,0.1045967331684092,0.3110052653254074,0.3171756487757207,0.1909528748515952,0.0899052879551213,0.1185399054051312,0.1751792915864998,86879,40,CD44
318,0.4106066752431557,0.2300346926704142,0.5244062225786023,0.290403808293984,0.1762706779131979,0.1084066576265819,0.1375715258247418,0.2181081470695597,0.3897748247185991,0.3315272076726649,0.1213669784350539,0.188977638534423,0.0803084460555423,0.3268559699531596,0.279255950457963,0.2289380835836384,0.4708169794439233,0.2353549300319156,0.3848799011142998,0.3649364531394192,0.2839425392047052,0.0835517842253512,0.1855083285431044,0.1814672850251782,187698,25,CD8a
319,0.4349243066582521,0.3052664446081056,0.6409486137019618,0.2835108404458673,0.2331543444499719,0.1738342155299052,0.1788635784877141,0.1751874114594185,0.3997821367804103,0.4945086084517216,0.1510408286509592,0.1554671931845432,0.1645690113640891,0.2223861249353988,0.3139096174723039,0.2261707558562341,0.4273708721686082,0.1072340438638226,0.3008521276663885,0.2648573018287727,0.2140089937021971,0.0686141779110091,0.0914165430053703,0.1679629436816228,131421,25,CD8a
320,0.3419714989376719,0.34604420422228,0.5565000376582989,0.3466659867068611,0.2433126994235165,0.1784010776573049,0.1642515912455699,0.110360875645149,0.2523196426876246,0.6032630906797917,0.1882547502660565,0.1185443892533661,0.1590591501158613,0.2337848046816804,0.2276830131997265,0.4975528012409069,0.2165122830604935,0.07974769339311,0.2310202142461944,0.3124340615097872,0.3498385196330018,0.052701281408439,0.0914745294009133,0.2150264712497506,160477,22,CD45RO
321,0.1366525521915842,0.1352832756317006,0.1512249556375789,0.1810363021976234,0.2556697396821214,0.2244541480405714,1.7187525123170198,0.1123833705651568,0.2369924199001621,0.0912882146465317,0.1328770731115211,0.1274846620018214,0.2391322710251164,0.1516515514485859,0.2044276828665551,0.1210642374188731,0.0704683898410539,0.0652246174703207,0.1885911767167324,0.1264906853735777,0.1169614906346234,0.0564416397402065,0.0755728751500298,0.1173953222599972,34288,16,CD20
322,0.170697715341147,0.2259541728630915,0.1798865962663437,0.2579854977971488,0.4330476506183252,0.7295556497866768,0.8062397097819264,0.154408641576764,0.333463583847214,0.1301747107015505,0.1938246326624204,0.1333523051233526,0.3967035832201659,0.2059558914363587,0.1730311648005054,0.1855644302247522,0.0684914537695791,0.0770246452674785,0.1984527882431783,0.1626176383136001,0.1626314526051359,0.0589822972995138,0.0821936397786594,0.1492046861948,72031,16,CD20
323,0.2108096062873126,0.227435358277933,0.1984853001289012,0.3590235584980102,0.3112622184411679,0.2069978269880577,0.701753025997153,0.2328545288053107,0.2460508769882579,0.1296032374275553,0.1824983111189624,0.2443061213329946,0.1933712431549974,0.6417268915844448,0.1386913724358654,0.1817772213204752,0.0755590388917743,0.0697414491873077,0.263905942626861,0.2019713366590217,0.2076991643401217,0.1203840981778969,0.1888589749105961,0.1673134989273787,75250,9,CD366 + CD44
324,0.3461616910657525,0.3790738473701505,0.3479770327063283,0.3306971426590884,0.298776837529365,0.2718353614929984,0.2067151171200714,0.1492935462370573,0.3576463470678655,0.3682819982844381,0.3525904560215767,0.1704291733315085,0.2635225158238525,0.2663232397713351,0.1659864497650058,0.2852691672727406,0.2067685170690478,0.119760257806583,0.2608958638700247,0.3246907126234648,0.2823831454141733,0.0898459206859244,0.1122873642930994,0.2118791347976298,448723,5,CD8a + ECad*
325,0.3173670600194742,0.3422299757373995,0.2441320772867902,0.4626912176636083,0.2754846712776718,0.2301291987167941,0.1382534977020919,0.1434182782561903,0.2911050150333489,0.1674594098214996,0.1715707853053986,0.1605971511553403,0.1689574166853645,0.3020478192638833,0.4371195340812889,0.3352028550419752,0.3245488085102103,0.0820757288092846,0.3208881267003701,0.3355391477183562,0.5906842133113143,0.0667060607595226,0.1064893560963557,0.1727784196569117,112946,13,ECad + B7H4 + BetaCat + PanCK
326,0.3054365525420334,0.3764596406965143,0.356129175726807,0.3802080369252096,0.3092835762474192,0.2607081753502617,0.1675529166674283,0.191132642013484,0.3545839315227204,0.1751748764137396,0.3051578711403768,0.2410845124465176,0.2436221441340114,0.3147367180399043,0.1776104620932259,0.2542444246038003,0.3467548906656194,0.1117750098236246,0.3211202781945694,0.3621042723144833,0.3101680949422211,0.0651928048325586,0.1177321234662136,0.1768834255630928,332915,5,CD8a + ECad*
327,0.2295783360736189,0.2843362732888879,0.1791859350782063,0.2769350175123282,0.2758803772897735,0.2020558217746475,0.1140106335024979,0.1477260380120746,0.2667955000405099,0.1702952460410144,0.3571470643183129,0.2239517915911902,0.1809732960854081,0.3818425154607504,0.3759499353544953,0.2358115923462294,0.5534402566590964,0.0885094583613945,0.4390920644596649,0.3882966497833892,0.4986332674143583,0.1000377099492596,0.1770688059246302,0.1332007106093961,56418,5,CD8a + ECad*
328,0.3186929378952696,0.3605439530365891,0.3789078691228701,0.3721339884186445,0.2895336634620151,0.2156032444587595,0.1752953553254382,0.1612864589289111,0.3167632662714282,0.1697789772097543,0.1986734020208068,0.1601452880520077,0.1421417179935056,0.3231920805503613,0.3035150630219344,0.2478611844607232,0.3989082560118114,0.075857201237279,0.342640703663034,0.3756011481731282,0.3127985999399419,0.0520296953928648,0.29989206553765,0.1992029353666186,690153,5,CD8a + ECad*
329,0.2455841281032901,0.302939020829111,0.290765586921235,0.3171509417212452,0.2836542677996946,0.1414504615973377,0.166073349317994,0.2033464601842639,0.2007754116027577,0.1576622865149211,0.1607964781980909,0.2884795806258535,0.0995262835761636,0.3308254698498313,0.3646853452119395,0.2802974982048025,0.5779936642896005,0.103524771961635,0.4610178279203618,0.4293643342452864,0.2604520938743981,0.0578529933178107,0.2535301238966263,0.1813061993735019,334906,34,ECad
330,0.2262967713387916,0.3518195305589404,0.1566424639161615,0.4692703945472445,0.2646678505158973,0.0889505866189136,0.1439808034024235,0.2198075390867447,0.1556809501831494,0.1172256156915237,0.155643622401559,0.2846127343393109,0.0620729858346577,0.3991061672845044,0.2843605275366473,0.2787068637846183,0.4829884390282799,0.0532872817592832,0.433008913482377,0.4798407684821664,0.4195231612869095,0.044715797318021,0.3963576694473471,0.1912881076434739,499442,34,ECad
331,0.147099356243211,0.1672713952868943,0.0935235942596803,0.3629135757307823,0.2362587172507952,0.1227910338398312,0.0556540847173417,0.1953504872757616,0.1088208378395616,0.0690476443563548,0.1769817036673939,0.3563456886944691,0.1003835617595931,0.3590403574934245,0.5223337986952554,0.2491128809962403,0.4530719184295446,0.0987226282015894,0.5439526780903022,0.4801278316302381,0.4298705726490138,0.4102936720822186,0.2725446250907612,0.1346655392092619,19614,26,ECad + aSMA
332,0.3456179845092338,0.4521223754478216,0.2351370595044708,0.5101378080830163,0.2193440668798989,0.1209533565741116,0.1702776431738691,0.1293241735576236,0.1990550490150623,0.1503780477779532,0.1526668941134529,0.1902568532673807,0.0942676736215843,0.3298933769992819,0.2070308580605855,0.3515376500007712,0.5097691604116905,0.0987634617496968,0.4387671586756455,0.4710484561722683,0.5565339879891845,0.0521113625855294,0.1014440933142424,0.1588216568150679,78842,13,ECad + B7H4 + BetaCat + PanCK
333,0.2430733595109436,0.3277402100694342,0.2329345140666793,0.442000314399159,0.2265936136780072,0.0840956051629759,0.1623523369172039,0.1047056683694417,0.164066615084137,0.1151206631745055,0.1566439488512422,0.3201840483359385,0.0887727970818338,0.2435405987308816,0.3674822272061804,0.4051259317599994,0.5770653644237069,0.3482820446187361,0.5051585103893359,0.5103839688907449,0.3347057404067899,0.0364042891681606,0.0661182303911806,0.1648187917983804,262870,17,HLA + Ecad
334,0.2444884226127442,0.3136873722624962,0.2200331960880432,0.3939392339015795,0.2014115738515977,0.0963312609983079,0.1670071190363755,0.1290178819032965,0.1757366614269342,0.1425591780508854,0.1162410114646964,0.1884989261003162,0.0499412437354345,0.3788892967037199,0.2852338388637964,0.2583009384358666,0.6699880075240721,0.326214929361681,0.5656691581906308,0.581654514115962,0.3759931057993186,0.0753058788021954,0.1890955616546873,0.1487644633889518,168046,17,HLA + Ecad
335,0.3107471962804402,0.4657267480791335,0.2642732996328414,0.4234182142146272,0.229336695777814,0.0994994826919203,0.2446184318184038,0.260421610470043,0.1747467867513698,0.1453604546227312,0.1399942322053545,0.2353632981818139,0.062956765566783,0.3931803666086689,0.1915015525714235,0.4042823236324217,0.431295015833424,0.0775140234954721,0.38983107037267,0.4363144938562278,0.2668829897686678,0.0306595802711778,0.1432620676925736,0.2562831393546793,392224,34,ECad
336,0.2692562702375435,0.3604438926143548,0.2310220991954116,0.2673685607591334,0.2856115819244478,0.2597511742953043,0.1677403672195632,0.4633709604556804,0.296923294422022,0.215903774029019,0.4612725444640247,0.2864631366796334,0.2481285487102016,0.2694596143052306,0.2425865393563385,0.2165214202508514,0.3074782851709173,0.1410707875026537,0.2815591879052287,0.3114606865820518,0.1703835438407563,0.09108584815459,0.1191112579431517,0.1904700265810637,151862,7,CD68
337,0.3340956901142076,0.350562468168078,0.385890827023271,0.3416854139822822,0.2956789292433235,0.1463016724611036,0.1734050943725014,0.3941527236636606,0.2967543184318773,0.168752111419945,0.1457922020969948,0.1852149615261752,0.1216376800558793,0.2753008485520862,0.3203323170767007,0.2853653907009397,0.6052515929571324,0.0780934250827988,0.4457639827869963,0.335362833115215,0.2219734041402392,0.0290920845284619,0.0659302173264541,0.1776259264851238,293025,15,CD8 + Ecad
338,0.3623072934238037,0.3179350500672908,0.3897978690317428,0.3184410259383087,0.2324067477662075,0.129716314568723,0.2402918325937633,0.1064698891045994,0.2301410678574228,0.4022553765122997,0.143484028871821,0.1819605619673573,0.1586500687627767,0.2679666717127389,0.4124883986045625,0.3338242232615184,0.3121763682443351,0.0769467299764624,0.3181030593926714,0.3611952209984851,0.2958389377149926,0.0970577598850236,0.0883766799826522,0.2762685031968921,405114,15,CD8 + Ecad
339,0.3730312686447395,0.4190602646078669,0.4712280540569605,0.4080736153162398,0.2412980106666467,0.1146971611502299,0.1691145497472961,0.124420071987865,0.2576747161240503,0.3584650362654262,0.1419452002123019,0.1569613099653986,0.0997103215754436,0.3047054819424258,0.2936680574739352,0.3740341432484506,0.4011866714141868,0.0583840604797238,0.3721836332677498,0.4381914033169859,0.3290918265803324,0.033273483647327,0.0567643947990163,0.1901939316009784,374061,15,CD8 + Ecad
340,0.4184860045978579,0.351679521550248,0.3440192421928652,0.36343951834845,0.2294116280805501,0.143924053277226,0.3050242319181453,0.1182615635697833,0.2722702314800264,0.5350793145184034,0.1851937118237218,0.1256124383792576,0.1483922271588526,0.2384498236633742,0.1747500992544365,0.4132072714553232,0.2700551943254258,0.08213305007671,0.2693398361422965,0.3386545747645464,0.3092234165196691,0.0503056752107509,0.0915790083919004,0.2557712625842377,310129,15,CD8 + Ecad
341,0.2292511666584331,0.2304054486721048,0.1935225967802619,0.2844465570057924,0.4129231043655604,0.2097440821223219,1.0894937787942651,0.1763330982339858,0.3090616750753748,0.137973315785998,0.1845552845376982,0.1242101999307606,0.2753010389007488,0.2131825531226043,0.1973951576107321,0.1992144826411735,0.0748397501069736,0.0723449235309558,0.2138322231072641,0.1767246687086885,0.1544446198640766,0.0673600154254612,0.0845097537419127,0.166258707462246,157660,16,CD20
342,0.4434277337484111,0.4266156157401884,0.3761660389502315,0.320007708061367,0.2894410674565845,0.1801009088268247,0.7141832716312704,0.1791582436410975,0.2827826494498104,0.1805730949373932,0.1897990368939438,0.108235384906476,0.2624474574381852,0.2652467387610436,0.1383697097279248,0.2562001868768743,0.094061346874801,0.0831693846263374,0.224284523219615,0.235883508273879,0.1596938580713479,0.0786188071781622,0.0899937267983238,0.1971292600292395,157144,16,CD20
343,0.2657456421332924,0.2452713248508025,0.1955674465773106,0.4997770081595353,0.4310108064634281,0.2599876576877247,0.2207995537535174,0.1804348153190606,1.0351532554515157,0.1299944650117774,0.2560387031734912,0.1627815070693657,0.2236622180839024,0.2360539487022286,0.3036853842645192,0.2707659651712318,0.1185620529278937,0.0866958518588699,0.2984474718239729,0.2627168513103665,0.1781269966314503,0.0701403324600281,0.0802084722169001,0.1475107137173373,84924,27,CD45
344,0.3307282812818007,0.3922372224980198,0.4374910834768551,0.4031704696447643,0.2921563673345133,0.1735477008117513,0.2033000170826116,0.1747065642865377,0.3293842128717985,0.2133718135169579,0.2730035424413182,0.2277432593590876,0.1210729580287091,0.2967381863042782,0.2500903139476297,0.3257705977776934,0.2637574526506414,0.2514736823328281,0.2890980554419382,0.4466957087910281,0.1843033734179794,0.0439524710326824,0.0673428992791616,0.1947026054049438,293112,17,HLA + Ecad
345,0.3888333843875844,0.3921127261024646,0.4245654541752161,0.405991010831757,0.3072509391634964,0.1776942744449597,0.1997364738768437,0.1372892836044128,0.369577997613329,0.3707961447513558,0.1816049132844286,0.1411098832479765,0.1438311623384439,0.2912764113070712,0.2132704196200122,0.27952590980296,0.3000875079511449,0.0583787375769481,0.3127479955655523,0.3640884584886005,0.3473283812101211,0.0587284701518849,0.0847069494996249,0.2219401718211646,594380,15,CD8 + Ecad
346,0.3119847276190785,0.3683124943255956,0.3700171777962915,0.3860477051254427,0.3060824869925458,0.1571760217029376,0.1788605570715351,0.3091211074913488,0.3426069620178314,0.1838414674984258,0.1456705299733436,0.2401170503155819,0.1247963900066289,0.3249958318156583,0.2789251130269256,0.2578659403269908,0.4510462541190217,0.0745434037923321,0.3715629378007715,0.3940097608765303,0.3087012663609879,0.0298354084854182,0.0629196803399812,0.1906971177595413,440027,15,CD8 + Ecad
347,0.3287631352507701,0.3603553843437894,0.4087337681304968,0.4086939462207506,0.344795710606093,0.2089097485010313,0.203658772308852,0.1254341513474169,0.3672213990112129,0.1683522325860832,0.1414947159699938,0.1576051804078,0.1339880929880602,0.3360594843266553,0.3462931113580444,0.2760070294960659,0.4434763433390045,0.0523980500312993,0.3877772345029409,0.4107155059986129,0.2810427295047264,0.0498687046806832,0.0667117189964933,0.1791042129781504,498395,15,CD8 + Ecad
348,0.3146627850922591,0.3707509526920111,0.3920642855858436,0.3331622588589363,0.2873404172275302,0.1874540034066978,0.1594553578315056,0.1645056091851134,0.2769197700806518,0.1670387732043755,0.3329053244523952,0.2511311901976547,0.1778123754504612,0.2905974747717443,0.2941516844373386,0.2698606855518657,0.4960478898716617,0.0863844810605942,0.4068715400466218,0.408742980402604,0.2390043778643772,0.0709996788854738,0.1173158986648938,0.1490036779507142,303288,5,CD8a + ECad*
349,0.2701116871718043,0.3405387257278484,0.5312171146853775,0.5082692253194004,0.2192443455053913,0.1846407939391005,0.0764260578083329,0.1500273647502874,0.2182694160323131,0.1672871665705838,0.1271192516090213,0.175314298350543,0.0883861533752039,0.3416702329953258,0.320037875097988,0.4356429763437842,0.4477496698706372,0.0620253696362226,0.4426844886302903,0.519990253721912,0.2599289761979521,0.0398489993042006,0.1380516906697122,0.1761231337923654,364381,13,ECad + B7H4 + BetaCat + PanCK
350,0.2019946057704631,0.2957748779223002,0.395146588151021,0.44718347281581,0.1743393162968686,0.1473052685661889,0.0497225875731952,0.130117752611227,0.1642963862292335,0.1468641200665885,0.1051291173540401,0.2004244693041898,0.0411075677444756,0.381161528810968,0.4475481695587086,0.356860201971666,0.6082152828880999,0.0440898837890583,0.5234110419920637,0.5214080161014267,0.3480599461408578,0.0214842373626473,0.3701677207430484,0.1388736664071318,415120,13,ECad + B7H4 + BetaCat + PanCK
351,0.3077054715917542,0.2296683007616624,0.1675749993458145,0.3749989312990231,0.1832059030454101,0.1155452456982577,0.2265661862853785,0.1020590332158886,0.1463550107622067,0.1598785367762783,0.1248154717557866,0.1632377060961631,0.0628919105677875,0.2911345704519761,0.4027967337949756,0.5097654605829466,0.3550415334080017,0.1370906024748923,0.3677886786416986,0.6249752028166853,0.6121356631486424,0.0835839082765806,0.2113519059177621,0.1274013194070696,127541,13,ECad + B7H4 + BetaCat + PanCK
352,0.2486908200072332,0.2277632687195258,0.1640188944129634,0.3629759863599099,0.175775013595183,0.102036218102285,0.1933006089387075,0.1095791811640786,0.1301535044097099,0.1225498107832587,0.1107124456562148,0.1932064500539936,0.0607237490513778,0.2861411365124917,0.3459397512973572,0.3898891191567864,0.812110776179835,0.1363105657083389,0.5458514396366038,0.4176661307861642,0.6295477976005287,0.0697144058354906,0.2552871289313887,0.1268416964709639,55152,13,ECad + B7H4 + BetaCat + PanCK
353,0.2690041235358643,0.2174745730257655,0.090477492074774,0.5384047738652813,0.1746170966777074,0.0832609082003584,0.1044539096717111,0.2518584192465143,0.1288827160945768,0.075132201497603,0.1514074694713647,0.3424971180561088,0.0658333402577192,0.3595449360242908,0.2885168185142929,0.377229484476273,0.5759651466550527,0.1376491625475947,0.5283476740632487,0.6809112210168383,0.5050086697050568,0.0442797729172297,0.1377556335377697,0.0939436278276509,81653,13,ECad + B7H4 + BetaCat + PanCK
354,0.2468606022670207,0.3220578703619608,0.2308487338572225,0.3447137894878697,0.2711497158318064,0.1066421309056926,0.1647822843764872,0.4496991494921529,0.1607464161231634,0.1046137227329639,0.1365274100848567,0.319021900712133,0.0713227182656431,0.4028655944516632,0.2549854740816711,0.32860138391421,0.5913105968940888,0.0841266340922371,0.4792134811890804,0.4875235013859417,0.2275172919896576,0.0398826905213929,0.1220970044672134,0.1721240810272718,370784,34,ECad
355,0.2365827199798877,0.3016933162538688,0.2441172182569592,0.2643914184883367,0.2533024826867959,0.1508925318920584,0.1840465359529588,0.7026205694345695,0.2096272290412093,0.1700258963095696,0.1450191485050947,0.2367996478016643,0.1361821939542459,0.2719447989300595,0.243742973233963,0.2050515718381898,0.7278777762397755,0.0832601331506204,0.4555049200524321,0.2878346256484943,0.2062985142487361,0.0812880404722451,0.1175924509126749,0.2013826471102902,110969,40,CD44
356,0.3190523284443115,0.4427690578826892,0.3814820191844302,0.35975340690808,0.2918249469617761,0.1592256833578028,0.1766574937324812,0.1552733770932016,0.2099125237304522,0.1511432292937968,0.1425530414916131,0.1550294983456227,0.1414226474839857,0.2947282716891494,0.4363153243513251,0.2902768279588523,0.6961754399694314,0.0727840905078874,0.5264400670968611,0.3526164674447918,0.2078093994802954,0.061640253528145,0.061350493839541,0.1497335054699936,221064,15,CD8 + Ecad
357,0.3318097883401247,0.5473510695754711,0.2499887497188347,0.2730503769779532,0.2342695889030485,0.1550151927208204,0.165956772334471,0.2017545282570348,0.25095920727368,0.4711289367143279,0.1453869774973838,0.1827342310929567,0.1554205529412533,0.2576350081443243,0.3311869712438879,0.3117563600807403,0.5631311953834293,0.0807087996968391,0.3994273211107155,0.3248384577757155,0.2336499403876701,0.065613512039765,0.0743594771856528,0.1752596610348501,201745,4,CD4 + CD45RO
358,0.2245597712272306,0.2875402083887499,0.2705579424571692,0.4224918935434953,0.3044695005708823,0.1422906271799273,0.1386840344850393,0.1348046056713974,0.2135633593981984,0.439252546986229,0.149908717518644,0.1653308375749941,0.1069521531293266,0.3844513715458563,0.3996007995426569,0.2848793194438755,0.5121739831609124,0.0691487568044831,0.4427959919415448,0.4819980376265438,0.2750344373946211,0.0807360520890254,0.1010957836192274,0.1619254107153134,194831,15,CD8 + Ecad
359,0.3328133220087507,0.308392971650301,0.3528119475975808,0.3584177488518933,0.2410958134482753,0.1594935216735483,0.1622032055610192,0.1415494000955372,0.2526788223098685,0.591067268476906,0.1873157671147048,0.1435774391599816,0.1442015815592036,0.2705347260906081,0.2548253224045934,0.2576017360117177,0.2843667513842903,0.0719809237560042,0.2853146677357552,0.4520350164751241,0.5238889260123465,0.0732340770582185,0.0987394873529473,0.2257110142963007,152930,15,CD8 + Ecad
360,0.2773178423121217,0.2655101767572848,0.2414655426569269,0.2981291784738268,0.1949326000921294,0.137928844297331,0.2636565322169622,0.1016119959168589,0.1684666261379807,0.7435458971976882,0.143680873087109,0.1079268205380989,0.099438962696871,0.1903847025098814,0.3119774142436594,0.7524363959446806,0.2277155516894055,0.1025172077534863,0.1958510722069165,0.2726866671951934,0.3257306838655364,0.0766606212283805,0.1240836626545395,0.2735864677338919,164145,22,CD45RO
361,1.0070721465428891,0.3828558719296668,0.2384863954976168,0.2716212916912989,0.3523998177045725,0.2513613896811659,0.2983270931729598,0.1469955299253583,0.3010467346186838,0.1654659824848521,0.2160043956705796,0.1213062460837056,0.7208028148330268,0.227063663363943,0.1385682478894388,0.2336339091926383,0.0609131691769938,0.0603175496858453,0.1841141236475157,0.1921667580132815,0.1683634509304114,0.0743091586533354,0.0805486267065702,0.1617143733463467,54760,23,CD3
362,0.6847685407299233,0.4176118223071597,0.2798495146565497,0.3090218334572822,0.2538525024700097,0.1813662372025656,0.3438038190577197,0.1530521469241428,0.2516071306848184,0.189852119706571,0.166563193942211,0.1015142740678439,0.1719575743174556,0.2519002123395707,0.1729264242038564,0.7775613319238651,0.1305054922540703,0.0632143484878392,0.274949879701088,0.2558525048549712,0.1586900596830381,0.0642551615285972,0.073302759873563,0.1635714975173317,123152,14,FoxP3
363,0.7171096967230406,0.4113181892311872,0.3685226856500577,0.4417473460682408,0.3591845636184985,0.2001460715214099,0.3090478438031876,0.1273609905803455,0.280314124838708,0.1720985810672426,0.2222309790187395,0.1063395434326319,0.2274430087295486,0.2774879625028332,0.124939427378809,0.3203686610690367,0.1161432396508321,0.0527744150463692,0.2922635816056628,0.5346715472420425,0.1740817256213757,0.0515443109344434,0.0617195905916461,0.1434881407501903,82775,23,CD3
364,0.3268809143348338,0.3821917691801255,0.2840911391270023,0.3246139468210231,0.343608177162814,0.1990228667760408,0.2611367759299213,0.2039196500073167,0.2758530158377312,0.1553134801486766,0.2075681287118307,0.1569909471034579,0.1687591639133324,0.356408776524283,0.171047544223015,0.2500590956451892,0.1712199837269277,0.09491805938748,0.3029252867434184,0.9336816648670098,0.2020962544462794,0.0695674348432083,0.1184825426835284,0.1772717810908287,140140,30,B7H4
365,0.3972740115547366,0.5771023450709888,0.4208006262685369,0.395329330045813,0.3028524325352449,0.2190743682644993,0.2574043229872103,0.2085978959496736,0.3149380468221373,0.1671932891734263,0.2027687214381998,0.1802343819530532,0.2027160778441057,0.3141493370703484,0.1759593351006757,0.2382655595066282,0.2166029366045629,0.085127838052989,0.3414346447382953,0.3830812057697881,0.1851090704743343,0.0745419505498114,0.085771320474497,0.1954315023134529,231427,19,CD4 + CD3
366,0.3780015692434173,0.4373534462641096,0.4499257236020405,0.4523335642226294,0.313416422063816,0.1194024234099264,0.1713779410184558,0.1459469600786898,0.2995341720446567,0.1640227065251025,0.14915925728391,0.2075102881661539,0.0899009542044573,0.3708655220859919,0.1786795034187653,0.263985222222715,0.4560491384057029,0.0513751931725008,0.3974990461401834,0.4628111674751052,0.363117347964926,0.0325754875969309,0.0764177387665522,0.2074805126282933,424967,15,CD8 + Ecad
367,0.3585302208488775,0.3334579764445659,0.3763817687146752,0.3602135548063954,0.2366262001089649,0.1069067713986058,0.201085575343075,0.3255152548443959,0.2531601572400033,0.3758725098474555,0.1287946328199488,0.2007108439184316,0.0999447321082582,0.2736934170716365,0.300672640944164,0.2888224035614583,0.4914320443668221,0.0597132496684735,0.400554481035155,0.3882524203972273,0.2845798375617067,0.025010676384535,0.0512121766106949,0.2049080034414947,553079,15,CD8 + Ecad
368,0.4039003965170571,0.483196641702548,0.5548771423084594,0.3771702703236395,0.2754814463958043,0.1687113448049531,0.1920432075584994,0.1587351986984113,0.3572860084223549,0.1758293245175856,0.1851377475190904,0.116167593362842,0.1783204753903705,0.2060142786051131,0.1933859708225844,0.4216850321640745,0.4411344879641733,0.0735093479959292,0.3904668867429474,0.4796991627908201,0.1692838824199784,0.0342639139318735,0.0413064476551903,0.1548048448395544,94685,15,CD8 + Ecad
369,0.1710105628089164,0.2353063731452483,0.3069840125770601,0.481150174582802,0.4673355478973434,0.2192488584383167,0.0604170942766189,0.1642991040576072,0.200237875662917,0.1228258540109211,0.2193747236977987,0.1938858967661434,0.1229137464222355,0.4025868688477841,0.38245750226442,0.2880134762260603,0.6207881207500312,0.063206925024902,0.5114840376403241,0.5401191147170793,0.2584564350207875,0.0765384525275364,0.0711133257417092,0.1233196123481259,152790,13,ECad + B7H4 + BetaCat + PanCK
370,0.246034872682787,0.3387172312046062,0.2783573067759136,0.4927949731025842,0.3508100956769648,0.1695001342734866,0.0878264240958929,0.1199119327304163,0.212376750560542,0.1665081473017799,0.2027430157978433,0.2114607788989327,0.1263969569680935,0.3567043876784795,0.2686864630077198,0.3721797780658999,0.4146835977970558,0.0897963144779246,0.4199005431249449,0.4904715266514135,0.4140359632290927,0.0556679896455165,0.1017193895478942,0.2492663317056318,226328,13,ECad + B7H4 + BetaCat + PanCK
371,0.3105256030771839,0.3839439779191111,0.2568262469550106,0.5292832538211719,0.2579021729909889,0.1546047122965643,0.1224059079817447,0.1640456537230498,0.1809602152521799,0.1073009928202005,0.1912118359210063,0.1495837551640329,0.1284346092944994,0.3492364161345587,0.2084855888928325,0.5446536211448298,0.2777904142041543,0.0897532034939458,0.3941401158368547,0.8479010163347019,0.2250238367630437,0.0485953091705473,0.1046801773841263,0.1653498552621596,172636,13,ECad + B7H4 + BetaCat + PanCK
372,0.2737737847051583,0.2736609893875164,0.2453937946634272,0.3942683759478623,0.2225614849629903,0.1087168225833342,0.1448193790255952,0.1109626623635897,0.1498303081541187,0.1705419686442242,0.1427735739124913,0.1661657154201517,0.0848180384120136,0.2902490581732597,0.4639201337028516,0.518578340381235,0.5138865604052099,0.1125761607163611,0.5009412857131663,0.6465066245697959,0.3100012455985305,0.0595879374419644,0.089696602610242,0.1692648961796155,192112,13,ECad + B7H4 + BetaCat + PanCK
373,0.1953071427260809,0.2240161351585112,0.1298199014524795,0.4534952143085431,0.2357435439764617,0.1069223815228334,0.069438371784038,0.1966743983702661,0.1186743212524606,0.0846167321932888,0.1919494120307797,0.4292499143956039,0.067314422785683,0.3267398742892045,0.4805556523285276,0.332574772212229,0.6581568210681394,0.1100240782002267,0.5892680821896683,0.6399772570618081,0.2705839616690658,0.0457149737131757,0.1307472934216881,0.1262962907520821,194746,34,ECad
374,0.1901710935084804,0.2288894672641583,0.1556269640129931,0.3175484179193094,0.247170722952653,0.0851726122451964,0.0918823004362244,0.4945022198267683,0.1213149455112496,0.0818327567736451,0.1427870781405743,0.2932676106816708,0.0622557526361185,0.3420944177931978,0.5112596465164546,0.2521908024795115,0.7656034950329558,0.1046685857405185,0.6358801996069963,0.5716869794922146,0.2288708420553565,0.0381554282620567,0.1300942035031817,0.1075961651534365,139103,34,ECad
375,0.1962914987779461,0.2870566970669297,0.1677727090639279,0.3933143576753774,0.2513698205040174,0.0831420093729401,0.1168744936048495,0.347991316171358,0.1410766533006834,0.117232188252928,0.1289131104361796,0.2376479224791619,0.0551586920989351,0.2908497586435847,0.4123311698978344,0.2870997092403197,0.6421984744875516,0.0798524179230094,0.5150024770893812,0.4754190843868964,0.3654892998695512,0.0439480307558984,0.3751287112275766,0.1656084595103068,211213,34,ECad
376,0.2685966689988697,0.2723901007229506,0.2402490738838053,0.2643075586739855,0.2186859695370493,0.1742295243164934,0.630682835216541,0.1887819146775547,0.2184694378630994,0.1913184012893041,0.140820075828759,0.1869736596294154,0.16503642175699,0.226808490754005,0.3546236128286765,0.2332899680492303,0.5702011742451896,0.1195847617845071,0.3260755875478508,0.2770265589635994,0.1848822856796119,0.0973036945926555,0.1068029699015787,0.1930666756974025,59720,33,FoxP3 + ECad + PanCK
377,0.2596226081359972,0.2670901194916653,0.2737262630442162,0.3069412547588779,0.2121950059376194,0.1375160384493325,0.1542090846914005,0.1565946865511144,0.1909283831718039,0.5491881320384542,0.1460860942184677,0.1804420946797874,0.0970734299560544,0.2553219003908268,0.3202843683307628,0.322097085914805,0.6276973500628589,0.0880414757533844,0.4844129869409707,0.3542157334593349,0.313487169890027,0.0681475127874911,0.1795162202200506,0.221188325776593,296965,22,CD45RO
378,0.2471522919242177,0.3084495189509327,0.2284781866075693,0.4991524639286936,0.2441653796163174,0.1250864959416277,0.1518449609455973,0.1043320551540635,0.1755405449090778,0.5094487312115593,0.137112891000473,0.1178661418776347,0.0728938137298857,0.2659145241218951,0.3198585855025687,0.5405788331034386,0.3117884784376037,0.0818888817920054,0.3224346026942601,0.5131906420797809,0.3951381894599544,0.0695593202038369,0.1375574140030996,0.2227724998731047,162562,15,CD8 + Ecad
379,0.3016640623387513,0.3007606400805167,0.3048183633113954,0.2674804302602254,0.2396138745646095,0.2004609526776676,0.2546523061168626,0.1772236769005776,0.2706564988935089,0.7288235567027691,0.2287759106080079,0.1584407461705606,0.1773360922018275,0.2476268081847523,0.2344801977134631,0.2931020547209592,0.2833537746322174,0.124482475117547,0.2479966459552375,0.2823903760666432,0.2688416910744625,0.0740843290686994,0.1194989747027532,0.2653695609886116,301294,22,CD45RO
380,0.3168074669665642,0.2752932814494399,0.290207962923018,0.2544211247472676,0.1991942261006111,0.1788349733994882,0.2131084434736417,0.1272570461289515,0.232905937486517,1.09076406266538,0.198031308623532,0.1216522676240238,0.166085833669951,0.1988808096468141,0.2195612528830549,0.3056985097878292,0.22012233744493,0.1117886002824028,0.2030145025907112,0.2540379723732853,0.3253955853690191,0.0883317707303845,0.1228268653855151,0.3194139275802693,198035,22,CD45RO
381,1.3766777534785573,0.3084365086325421,0.2371403516312263,0.3069328109523708,0.3332732817739164,0.1873442884698725,0.2373266747110529,0.1478567331797733,0.396154188710817,0.2006031742471919,0.1486448882993357,0.0924411396552853,0.1607350064578573,0.2615969507272274,0.2247185466776411,0.2411514501539861,0.1000847142121817,0.0432258681587843,0.367224714225012,0.2172844221387048,0.19249494581188,0.0698221204903383,0.0806033568423619,0.1307429101866622,50432,23,CD3
382,0.8855330768710217,0.7663621516030004,0.2659705594590575,0.3262235366998487,0.3119281380007341,0.2085315670557968,0.253267885333453,0.1472760806348219,0.2744577247778303,0.1835607222925014,0.1849124516354662,0.1048852995527182,0.2682240146687721,0.2548859940760452,0.1414074085317401,0.3109260702824224,0.1001805021567003,0.0637063976207799,0.3299397676464958,0.265968559134865,0.1572661405127158,0.0524547819468256,0.0721448942483229,0.1834233780603963,85138,19,CD4 + CD3
383,0.4172876600875495,0.4295907253191513,0.728049729456202,0.3606133008931647,0.1981961259098205,0.1082300131848226,0.3982597804134593,0.113942796132871,0.23383134069608,0.1386545906498419,0.1889263505313806,0.0774408286264083,0.1132573725580756,0.2216395597025114,0.1331578711506642,0.6772542443635851,0.1520775347256231,0.0730489159791324,0.2728681144343143,0.5442274500111369,0.1297587307238605,0.053628464011672,0.054539876950089,0.1685822395192675,29332,14,FoxP3
384,0.6225017792220896,0.6818839383891928,0.8318045560459066,0.4241510902457199,0.3774324686529146,0.160656723803683,0.2211268337973166,0.1054131516455268,0.2632223904484739,0.1062036676022898,0.2568572404301502,0.0763995736689752,0.3647566624739251,0.2095768875431254,0.0293606290319933,0.3787066703481501,0.0845727818978347,0.0997649955656734,0.2971143994070039,0.3047476602294403,0.1198977762810754,0.0205744996514351,0.0641734290913065,0.1416954748479194,128754,19,CD4 + CD3
385,0.3880519631511594,0.4321343743827379,0.4797272011739232,0.4196800687959818,0.2278327955386387,0.1306547742146339,0.3045498388039413,0.10687112665277,0.2207551661955889,0.1997409090431275,0.1585708356140893,0.1337685718767218,0.0949521033079385,0.318986665479909,0.1280871514065231,0.4399878221417925,0.1946871625777238,0.063479281680509,0.2895491661482068,0.3674640408376601,0.2669056033122113,0.0631201152399916,0.1139744315770253,0.4652280082219567,262136,18,CD31 + GzmB*
386,0.4174136317579609,0.2946166492726057,0.698557421859982,0.4072154731788708,0.2621070108593902,0.1416297880060793,0.1762048198332536,0.1721978716544542,0.3584945400549457,0.1798543177215011,0.1704645262779706,0.1666498079248385,0.1310210206167479,0.3373964118237513,0.2163851103861942,0.2040813125884748,0.2180431671721739,0.0540173615280422,0.4364512515034927,0.6511160582391603,0.2175020476505935,0.0623386087608541,0.0813545205960431,0.170681268120305,61121,15,CD8 + Ecad
387,0.3686072691909294,0.2988587861417109,0.3701991463281628,0.4200519677371133,0.2123208905383856,0.1169311846400419,0.230189383005948,0.1673998403821023,0.2822300866054943,0.2337219914177539,0.1143778057237445,0.1636896583500576,0.0925946467941623,0.3137520614551559,0.2692810702473291,0.3265628977335279,0.444785177001665,0.0557496177653872,0.3639187663972044,0.3648947312538003,0.4328007798073952,0.0652451170803224,0.0747719275422028,0.3301199655830047,179541,15,CD8 + Ecad
388,0.3071122210767076,0.2780819747171366,0.4684255866960171,0.4334587134766531,0.16609033023359,0.072378712347856,0.1778452133762804,0.1165827122754639,0.1747064025289066,0.1373185600519168,0.0523680706890586,0.2563244426673941,0.0896825134263233,0.4014426024838475,0.4047311744469385,0.3498468877119788,0.582893145098267,0.0513173345556907,0.4684512829223045,0.4663191850239953,0.4379070866767227,0.0991326610693757,0.0341631284547753,0.1490125597318897,321064,13,ECad + B7H4 + BetaCat + PanCK
389,0.3611688944167464,0.4231416900628295,0.4133991326351127,0.415957504703884,0.2593214662589868,0.097401675938281,0.1911660735562835,0.3229032077068707,0.2118607219760591,0.1334695122734311,0.1173062670823473,0.2028407806824004,0.0641468060527821,0.3581125252818287,0.3275441240131582,0.2975770200798815,0.5194888457240634,0.0574776855254123,0.4376158895009262,0.4781120866822412,0.2578977848602707,0.017416010185386,0.0432858833262089,0.1631087578709288,523078,15,CD8 + Ecad
390,0.2521118924796787,0.3535208806681262,0.2396841419061051,0.6276482522935138,0.2590056926529777,0.1428529191758718,0.0794401424542143,0.1513402337208563,0.1528669760701388,0.114144985621557,0.1476287855190846,0.1886128216118524,0.0854683833544741,0.3654543452399662,0.2676934801722058,0.4020221483567913,0.6586518038533704,0.0854496821381483,0.5605682586880385,0.5506002721126076,0.2716506237938055,0.0429598854079298,0.1028102701026025,0.1858308611053317,155980,13,ECad + B7H4 + BetaCat + PanCK
391,0.2031690575939929,0.2340237189702752,0.1877300176044087,0.3092799186217445,0.4282506039221954,0.202746392851202,0.1312371184556472,0.1535591222996394,0.2223674177124771,0.1016036029294559,0.1663066103127654,0.1878678605778262,0.1501460404467353,0.2958792632871252,0.2605654569381258,0.1691473474951437,0.1423575387189004,0.0718588180514148,0.4450545094786254,1.6945005671635731,0.174548191273123,0.0535100835348502,0.135966408737405,0.1371800409086074,46870,30,B7H4
392,0.2440483842529307,0.3083924466351839,0.2518245217468588,0.3427632242991045,0.264452350862816,0.104470424169396,0.1094431624500551,0.1426593717172045,0.1443012879403258,0.1403620897417027,0.1275773524128475,0.1673142290146619,0.0655411668446098,0.3906284763853378,0.4467210690599266,0.312501564654558,0.7682558639983826,0.0753935567937173,0.638033732620578,0.6218716232252086,0.2993051938007025,0.0508936389920508,0.1204289485046985,0.142846282260768,223888,34,ECad
393,0.2166065702066196,0.2105645928572102,0.1273834392260475,0.3435719048276324,0.186063430001126,0.0901069022624338,0.0835940876383103,0.1290503200738469,0.1000195154799745,0.0872003510191221,0.1426106761489411,0.1901677873548879,0.0637918168872871,0.2872148915084129,0.7329125236666966,0.3455866766744656,0.8146253343137131,0.1043529683555038,0.6812047420821097,0.7246141957532911,0.2944667681409097,0.0607056318380438,0.1455276776672546,0.102724323644516,56743,34,ECad
394,0.1965497235828309,0.260822569995905,0.1735853700974047,0.2851821508954075,0.2085694844979406,0.1184311743603638,0.1113870889421207,0.1534948876992046,0.1383483994512518,0.1355222711156777,0.1300897993575587,0.3178461101896933,0.0985744526044894,0.3706227781727109,0.4457435866892194,0.2203133855343788,1.0192238347617422,0.1913029497892063,0.7208335434378699,0.3439991871286983,0.2162949723035366,0.1173167598576883,0.1699114755713192,0.1419792667067439,87833,34,ECad
395,0.1829885440948536,0.2555047945518878,0.2243093650878483,0.4107276030062844,0.3646740592798669,0.2482143392528622,0.1654251653942175,0.1034508744974593,0.7288597676280308,0.0863843358478045,0.1676776409065875,0.1779811181122577,0.1355415004876476,0.206307358737956,0.4898473015686479,0.2788459383562585,0.705232898625701,0.1711990550828289,0.5898612730968685,0.2490613426752554,0.1836582102344487,0.0452631597303767,0.0449507777704348,0.0780831609919167,15563,8,ECad*
396,0.2666044323037367,0.3107777112570158,0.2241701472069519,0.3837963236380026,0.2339801215201336,0.1853290990581776,0.1048317380675483,0.1747025989687479,0.1642514862765517,0.1513376952765879,0.1488936437661068,0.1668226002120788,0.1541100552417477,0.2584956064159474,0.3386682515508951,0.5630663056146061,0.9315147513824528,0.1117596792524622,0.484571688570854,0.3323631292005956,0.1961512224160821,0.0777507592428869,0.0924130823182811,0.1806367793790622,80770,13,ECad + B7H4 + BetaCat + PanCK
397,0.2405143271346337,0.2601835461105874,0.2403348261282235,0.2979250954754937,0.2400061477657542,0.1801034254446471,0.1632185493965979,0.2278178611999947,0.2015080108932592,0.2289765069983116,0.14182778524307,0.2153367674914321,0.1455410733354664,0.2585166013062143,0.7087658794392773,0.211004292617003,0.7507573094921612,0.1320429824859381,0.4126301092492147,0.2858684707493389,0.2079353910275978,0.0785389444440635,0.125342569941277,0.2060541916667921,127191,34,ECad
398,0.2494193310878008,0.214686961317408,0.2244688417278329,0.2083563566182038,0.155318021985181,0.1220488633508039,0.1833055347772654,0.1422902779411632,0.1607630297921661,0.9497144776130586,0.1488886731735436,0.1316679322362181,0.0984451841050961,0.1826440659816376,0.3434026064483399,0.3829549404652685,0.600028618868037,0.2426295649546926,0.4120758822662443,0.2582806463982099,0.2196704902558171,0.1096324825406739,0.1013980358240634,0.2599691364675069,66289,22,CD45RO
399,0.2610399755860385,0.2609320590944327,0.2501821293769171,0.2930396977496572,0.2040174621777963,0.1746819700991286,0.1690717334081338,0.1356413715579335,0.1885513721687133,0.7649488111434958,0.1370714803784278,0.1354236723534499,0.1115050744686022,0.2220156269348541,0.6056811531362892,0.3375465358371012,0.3149593436826681,0.0998580039988845,0.2649171510236817,0.2975685268096684,0.3006235005536365,0.0994540782030945,0.1334074852839164,0.269498434085934,148421,22,CD45RO
400,0.2358850842520845,0.1689703654158833,0.2002812292356053,0.1585594820201762,0.1278589153396065,0.1505063196567587,0.2058065389789926,0.10204580833962,0.1712348704438153,1.7212238130048152,0.1830385410627335,0.0959262350917196,0.1385882362240147,0.1272736197589531,0.2323457780045581,0.3602091228343332,0.2324339726167469,0.1579743355976845,0.1595259655226985,0.1748135431733347,0.2386454458280537,0.1443781420375781,0.0972024747042872,0.3617143948942338,46088,22,CD45RO
