cell_som_cluster,pixel_meta_cluster_rename_B7H4,pixel_meta_cluster_rename_BetaCat,pixel_meta_cluster_rename_CD107a,pixel_meta_cluster_rename_CD11b,pixel_meta_cluster_rename_CD14 + CD16 + CD163,pixel_meta_cluster_rename_CD16,pixel_meta_cluster_rename_CD163,pixel_meta_cluster_rename_CD20,pixel_meta_cluster_rename_CD3,pixel_meta_cluster_rename_CD31,pixel_meta_cluster_rename_CD31 + GzmB*,pixel_meta_cluster_rename_CD366 + CD44,pixel_meta_cluster_rename_CD366 + GzmB,pixel_meta_cluster_rename_CD4 + CD3,pixel_meta_cluster_rename_CD4 + CD366,pixel_meta_cluster_rename_CD4 + CD45RO,pixel_meta_cluster_rename_CD44,pixel_meta_cluster_rename_CD45,pixel_meta_cluster_rename_CD45RO,pixel_meta_cluster_rename_CD68,pixel_meta_cluster_rename_CD68 + CD11b + CD45 + CD45RO + GzmB,pixel_meta_cluster_rename_CD8 + Ecad,pixel_meta_cluster_rename_CD8a,pixel_meta_cluster_rename_CD8a + ECad*,pixel_meta_cluster_rename_ECad,pixel_meta_cluster_rename_ECad + B7H4 + BetaCat + PanCK,pixel_meta_cluster_rename_ECad + aSMA,pixel_meta_cluster_rename_ECad*,pixel_meta_cluster_rename_FoxP3,pixel_meta_cluster_rename_FoxP3 + ECad + PanCK,pixel_meta_cluster_rename_HLA,pixel_meta_cluster_rename_HLA + CD4,pixel_meta_cluster_rename_HLA + CD68,pixel_meta_cluster_rename_HLA + Ecad,pixel_meta_cluster_rename_PanCK + CD20,pixel_meta_cluster_rename_Vim + GzmB,pixel_meta_cluster_rename_Vim + GzmB + CD31 + aSMA,pixel_meta_cluster_rename_Vim + GzmB + aSMA,pixel_meta_cluster_rename_aSMA,pixel_meta_cluster_rename_aSMA + Vim,count,cell_meta_cluster,cell_meta_cluster_rename
1,0.0002221586277861,1.5492600615628057e-05,1.500531349781727e-06,4.973622333599072e-05,5.780012040829801e-06,0.0001326690521019,7.420798794291353e-05,5.6060170135438095e-06,2.823989672939893e-05,0.0001248970877819,0.000644800212123,1.0455820607118224e-05,2.114950452288678e-05,8.35771171578943e-05,7.300343785295259e-06,0.0006025063410301,0.000164442073582,1.6536644542841153e-07,0.0047520405758723,0.0001756999959365,0.0001079075735196,0.0033466467943855,0.0016258047849293,0.0012783203903728,0.0035456440902794,0.0039485210057891,0.0015065252539075,0.0004691126419156,0.0009801239751588,0.0019282984307702,0.011816463092302,0.0005099944708758,5.530017835303464e-05,0.9629233367544672,7.499500518595206e-06,0.0003458644489974,3.717524538315079e-05,7.675256483529964e-05,3.215061820126154e-05,0.0001390473252077,35158,6,Antigen presenting cell
2,0.000365931969593,2.804958119440716e-05,9.392011517849572e-06,0.0002364713783913,1.6877018749459906e-05,0.0013105186632664,0.0001667017425311,2.08823927865553e-05,1.9866534015311167e-05,0.0003711797756864,0.0033989819811595,3.617494964061127e-05,5.257535186099588e-05,6.962656266841083e-05,2.061663020042809e-05,0.0028635899136319,0.0002866029193888,1.0245867716759254e-05,0.0085785869562003,0.0024016000923011,0.0004598996620758,0.0052100815696047,0.004657010901447,0.0054160476289556,0.0043184345912269,0.0051742308205413,0.003699097872371,0.0024448932696519,0.0018497507871329,0.0040076300572445,0.1510579090345252,0.0038425456561437,0.000541611765381,0.7878591566285424,2.383341141058119e-05,0.001414600146882,0.0001450780978364,0.0001465492387012,6.560568460997329e-05,0.0010347766145004,15041,6,Antigen presenting cell
3,0.0004456553073287,4.254998108284028e-05,1.354804271426907e-06,0.0003829674400758,5.931365969153928e-05,0.0019906057526628,0.0003128342278514,4.773923678665292e-05,7.788536113610642e-05,0.0006778275312345,0.0064089806742107,9.92375060508417e-05,0.0001262601488034,0.000200254726175,2.3830377856164435e-05,0.0052287748153696,0.0004334264149038,8.236660401349505e-06,0.0162376011522416,0.0077607285773188,0.0010413627220678,0.0085964981835842,0.009649184476247,0.0119148785500583,0.0070717608733714,0.0073245290002511,0.005464355999759,0.0045809322161085,0.003823515264826,0.0082116921967004,0.2799742782546436,0.0088353791617589,0.0017012970732632,0.6024745192191914,7.833728739547083e-05,0.0028414346124173,0.0002379320772283,0.0002785402236793,0.0001211283318432,0.0022741134046375,18926,6,Antigen presenting cell
4,0.0001975611002312,5.2284214226480335e-05,1.2123771133363132e-05,0.0002509394875826,4.4543770184961126e-05,0.001980560201648,0.0003058178220142,6.084389091853751e-05,3.121225618669744e-05,0.0004513894448161,0.0063525337297606,5.409908212743666e-05,8.269137700521937e-05,0.0001669158691308,1.952606596776007e-05,0.0055911236243208,0.0002472398385643,1.670246791434709e-05,0.0078382682994517,0.0078467486947511,0.0009973305114432,0.0042512473375379,0.0076387768587184,0.0099896149383142,0.0038281961607556,0.0035478262378735,0.0036521731130308,0.0038283374852133,0.0023092192952632,0.0034166691892423,0.4619927186919049,0.0095140008782793,0.0017860271724694,0.4509559381653833,6.428002219979521e-05,0.0022041155110613,0.0001527679509111,5.517003130634612e-05,8.838934412053892e-05,0.0016136162668419,14586,6,Antigen presenting cell
5,0.0007308967170276,9.674459635044312e-05,5.5187067271352455e-05,0.0010816576907094,0.0002043030712941,0.0042350710623822,0.0009004934398575,0.0002026950333326,0.0002472427632338,0.0016779688491464,0.0194628848972753,0.0003243450071372,0.0004035831473559,0.0005585291257943,0.0001050648116241,0.0200621358698004,0.0008944224289133,3.327228057556478e-05,0.0177936533250368,0.0237615850093759,0.0027689897092448,0.013803397545164,0.0240903628420757,0.0250589703663133,0.0106650970159225,0.0102872743538036,0.0112089791846775,0.0122109358554881,0.006632092404166,0.0118860211328717,0.4705210495541547,0.0195325821479627,0.0052766770223299,0.2740613928999834,0.0002259691086536,0.0086370606582622,0.0013375194650906,0.0008385744537236,0.0003582451040803,0.0074846860147663,14114,6,Antigen presenting cell
6,0.0002297656467713,5.5243504924268025e-05,1.6107347957373516e-05,0.0005543208385718,0.000869793884729,0.0041933099959518,0.0014004483300314,0.0003919021720925,0.0005613678078493,0.0017719238009571,0.0182264444071535,0.0005528088045488,0.0004383871634899,0.0013565730895426,0.0002431033610476,0.0097464035719582,0.0006392369397694,1.6996371302292753e-05,0.0015393249518321,0.0454542962244407,0.001735974922849,0.0032298472421505,0.0137435850760882,0.0419747093109358,0.0005478590531741,0.0011768876759212,0.0135711519313831,0.004503559028745,0.0025296575777924,0.0016667924081936,0.2465995957040886,0.0270554115807481,0.0039914902726708,0.0133481406181447,4.9934855805106726e-05,0.0257238682804223,0.0089921070504234,0.0100333489746769,0.0065208684291062,0.4881101430976441,5894,2,Fibroblast
7,4.60272803525685e-05,2.5120285382029423e-05,8.335417187630241e-07,0.0001978351612278,0.0014968847845621,0.0013276779602081,0.0011775736482451,0.0003208634969808,0.0004610309149909,0.0018266111505214,0.0107311005869482,0.0007448743539445,0.0001034481421191,0.0051318284627756,0.0004417211925929,0.0021552956997221,0.00021146466788,0.0001061853084151,0.0018768631387158,0.0133187535278304,0.0002639220871991,0.0011327387502277,0.002193859420339,0.0127080042262983,4.620289497656399e-05,7.336521519538298e-05,0.0016850801519884,0.0004552509931855,0.0015098329941186,0.0002065035531044,0.003995966007596,0.0042728399377283,0.0008617255778077,0.0001913723426208,3.702442058896172e-05,0.0105747501267842,0.0079193998113493,0.0076574870457985,0.0084242905099168,0.8965874133395021,13950,2,Fibroblast
8,0.0002707589680992,0.0001148156678112,0.0,0.0006010528701983,0.0046681007350502,0.0055863015235623,0.0030964709443753,0.0010711575841743,0.0016368080686354,0.0041262916754551,0.0229886333208108,0.0018084470353952,0.0004660624953612,0.012081919644287,0.0013899266422288,0.007126913405033,0.0005721675712722,0.0002178807623915,0.0056124087222046,0.0436418135441669,0.0010677715286153,0.0044383623910568,0.0074717177466075,0.0331287982797626,0.0003184735418223,0.0004502172251861,0.0059834964380627,0.0019898702140275,0.0036855639602907,0.000672746262416,0.0126159593252043,0.0186625415941683,0.0054528797943845,0.0011907092295006,9.399902339624447e-05,0.0314153551121091,0.0137798844917335,0.0148125005180185,0.0176929570293227,0.7145921840799484,19240,2,Fibroblast
9,0.0002618627950046,0.0001764608146138,0.0,0.0006621580398138,0.0048312386327507,0.005322966706983,0.0020893722519657,0.001339034934586,0.0012875017309348,0.0024442298113108,0.0143426042066262,0.0017580066810265,0.0001761670106588,0.0074549100055818,0.0004941695123525,0.0084550490781312,0.0006347156307008,0.0001960295562741,0.0047194366866058,0.2472696520438703,0.0021988994184824,0.0020285011921192,0.0099658115812104,0.027569662004385,0.0002425930917735,0.0003602936251926,0.004128238182254,0.001538367134296,0.0026918222658161,0.0005240496746466,0.0179975255219561,0.0301023983256361,0.0205305665666657,0.0013201931538501,7.821375131241261e-05,0.0227185428822925,0.0140117432794631,0.0154815006476656,0.0138393114060369,0.5137159459694438,14827,2,Fibroblast
10,0.0003964877652603,0.0002152937957293,6.985171877139209e-06,0.0015129457021974,0.0123603674188383,0.0091339106334083,0.002961871565039,0.0011371703435739,0.0020602891858929,0.0057394971004673,0.0203103372547981,0.0025013344335353,0.0005257188095924,0.0095355152768942,0.0014445294605706,0.0202330398281097,0.0014981017164788,0.000317895326396,0.0042411345730388,0.0737299260657932,0.0018384309550829,0.0022752495130112,0.0128990867883947,0.020707077951533,0.0004776051764503,0.000474370333293,0.0029887419602097,0.0027219066342632,0.007519299169825,0.0012854727200174,0.0214253767608384,0.2101260662988955,0.0261555778634324,0.0016477741083046,8.296649493157782e-05,0.0233532064080104,0.0129957356090949,0.0245586407159624,0.0152105758053078,0.448580084784976,9673,2,Fibroblast
11,0.0002506871540511,0.0001703805626122,1.7815943487827256e-06,0.0014093504486749,0.0085976957585199,0.0121859394006713,0.0015010724734805,0.0007186059334383,0.0011774120945344,0.0052768735243936,0.01840320978189,0.0017416117618943,0.0003570412987294,0.0064107652885752,0.0007932063006509,0.0177087717025052,0.0009836567241102,0.0004369907511625,0.0022658976726422,0.0711071396103386,0.0015119090023904,0.0007243814883002,0.0092660263662726,0.0121822407570373,0.0003277576760518,0.0001940360214812,0.0013300857813692,0.0022358938873577,0.0058572356729055,0.0009981988542279,0.0241078067444684,0.4174530411380469,0.024316668597874,0.0010704932371082,0.0001618023762815,0.0194179373436267,0.0097936351573384,0.0157937143363279,0.0142614506260675,0.2935440310354184,7105,2,Fibroblast
12,0.0001961955871116,0.0002292834705667,0.0,0.0014827474777075,0.0082494246645859,0.0145025479987593,0.0016920070433899,0.0005159093102608,0.0012954339791083,0.0062620330954396,0.0170445689765774,0.0031374033168266,0.0003456375198695,0.0067135960489127,0.0007619470718546,0.0143518597792487,0.0012993954324688,0.0004102673495227,0.0021394341214492,0.0377170761404505,0.0017535420010516,0.0005809983405139,0.010080323327685,0.0106086340818473,0.0002231901440547,0.000325698497434,0.0009857949674176,0.002505576289725,0.007011055958088,0.0007306280984731,0.0203266793134446,0.5950047747259491,0.0226991353796328,0.0009956936198098,9.61054444086417e-05,0.0197173836304983,0.0098583696454286,0.0109838065845648,0.0090618594681257,0.1644028674865338,5094,2,Fibroblast
13,0.0001974624780114,4.288108073360603e-05,1.4294965900124649e-06,0.0006733135819107,0.0039495021653986,0.0033945306654926,0.0007171430012986,0.000355270963951,0.0017698983324868,0.0013539427654937,0.0066292499117503,0.0006692700861397,1.9221921407854032e-05,0.0031185952694998,0.0001581369941877,0.0092420558567105,0.0007007673533883,0.0002512346527539,0.0003825416635646,0.0232275993119886,0.0014352894944552,0.0002119190062977,0.0094631694067578,0.0034244656471198,3.289421612833795e-05,3.660289854776505e-05,1.4962784442869548e-05,0.0015677486121407,0.0019367420435118,0.0001969464572946,0.0191628747159833,0.8785544683899367,0.0183874042848159,0.0017826343913448,5.117877145737484e-05,0.0025476831833057,0.0001795926504299,0.0001481852731954,0.0001454920433667,0.0054344537665482,20949,6,Antigen presenting cell
14,0.0001911096040997,2.046016567884064e-05,5.981190073051372e-06,0.0004957589816954,0.0031002637705845,0.0034343535447682,0.0007292766413642,0.000434583560767,0.0021466881189314,0.0010584521434159,0.0103059978314587,0.000629336861131,3.168491834518144e-05,0.0027560052684373,0.0001248865057235,0.0106517517284492,0.0006045101684744,8.616990172520829e-05,0.0005722256029656,0.1700068877984042,0.0013640234480849,0.0001316660607163,0.0176967529878977,0.0054182304327596,4.289608662739058e-05,5.0773727507967e-05,4.036556700673037e-05,0.0010213702128731,0.0014240141556417,0.0002637710445182,0.0256076143100993,0.7009773092595813,0.0234458907021441,0.001023871236099,3.768859788903797e-05,0.0054291584741797,0.0003131953441862,0.0003427878605246,0.0002176586293165,0.0093399761987516,13285,6,Antigen presenting cell
15,0.0002088186698363,2.278583400102748e-05,3.027490216665365e-07,0.0004783159078901,0.0033101367954682,0.0033397924585698,0.0006248248310064,0.000498069722623,0.0024290865766177,0.0009773792680109,0.0098309091525365,0.0006475325683943,2.507571144505773e-05,0.0026129820908967,0.0001061058794989,0.0091455375528587,0.0006486949591284,8.968244144522742e-05,0.0006757943882773,0.3127161706422825,0.0015529764611533,0.0001451250987985,0.0146605411907834,0.0064186698400277,5.183203296183466e-05,4.785784168469065e-05,2.503568757678888e-05,0.0010118247756075,0.0011922447190908,0.0002541281888856,0.0251521688720024,0.5523469831698877,0.0341034753729674,0.0009000778882919,4.099233685821643e-05,0.0062952576718502,0.0003403014004818,0.0003038267661985,0.0003030929716144,0.0080210817177416,14946,6,Antigen presenting cell
16,0.0005908205477142,6.727579084395297e-05,9.141432134396736e-07,0.0005701430377101,0.0021606456546646,0.0051383263612577,0.0011388668711259,0.0005726291437303,0.0016534648163609,0.0013437205795753,0.0161395545328584,0.0008948729646894,0.0001162403283362,0.0020935597641055,0.0001194759735422,0.010999871092301,0.0009848292487462,0.0001253310843576,0.0018554210128035,0.2803796434393237,0.0024539044966593,0.0012351795398844,0.0219785467831619,0.0145496789743808,0.0007279360295259,0.000841578267395,0.001166569920646,0.003474129551568,0.002516973076656,0.0011024320472096,0.2124279728165236,0.3568335608870746,0.0219906749714298,0.0084674935862628,0.0001212788752795,0.011731675877363,0.0006313417857097,0.0008137089415265,0.0004035165295207,0.0122896814500628,11158,6,Antigen presenting cell
17,0.0002851487033094,1.6679714784500005e-05,7.290621122414946e-06,0.0006018555712723,0.003261618557622,0.0045062221793202,0.0009872233080251,0.0006412413308589,0.0035091834228755,0.0009762437648424,0.0112732014334689,0.0008801512843328,1.005072260866016e-05,0.0029724565007015,0.0001113603961184,0.007364574255901,0.0009371686899731,7.199890280041132e-05,0.0009598551376947,0.4542168604016742,0.001938680973227,0.0001751825381637,0.0235472061349331,0.008583449135314,6.050331247451175e-05,8.143083583456761e-05,8.825326421778477e-05,0.0010642597218058,0.0012702257794754,0.0002360204850925,0.025869482135125,0.4024331640089287,0.0226255310619535,0.001005777376996,2.4929590298451858e-05,0.0077690384066757,0.0004154159578466,0.0005391567983317,0.0003424137801342,0.010234955611385,15927,6,Antigen presenting cell
18,0.0001979749443832,6.74071430809197e-06,1.555851495710408e-06,0.0003162616558998,0.0024832408419546,0.0030302403432763,0.0007232151092441,0.000749071112226,0.0028514331142365,0.0007047328816751,0.0074169949265724,0.0006154807712466,1.0427154003935428e-05,0.0020079380598792,6.266235510691653e-05,0.0037652937447168,0.0005369755386783,5.71074151354688e-05,0.0006234939657553,0.6004259984533429,0.0016510369069844,9.9348397461447e-05,0.0145408691358884,0.0059282009226303,1.9242151540848195e-05,1.3146066577092224e-05,4.210913701547159e-05,0.0007053085800209,0.0008666160880543,0.0001578757214156,0.0186403833806458,0.2840610791157277,0.030022379614385,0.0005841981928137,9.794559420497417e-06,0.00657033587719,0.0003017317848294,0.0004340798087034,0.0002663477934629,0.0098128294328147,14571,6,Antigen presenting cell
19,0.0002178335254791,2.2660403567181294e-05,2.2376125514909707e-06,0.0003643083755535,0.0019728240312612,0.002977584745071,0.0007514038205558,0.0007702410463598,0.0031641150522778,0.0005213019235776,0.0073252127620197,0.000691729596241,1.9070823371786505e-05,0.0017321738795046,6.696297322866972e-05,0.0020192949741144,0.0005800845167089,2.874367742907044e-05,0.0006899517481999,0.7538633647669432,0.0018655411456046,0.000122225741313,0.0148945381262516,0.0059886500553378,4.082672932143878e-05,2.893373671353663e-05,3.666042502362292e-05,0.0006243350942414,0.0006224259374852,0.0001802998733871,0.0131177288039205,0.1503899984123956,0.0176579957989772,0.0005268152104575,1.730839315318237e-05,0.0077127726893878,0.0003336193009226,0.0003597427488184,0.0003355773621487,0.0086649557883073,14594,8,Macrophage
20,0.0005505543345166,9.0231716469083e-06,9.036148018799669e-06,0.0001727618022972,0.0009662969478665,0.0014614460299563,0.000506955538213,0.000584587471555,0.0014528647832037,0.0001308792635999,0.0027993948762326,0.00044452909548,1.708053058714601e-05,0.0006711405997611,4.089885048215927e-05,0.000466316856684,0.0006692040362636,5.0191516531093296e-05,0.0002432087115519,0.9232209284274412,0.0014956415409306,0.0001248578122082,0.0071183709680267,0.0048971485476204,3.73172602598785e-05,2.323418314458029e-05,1.1732147452096655e-05,0.0004314174387016,0.0001961737000663,7.052706544457216e-05,0.0095688213890414,0.0199168382536183,0.0093550208877762,0.0002566794900333,8.238054161333198e-05,0.0055030329270313,0.0001188743895369,0.0001490515297643,0.00022394166126,0.0065708512803089,24379,8,Macrophage
21,0.0013645198479817,0.0001214709515365,0.0,0.0004156781217472,1.1341172083152744e-05,0.0004970751579328,0.0003939015444554,4.171378736624382e-05,0.0002319273229695,0.0010253499548351,0.0038854240039887,7.446124793134814e-05,0.0001810404168446,0.0005594131177378,5.250077289294301e-05,0.0035171813116799,0.0006868148035135,4.214700508035124e-06,0.03333995702224,0.0008913049046165,0.0007822704448257,0.0237309877460734,0.0092573072213464,0.006814702997581,0.0208799713877728,0.0307102224878726,0.0075748753481278,0.0023586040675238,0.0075858190293575,0.023236785585418,0.0137008437393867,0.0029529074499214,0.0002551742899881,0.8144658285201997,0.000108680703809,0.0023309870495871,0.0002285229181749,0.0004674219358811,0.0001987445982285,0.00113304140075,24633,6,Antigen presenting cell
22,0.0050001929864245,0.000316394333146,5.003416902505394e-05,0.0011557377975764,0.0001282519767842,0.0020619496527164,0.0010316319109116,0.00017250229883,0.0007871159020361,0.0027503979447191,0.0143354161621703,0.0002388553055139,0.0004414119088939,0.0022338428829404,0.0002071066489069,0.0150595589396588,0.0020683891378301,8.561200267388373e-05,0.018711058747713,0.0060637914354298,0.0041091399163935,0.021145696515651,0.0302903760441512,0.0266906871837283,0.0370127673970483,0.0229491532680627,0.0137905955271365,0.0083950774891948,0.0152695431011273,0.0213269277899411,0.0525861345580926,0.0107909974342472,0.0013848873506781,0.6564851576824765,0.0003402764001866,0.0084485807486395,0.0012054927988098,0.0019865205745559,0.0009085001563675,0.0064824112475875,19307,6,Antigen presenting cell
23,0.0049463183304739,0.000356120608091,3.708048756896226e-05,0.002755372047079,0.000392126301969,0.0048295782316409,0.0013457878019955,0.0003216959177116,0.0011826269701905,0.0043263966966651,0.0338551301446108,0.0004519614657853,0.0011892165339913,0.0024552291089044,0.0003707725410717,0.0318713474470007,0.0025801421865486,0.0001438164746466,0.0242908877659213,0.0178612288732235,0.01048268313554,0.0330519727894928,0.0256196138022834,0.0301651806552996,0.0236922248384904,0.0226633660760903,0.011960292931912,0.0169099064548644,0.013422528384579,0.0131924783975932,0.1279248502088081,0.0182624624171869,0.0037603968962571,0.4820664847087664,0.0003794138511738,0.0203990917012278,0.0035354474609345,0.004670125528256,0.0018164461090617,0.0139214716297164,15546,6,Antigen presenting cell
24,0.0017014648159265,0.0002424814589797,4.769601664774856e-05,0.00222737388441,0.0003554601203396,0.0060472306197992,0.0011613240360443,0.000214186125664,0.0003599243597287,0.0027420810104687,0.0221859943048171,0.0003887578958189,0.000536089201801,0.0009013283944939,0.0002202304634549,0.0199412583480521,0.001430619515204,0.0001274247336079,0.0258615766912911,0.0227895048870886,0.0043184224295957,0.0302716838683368,0.029484921669694,0.0490232847340901,0.0229674426277385,0.0209714109288501,0.0174252760556074,0.0171277657483441,0.008533096343553,0.0155966518142342,0.2885963089465507,0.0158141476861304,0.004576426306696,0.3479469655053158,0.0002949669246909,0.0147739752468517,0.0018175379714332,0.0016396293648538,0.0007075367817875,0.0122005337190794,17905,6,Antigen presenting cell
25,0.003217957221515,0.000454202084833,0.0002289550909015,0.0028339852688352,0.0020376070853329,0.0085161873448089,0.0020808136769752,0.0008630448891728,0.001278394258087,0.0060126118055994,0.0289970331004934,0.0014263513349288,0.0014836509815114,0.002895025560686,0.0005680774637342,0.019035697990907,0.0031638071055224,0.0002966840420053,0.0153084162530627,0.0508917139501669,0.0050065822256856,0.0181884829626267,0.0146546170258263,0.0275083058049336,0.0112786621703292,0.0134066561873246,0.0079868969056295,0.0183900361243444,0.0121120526427858,0.0167589623069902,0.3184071059914954,0.1305180990963358,0.0167913183944366,0.2057332736941674,0.0008304492695044,0.0227552220809504,0.0039674580489036,0.0026691502562433,0.0012433224762212,0.0135318502916137,8201,6,Antigen presenting cell
26,0.0005864806945929,0.0003417324301417,6.805005793254525e-05,0.0012089101422914,0.0017373701397419,0.0087944309667627,0.0018692418614052,0.0010118711506807,0.0010181587518588,0.0034782629469601,0.0272476222670073,0.0017073119071145,0.00118332677862,0.0023500554595305,0.0004684903261721,0.0179898688520869,0.0015013003608158,0.0001296863698109,0.0054867582408824,0.0635127039408123,0.0031500941770915,0.0077042511133918,0.022390881190813,0.071531370291526,0.0025528947320708,0.0030370134285708,0.0217529471224249,0.0081022046441024,0.0043491128168825,0.0035911699230604,0.2981103588949482,0.0448833183156984,0.0077373898324697,0.0213941233605866,0.0003163333467933,0.0420650880124934,0.0136269959723715,0.0167898024010323,0.011977587403351,0.2600879188561664,11841,2,Fibroblast
27,0.0005110250957724,0.0004215534044668,1.9061669869689408e-05,0.0016500003969737,0.0065486635734486,0.0068184036185623,0.0046692854354189,0.0020540403519143,0.0023934977516004,0.008844118769408,0.0188265572841123,0.0037953406963272,0.0017214004477278,0.01820993653046,0.0030949479340853,0.0182903765808076,0.0010932141572443,0.0004885885999425,0.0186678031379439,0.0250416722907108,0.002305575385501,0.007263423100392,0.0183894591564799,0.0167120826612253,0.001036557304166,0.0015093371807602,0.0113718075859875,0.0026254572143189,0.0094036178024606,0.0016581382296575,0.0072637681786822,0.0195215192560463,0.0075069608111701,0.0029752833240343,0.0001823502351774,0.0383226188163244,0.0607879224635071,0.0694754025547239,0.0256504380822498,0.5653753139614959,13812,2,Fibroblast
28,0.0006823388938826,0.0001650510203888,0.0,0.0005989348376184,0.0016156268441231,0.0025615816525639,0.0008713481814871,0.0014497499262899,0.0022847986635968,0.0085916959086145,0.2400315470913287,0.0006632511452919,0.0008698325552394,0.023352109869445,0.0037588317067998,0.0104400423969331,0.0009613918776034,0.000169175897065,0.0183795245850746,0.0241467252874744,0.0033986133271099,0.016321563778846,0.0167661157721911,0.0247847938140649,0.0008788251031811,0.0009436296516964,0.0032944688269572,0.0013731366563044,0.0063442380136397,0.0016542568702151,0.0094127083179742,0.0175833835556969,0.0020602781370115,0.0026669108487754,0.000122454008799,0.0325176336356793,0.0160855912293702,0.0191116268752258,0.0057835124842886,0.4874545471668189,9033,2,Fibroblast
29,0.0005392107326182,0.0001360917444545,8.588906997167808e-07,0.0013370160148597,0.0026109512608596,0.0027125792741194,0.0045230028857279,0.0011739687593184,0.00231205807638,0.0037009395268245,0.0163388045140732,0.0015825499128418,0.0004935254944075,0.0149161312080451,0.0011294921979759,0.0090360173710298,0.0014783947451007,0.00020338176102,0.0064922330889966,0.0249559448011496,0.0020422734296135,0.0241536355251093,0.0108620882550198,0.2214786464613921,0.0027549837642521,0.0036960757795798,0.0365881463525105,0.0078860424053269,0.0047313107423821,0.002546123485672,0.0197742474827379,0.0114970939470823,0.002092614731967,0.0044280095856017,0.0001280024230609,0.0177255134363452,0.0090118087535367,0.0093787105055487,0.0133257504201562,0.5073066202714673,11585,2,Fibroblast
30,0.002133429899841,0.0033927242269799,3.4026266452793805e-05,0.0045751738984152,0.032191070625446,0.2520811449213212,0.0044709307815863,0.0016853821540223,0.0019894772688132,0.0019413585383806,0.0146620537279607,0.0049428755862462,0.0086930175081582,0.0075883181308329,0.0020336165748765,0.0068788014891161,0.0008639473096987,0.0004950409983588,0.0014765101960794,0.0584028308768709,0.0022577191361918,0.0011339305130971,0.0067604579485978,0.013655283298735,0.0006700371513283,0.0025286233211951,0.0029441747875177,0.0077643607037633,0.0162667191349236,0.0009160035191577,0.0175126755718121,0.0659576686456081,0.0391223979140512,0.0014935913903029,0.0001962326913816,0.0449696570606548,0.010818117947549,0.0374202345509523,0.0297155072648974,0.3277892102862281,4115,1,B cell
31,0.0010214113871795,0.0008657340308205,2.2618844345740687e-05,0.0034998053526787,0.0146375062723868,0.020359407346226,0.0040094695733241,0.0022372041343763,0.0032815622337423,0.0088481533154767,0.0454822886618944,0.0053199270346657,0.0020828632695661,0.0138943116446174,0.002741417341256,0.0305303719027365,0.0032559119828154,0.0008599004444002,0.0074776524844712,0.0871438789307737,0.0053822514401439,0.005341791307715,0.0186815116582063,0.0272141529158048,0.00208288150992,0.0026638914894106,0.0045437842578185,0.006550976478003,0.0131119703311997,0.0029134196608488,0.041962033282004,0.2554486339901248,0.0390514166789104,0.0043944381038685,0.0003693369125149,0.0387296386739408,0.0144386755230704,0.0282236446077428,0.0227346236458251,0.2206795903057904,12060,2,Fibroblast
32,0.0003401016529198,3.957744566415062e-05,4.541563251486794e-06,0.0005227510087642,0.0021488142695486,0.0052032128625133,0.0009162799414716,0.0004925431041397,0.0012287498459425,0.0011702584225289,0.0123276038791995,0.0007611803549071,8.843412749779825e-05,0.0016412608329199,0.000140072998646,0.0106837120468838,0.000876604315742,0.0002872717598247,0.0006477496103554,0.04236350454663,0.0013398639790854,0.0007251192049424,0.0110860946137562,0.0097654973853697,0.0004365790654851,0.0006180031943598,0.0003604997689929,0.0042691789724349,0.0027728702229997,0.0009885705183081,0.2502679319309087,0.5984697615560548,0.0166384382032486,0.0086628704014246,0.0001319707172357,0.0064856779315384,0.0003149648921956,0.0002536023877537,0.0002405823157845,0.0064559822885493,11870,6,Antigen presenting cell
33,0.0011634361967106,0.0002238312437175,1.5245101849584583e-05,0.0029234340193257,0.0125117062253084,0.015439512639829,0.0033529088574984,0.0011230889127918,0.0102169060432752,0.0064500821320674,0.0316713695900422,0.0034521849517989,0.0002660751841233,0.0174248421332611,0.0009762209906351,0.034434379733432,0.0029812037125715,0.0011144553488315,0.0018080807470441,0.0171594124759265,0.0073685973085507,0.0014301964222187,0.0280434289483854,0.0139740183504976,0.0004980699977959,0.0004140227402785,0.0001558088035577,0.0066699626423621,0.0098525812652422,0.0012636264778083,0.0268556140601078,0.6910939121013464,0.0163827512823081,0.0070984476534717,0.0002695562955391,0.0202549245348238,0.0013096138676411,0.0011961672434005,0.0008434915753508,0.0082172878602208,14813,6,Antigen presenting cell
34,0.0025495729315165,0.0005115022372983,6.557905296376162e-05,0.0058301772368714,0.0083516453775323,0.0233168391848927,0.005827759862609,0.0026473106247239,0.012340850527859,0.0096725407385371,0.0242387299549701,0.0058413029839876,0.0007680726018518,0.0215087785739627,0.0019060185434703,0.017669233063763,0.0061026941511728,0.0034194262643882,0.0051596354972743,0.0716939541653814,0.0170453260653464,0.0055230506812174,0.0253159569849474,0.0239392740912084,0.001791788964026,0.001928999734549,0.0005777664266531,0.0152481071300038,0.0164775444548307,0.003085263716601,0.0336724443918433,0.5428913673677908,0.0435243843970885,0.0078201029523571,0.0005502121792811,0.0237941399759916,0.0028590435633557,0.0024808667272189,0.0020649271828396,0.0124689185333245,12790,6,Antigen presenting cell
35,0.0014429494210674,0.000283955001647,3.774184321342318e-05,0.002432942004418,0.0073005631698134,0.0212027284539089,0.0029325209775016,0.0017924022078794,0.0081712926780391,0.0046316602128855,0.0312177860739304,0.0038201352497194,0.0005656425364407,0.01011688141687,0.0007252957787058,0.0169196925666425,0.0025794868417685,0.0005385640416734,0.0044944193953332,0.1958187135454693,0.0067031536873576,0.0018881323353662,0.0262334056033711,0.0163399947430664,0.0009213552324015,0.0007719226505735,0.0008880276546938,0.004845877608227,0.0066160170586405,0.0014825917106404,0.0523366950431469,0.4566795980157774,0.0311647990353555,0.0044712843325323,0.0002754361329179,0.028727957475262,0.0040354009238956,0.0039184287215191,0.0030663673753029,0.0397431028493548,12542,6,Antigen presenting cell
36,0.000408569603328,0.0001321796565739,4.1182831673789474e-05,0.0011154751272367,0.0070171510702473,0.0098187860146172,0.0018000312178671,0.0012754273066333,0.0033102225140669,0.0038117716906239,0.0401823130655048,0.0028433804041229,0.0002602221138855,0.0058786402418462,0.0005754904393023,0.0384034986607132,0.0018664861681385,0.0002902885615627,0.0030799165015217,0.3060003537665107,0.0045946665670394,0.0009906284432607,0.0474853779737627,0.0130609681225637,0.000250675187868,0.000265097036159,0.0004792339348749,0.0016105773768846,0.0045962955901357,0.0008221485158126,0.0203267786414436,0.3345392297622661,0.0273480735522985,0.0016921881679784,4.911743428715016e-05,0.0288614416401413,0.0045467247031413,0.0059730076802988,0.0040514134858144,0.0755073999401198,12349,6,Antigen presenting cell
37,0.0015661215407265,0.0003572386893906,6.582811488360916e-05,0.0020824956302056,0.0100850129470393,0.0232346711782837,0.0041353383333402,0.0028383917619606,0.0066939301353019,0.0039778926282368,0.0298952318590326,0.0054615098593077,0.000559482931451,0.0077430529192635,0.0007609919781954,0.01248649178746,0.0034423949199713,0.0004180794706676,0.006065623508523,0.4249440579270047,0.007981792315432,0.0025596356846459,0.0260221910086934,0.0214731418504792,0.0009540391874538,0.0011878734425308,0.0011207878820032,0.0035901072633635,0.0051793838523749,0.0014073742669927,0.0557151529294548,0.2163811103614862,0.026085486051287,0.0050622568906298,0.0001928971185043,0.0375491462458503,0.0034417298309426,0.0053648782721038,0.0031672772360912,0.0373613817152858,15023,8,Macrophage
38,0.0005682076120893,0.0001534607547753,5.661279056990024e-06,0.0009946649915921,0.0043291137225268,0.0068869978066802,0.0021521793020765,0.0013834421707385,0.0041460862838142,0.0017231931489239,0.0135535101791252,0.001761272279596,5.9519935126746685e-05,0.003981386699738,0.0002705262039107,0.0085411021566594,0.0013719595559794,0.0001496242155398,0.0025222983063564,0.6010972134631181,0.0046329394471761,0.0009104449388812,0.0192128420345186,0.0156678021638862,0.0004010124376429,0.0003135731171414,0.0006904608590494,0.0021581982481555,0.0021564684768268,0.0005909117019849,0.0742946931645552,0.1438680575913517,0.0293465005251352,0.0030510701891829,8.237879682361725e-05,0.015254731648274,0.0015751610379378,0.0022210664850209,0.0017441559786,0.0295782996852794,13960,8,Macrophage
39,0.0001065876918886,2.489641334964925e-05,1.868603849925272e-05,0.0002034298137311,0.0034924966145505,0.0031701395800127,0.001009046076037,0.0012329324554305,0.0008818624229847,0.0003486153949715,0.0037790145910835,0.0014578330108217,0.0001000148799095,0.0008284769742971,6.721880975211632e-05,0.0009456492281957,0.0009488050383144,4.213553384956464e-05,0.000547087538013,0.7453046842636915,0.0026663148032417,0.0001067190927477,0.0083303245895945,0.002982375879713,7.383890003573005e-05,2.3139135088797417e-05,7.658625383029103e-05,0.0002869630720395,0.0008656716584514,8.375749823090192e-05,0.0111074330959318,0.0417753189767611,0.1447045509805885,0.0002681173885025,2.555201956393912e-05,0.0089133211670027,0.0004520234043035,0.0006944010313247,0.0007726382225559,0.0125598794188147,7679,8,Macrophage
40,0.0017676565527141,5.759170441210673e-05,6.933945632593515e-05,0.0005950461532831,0.002791740768868,0.0047450635883976,0.0020765974996726,0.0019139046914355,0.0033340906327854,0.0007835818620696,0.0100719545681449,0.0020264934014628,7.958159338779189e-05,0.0024273158833481,0.0002587305426439,0.0028371988628643,0.0019101054789996,0.0001770820461868,0.0012303503610268,0.7526931505303864,0.0060917846934315,0.0007636201769438,0.0159014570565605,0.013862210365161,0.0002791244283954,0.0002805013734504,0.0003476910278902,0.0017739882399223,0.0007703710579998,0.0005079234139735,0.0766216806825885,0.0217210172162823,0.0092466163763933,0.0020094819312237,0.0002221175773293,0.0213658649231131,0.0011632436523657,0.0015606855222091,0.001701390686306,0.0345459088421001,18161,8,Macrophage
41,0.0016329252691536,6.059780219969428e-05,3.954010117521089e-07,0.0010508635470356,1.037152435928413e-05,0.0001891840920067,0.0003771515147582,0.0001690952143865,0.0005758013813702,0.0007113069016386,0.0113981592679656,5.121614586982579e-05,8.290027813556926e-05,0.0025107579997622,0.0001896091449447,0.0069510192069769,0.0010611075859709,9.466229382146463e-06,0.0382265620877616,0.0011576920495906,0.0014668502468132,0.2116744384177402,0.0148138851939556,0.0196672177165764,0.0194705296222876,0.0199406249972473,0.0034253950612452,0.0043040672396833,0.0044099862936901,0.0092163082185538,0.0231589166347314,0.0028395415300271,0.0001331145701031,0.6062730959217897,2.0649632129621483e-05,0.0026551552785606,0.0001273169467601,0.0002634672115603,0.0001580438118553,0.0014475586087847,9957,6,Antigen presenting cell
42,0.0026882774397586,0.000431365781085,3.837947960456259e-06,0.0010202781564477,3.085987056922565e-05,0.000929415032947,0.0003221967669667,0.0001251442921442,9.996974901385602e-05,0.000617604582742,0.0036843241579687,0.0001281608719408,0.0011326315008323,0.0001220776437867,9.849158558738411e-05,0.0046699676826146,0.0004037024608769,9.925610699646747e-06,0.007236763292228,0.0009066574951528,0.0008922148721245,0.0275329046090807,0.0072905346531419,0.0109252451282653,0.0503587758424511,0.246599275002162,0.0054637684130472,0.0037902606910919,0.0160620508997742,0.0145090591881411,0.0267291042060957,0.0014874674468472,0.0002191829519929,0.5656965416211998,6.831756090242838e-05,0.0044722302446478,0.0003968695957671,0.0006616083204286,0.0002675989603622,0.0010224667822762,10924,6,Antigen presenting cell
43,0.000415231484773,0.0001245185516617,9.577553279928896e-06,0.0005374874495479,0.0001002157346699,0.0015033515466263,0.0003321107422699,1.2793009354685184e-05,5.146885394127996e-05,0.0016050178806406,0.0035237224676255,1.4201275044873995e-05,0.0002222529098538,0.0001009048546437,5.038800378982883e-05,0.006742558519875,0.0004999338572337,1.3498868023495743e-05,0.0225905732514399,0.0028221696470943,0.0004527667274877,0.0117918249023677,0.0106811432693333,0.0251789958014514,0.0219988440725774,0.015503252234516,0.31887491581001,0.0026061481004022,0.0028951416181386,0.0126091970631305,0.0512060156685621,0.0026529021037811,0.0002998431556033,0.4414522930511241,0.0001226844849755,0.0154454936599859,0.0041840439495893,0.0090551132941326,0.0036500292472383,0.0183118184457973,5238,2,Fibroblast
44,0.0087463926820744,0.0001242464955364,6.308015105332818e-05,0.0022625196718742,0.0014534040568562,0.0047783242603271,0.0013542131694646,0.0004696188145208,0.0034459339640009,0.0023416504605102,0.020574281205973,0.0005111875533977,0.0003324233899556,0.0071234104652909,0.0007280324804658,0.0175369094233747,0.0021756239324567,0.0004103020199506,0.0110234353678319,0.0392243437186574,0.0086018489637182,0.0156276289643624,0.0139800098837056,0.0211947423650353,0.0065336456697647,0.0074526617620997,0.0030830587509445,0.0133019972335462,0.0073140957471197,0.0060019210196797,0.1188807773983291,0.2852139683884003,0.0156427198292554,0.3431805795019884,0.0004323625539038,0.00637098442461,0.0007487921700935,0.0007579002125807,0.000508162908849,0.00794166727909,4944,6,Antigen presenting cell
45,0.6002606321764858,0.0067627739798405,0.0034860597627713,0.0098297553424453,0.0065685452837028,0.0065325352747355,0.009219873783338,0.0018310364522659,0.0116852488521316,0.0017294681541807,0.0090727306019277,0.0016497386859899,0.0041724549740887,0.0121983962427619,0.0028294442791184,0.0032040807025158,0.0065918442830218,0.0032618029360527,0.0107613892861849,0.0263537957007913,0.0144290088593565,0.0332920078597895,0.0035587483985677,0.022501196967679,0.0193165112373601,0.0307747081873393,0.0024639125804337,0.0260155392202498,0.0057097637823085,0.0119904414807613,0.01559001508413,0.0169065410779237,0.002234853377117,0.0323148093225979,0.0158759828907361,0.0097655732160931,0.0003534396449773,0.000471552710936,0.0007163791363823,0.0027509107547134,6271,1,B cell
46,0.0043403071820006,0.0010958711721789,0.000206769648899,0.0089045756811021,0.0093738551345385,0.015802748085106,0.0083840086533166,0.0030432944905525,0.0092654635446209,0.0051142746991299,0.0681609495616957,0.0096065034091225,0.0188398428340354,0.0242527280511623,0.0107187201343114,0.0472655369880606,0.0076039015716725,0.0020383796909088,0.0131776697055957,0.0239894542424993,0.0055212263598181,0.0248100394473435,0.0144792280960853,0.0286076695149841,0.0154952975753076,0.0319777616136486,0.0063299285427654,0.018274458692968,0.3294853283437928,0.0157641672750004,0.0401522847064972,0.069944103491583,0.0160200614733142,0.0160781090401111,0.0002917738441124,0.0576329394200607,0.0096789469658401,0.0184114445505417,0.0092278798144544,0.0392750924734978,10870,1,B cell
47,0.0004745263343235,0.0018297599876548,2.705067174402359e-05,0.0014391591872761,0.0072577892735069,0.0097485114401275,0.0059870757958037,0.002503397344756,0.0024441962689584,0.0059330924019071,0.0077721727678495,0.0063911343992618,0.0025952338917954,0.0060463766846117,0.002680078036531,0.0152134826609952,0.0024346276617676,0.0004497600351716,0.0071170009660668,0.0383111735251603,0.0010173643891786,0.0029957235077674,0.0101309446147028,0.0277878834783073,0.0010256876198995,0.0014954709033722,0.0104745327281308,0.0021064219686904,0.0084577374422159,0.001491764420132,0.0094598607955784,0.0265628819678276,0.010319474947154,0.00188972042129,0.0003065335932056,0.0260774973423354,0.0293002878866003,0.0475151788163797,0.27375289923761,0.4043385012562006,8301,2,Fibroblast
48,0.0001807155971859,0.0002281593476323,3.094822259199617e-06,0.0011590354753673,0.0027474956795582,0.0111060840688028,0.0006159328391035,0.0003989431143079,0.0002823876096658,0.0024135951756083,0.0195651497361498,0.0016452019199507,0.0039361228283582,0.0020925019870121,0.0016533329037724,0.0081788655926306,0.0005302951641337,4.8144055647868826e-05,0.0042178993996729,0.0282628486628026,0.0011036368652543,0.0014744434522012,0.008091866832085,0.0102513199876448,0.0005515633517625,0.0008258193656898,0.0054149867705315,0.0006508197749408,0.0093639109002431,0.0006472948058585,0.0077257259282557,0.0213246151696625,0.0049267934024537,0.0009331958117715,1.0825030801562216e-05,0.055132577134663,0.0383831884879701,0.355724520588075,0.0330876112231526,0.3629772938924449,11894,2,Fibroblast
49,0.000416389100237,0.0002311520649745,0.0,0.0012019726530089,0.0033435808546562,0.0088330993433817,0.0016174515092919,0.0013719426736897,0.001189578851592,0.0038131179632567,0.0314014988861466,0.0049080335568492,0.0034320270015255,0.00599714528694,0.0031104955825904,0.0099580246030961,0.0012565029279242,0.000326838894763,0.0089040565500626,0.0354716814929826,0.0028648848868767,0.0055447061071398,0.0109475670265493,0.0218063840274676,0.0015793418641586,0.0022301485018199,0.0114367670944584,0.002926912201556,0.005412676402658,0.0011873771123897,0.0145516460490282,0.015899928704729,0.0040531700363715,0.0019089126351831,0.0001657953459078,0.2548378449927756,0.026491722788104,0.0423440423844792,0.0141306181604373,0.4462943084897462,12439,2,Fibroblast
50,0.0012858612311316,0.0010087039567795,3.965333282114052e-05,0.0028399608187066,0.0081827330090704,0.0146079786266798,0.0043333426895706,0.0031057439812155,0.0038420906793764,0.0079349457552455,0.0355327379882203,0.006474218298866,0.0049351484152585,0.0105357355818135,0.004890441494469,0.0186551529068117,0.0033224581187649,0.000582760287647,0.0205031262226263,0.0949778019832036,0.0075494188690098,0.0116321671649148,0.0178432729970617,0.0314992105978914,0.0060411009170002,0.0064621594979559,0.0151533773286828,0.0060221332016452,0.0104985643380542,0.0032187989061102,0.0342128830613062,0.063075939386105,0.0179758138092699,0.0064414241360169,0.000367030027272,0.1721204074608209,0.0376995744272751,0.0403084540400131,0.0164809831766331,0.2644448037104518,12635,2,Fibroblast
51,0.0010153894102409,0.0002386287485535,1.1734128786901756e-05,0.0028400675503064,0.0111428757299999,0.0278538316699049,0.0015357658624677,0.0011375781121793,0.0023523093367143,0.0060817853533391,0.056915114304053,0.011318271764737,0.0063790928622303,0.0059809137139134,0.00217971554003,0.0186188393560081,0.0045598019332724,0.0011223716625009,0.0048609734191598,0.070180132408707,0.0055975091322014,0.0024468871897019,0.0172127107437096,0.0081730944519282,0.0027684332361034,0.0020332996506134,0.0012640885142023,0.0050387505352714,0.0118545473738481,0.0015509289699309,0.0426300872910036,0.3104020407189978,0.0242378051087083,0.002797009832645,0.0005432897590609,0.282415062421557,0.0114599732329411,0.0117197492346071,0.0033585195431907,0.0327216673000117,14353,17,NK/CD8
52,0.0004281130596705,8.638155750944971e-05,0.0,0.0013041698323296,0.0038063077250981,0.0085535205385172,0.0007775087555405,0.0004872962713226,0.0019004673641028,0.0093087695203552,0.2463429273392703,0.0016520276353743,0.0003247098534175,0.0069659190291626,0.0007430811022469,0.0289347436187793,0.0018604224908425,0.0006670345259387,0.0037142492175282,0.0464758685052117,0.0053931843375768,0.0024490721297583,0.0208484207103406,0.0072389716350931,0.0003524777488061,0.0006833635036533,0.0001560801385616,0.0024036464429996,0.0085161183104412,0.0018020013071645,0.0270996625812526,0.4889545313511694,0.0187811921332761,0.0027738001212445,0.0001262325075478,0.0266226904062624,0.0056318969459529,0.0046989132433735,0.0006877392226192,0.0168057058115362,10791,9,Endothelial cell
53,0.002947600484922,0.0023493287748052,0.0001705489452929,0.0091301944182016,0.1913050199322588,0.0717623269567619,0.0130118641569953,0.0043838467532129,0.0130111194924551,0.0060975516546862,0.0119681057800597,0.0187960194435774,0.0023083333811684,0.0419152977659424,0.0049624942007745,0.0111267006741796,0.006999941638848,0.0048433018625242,0.0014433221152565,0.0284544950899246,0.002972800279473,0.0024289247988336,0.0132340203904668,0.0101358741285555,0.0014471543647413,0.0015426244853776,0.0004614490170059,0.0101315978612941,0.0158116223390262,0.0011540347785831,0.0143421494203178,0.4078321918177738,0.044336498379053,0.0016614249913238,0.0011590423998806,0.0187436117983098,0.0020907517520178,0.001508914936466,0.0036727122670705,0.0177552686273588,6872,1,B cell
54,0.0002298921434816,6.634327746556425e-05,1.1594084453786386e-05,0.0009888096660034,0.0103435668443714,0.0069102618110985,0.0012058440078277,0.0010379872163642,0.0018573762416069,0.0013819841617899,0.0065430184388885,0.0011516602330931,5.93797498469461e-05,0.0045004278979363,0.000238974248667,0.0099441340454818,0.0011403109574908,0.0004679747307357,0.0003237249256396,0.0464012072623196,0.0011501238674257,0.0001775018183667,0.0108305302053379,0.0034296057984664,6.476916334379131e-05,7.378365222637037e-05,3.966181315533279e-05,0.001136961163884,0.0044908740045153,0.0003380807431305,0.021163528247742,0.6464043555141824,0.205352934364852,0.0012147200477456,9.087668803781731e-05,0.0038502452122028,0.0004248918281195,0.0003023765783743,0.000390179201044,0.006969771276209,9986,8,Macrophage
55,0.0004326235929599,0.0001401605843226,2.265393941463748e-05,0.0011992234733427,0.0124202951708927,0.0102043838519999,0.0017381115337656,0.0017480129256016,0.0020260361097507,0.0021479472300036,0.0181057959218495,0.0026676860122269,0.0003739600076939,0.0056097103097987,0.0004580407266425,0.009718724579947,0.0016651082311536,0.0003160315896144,0.0017849781325761,0.22316478703235,0.0040458414810894,0.0006047608430235,0.0171337299119096,0.0076188066339872,0.0003391363550606,0.0002500156615175,0.0002086793283044,0.0014747053159338,0.0046659117282547,0.0006353542046239,0.0290736137564435,0.3691232166779557,0.2166608954487671,0.0018741856395897,0.0001288193335848,0.0163336355119586,0.0023977859487542,0.0026874951049703,0.0024305770811599,0.030680535589256,9500,8,Macrophage
56,0.0001974763707381,4.230140704984952e-05,7.661954564609431e-06,0.0007813827511804,0.0062047474586117,0.0067170648046864,0.0010825872272668,0.0009270165293685,0.0014543159865743,0.0009952856600459,0.0083295181151217,0.001202293801236,7.801445434999903e-05,0.0024335603940067,0.0002018322701027,0.0061200728121272,0.0011200049301284,0.0001407468640809,0.0010823879331032,0.3703374611832111,0.0018113608225148,0.0002186753974321,0.0129897314098589,0.0052097976180264,0.0001136757999407,7.674602473138614e-05,0.0001123810707488,0.0007460988171799,0.0022448407118511,0.0002895735691948,0.0239343525457902,0.3309983989804858,0.192016540948308,0.0008694046207904,2.830870371871977e-05,0.0083817778131106,0.0006507311200822,0.0006055252651035,0.0006300734951344,0.0110195349523008,7458,8,Macrophage
57,0.0003099288829308,8.674962652199956e-05,9.839580489718036e-05,0.0006890924580066,0.0118415209700355,0.0091468353027752,0.0021952810096934,0.001823405578046,0.0021302279312082,0.0017746068403788,0.0124959358283722,0.0026953010924777,0.0001947999397432,0.0033759224126499,0.0003182482615116,0.0063724909422894,0.0017364436670798,9.973006065849064e-05,0.0028208019536204,0.4567347856383215,0.0039132679073632,0.0007510939288178,0.0167294996042226,0.0090215014241078,0.0002175307856567,0.0001547543552166,0.0003185529640972,0.0010791802349711,0.0029065993514034,0.0005326209779227,0.0293452111321448,0.173870745349037,0.1946761800976211,0.0012554679621997,4.2065384035641854e-05,0.014092585613507,0.0021195834630678,0.0024738518283842,0.0025700021749277,0.0306112378960291,10770,8,Macrophage
58,0.0001756821355796,3.916110082689542e-05,6.036978058706628e-05,0.0003403434605696,0.0059302191144269,0.00608943203067,0.001362447390278,0.0012963363664399,0.0008973773087998,0.0006858568978123,0.0052664385042602,0.0021341353587124,9.482358337197603e-05,0.0013024315871944,0.0002045635696965,0.0018249812373311,0.0013627228854907,7.812649019778009e-05,0.0008639204748704,0.5899901447068062,0.0031301423515001,0.0001736445395595,0.0084293038598081,0.0039414765623739,7.88465100504709e-05,9.721399652587188e-05,0.0002038701394872,0.0004177965134903,0.0013150032572584,0.0001530979975948,0.0230924537841594,0.0549719809587272,0.2512205850788229,0.0007485532226711,1.0910482635903486e-05,0.0128014463552515,0.0010865611978381,0.0012214362790477,0.0015935190383245,0.0173106629126548,9174,8,Macrophage
59,0.0088024771302463,0.0008045378049421,0.0002425613510681,0.0042618915297293,0.0191624709549162,0.0316518829244519,0.0070574526969176,0.0094399746730033,0.0205161181566673,0.0034005409071207,0.0506442113448455,0.0122430906090559,0.0006812075083892,0.0137049678411085,0.0021535217202848,0.0128018966726939,0.0086021555251286,0.00156614973074,0.0080316168869949,0.5640666092026121,0.0243461086441827,0.0053885052840877,0.0184384889178118,0.0147382327817475,0.0016067780498843,0.0012503892048209,0.001166304494466,0.0054610443352798,0.0045241004585148,0.0022584451713358,0.0220536752550466,0.0310735058908322,0.0184208659557802,0.0072522532064528,0.0011304153252223,0.0307750652054385,0.0050069014491568,0.007482038875454,0.00492943730994,0.0239116789297124,11748,8,Macrophage
60,0.00258113036492,0.0001207187568401,2.030242492163264e-06,0.0010104360541629,0.0023866731060189,0.0021791367333166,0.0032199554432081,0.0020446787156652,0.0055493897733089,0.0008352347209378,0.0052279241895149,0.0007919262485085,2.406517867154829e-05,0.006503850704392,0.0002980402566405,0.0032176667780663,0.0021513347968121,0.00025160153447,0.0029308466533965,0.5628198529959862,0.0058273244232015,0.0082466698002042,0.012634150775392,0.239902998511844,0.0015306355855325,0.0010053953086263,0.0011754025108161,0.0050199160450235,0.0010377261334738,0.0009551214053712,0.0380704759528923,0.0349911494401729,0.0073453285923244,0.0028416241899119,0.0001678234113805,0.0058801139939389,0.0005278054139192,0.0002834213285641,0.0012309747444025,0.0301774813123762,6841,8,Macrophage
61,0.0003344963922564,2.267707214293243e-05,0.0,0.0008093828329454,6.519205019536733e-06,0.0001540195724219,0.0001710158004898,1.2628408276545543e-05,3.439781154716898e-05,0.0020568737831345,0.0028806534600959,1.5406832849231994e-05,1.4488531517229104e-05,4.817866384908845e-05,1.2772355203081269e-05,0.0050768017729277,0.0003304582764565,4.185921451348633e-06,0.2775008193876421,0.000903045429341,0.0007921330230139,0.0276165512893338,0.0102117207140101,0.0027799071076547,0.0095261633801323,0.0053084383846881,0.0040567166764748,0.0010237308865009,0.0034363057697288,0.0134404808890652,0.0286149058952185,0.0018441804445758,0.0001445190219828,0.6565122270962204,2.45133923222089e-05,0.0017153007228246,0.0002330168423262,0.0004217544192515,0.0001642827740465,0.0006846718750169,18262,6,Antigen presenting cell
62,0.0014643203759685,8.52303229195319e-05,1.5584396548247495e-05,0.0034309546155143,9.287283901091782e-05,0.0008400490986853,0.0005762782491124,5.90212367872616e-05,0.000357263628403,0.0033738899611946,0.0104021093360393,8.049521511736542e-05,5.20512795361251e-05,0.0002932209542949,7.168415955000904e-05,0.0201604741526414,0.0012904379491258,4.180169131906922e-05,0.3036801187224581,0.0088320095977496,0.004492320721222,0.0692244614566571,0.0266707725151311,0.0172823939667261,0.0215123906900098,0.0149829969391432,0.0127034825926122,0.0049901933300005,0.0064140635271371,0.0142983343807808,0.1114388740584892,0.0106554089149448,0.0013213348089957,0.3791788716187394,0.000106886734537,0.0073065201722819,0.0014222584645681,0.0012775717733743,0.0003870406281999,0.0042017613089526,13759,6,Antigen presenting cell
63,0.003602013834798,0.0001594180881949,7.585243169631034e-06,0.0025655074502718,4.019362494279499e-05,0.0003861538604212,0.0006924326336022,0.0003002571991728,0.0013346608204157,0.0009274573558342,0.0219324447312202,0.0001173502899366,0.0002017534901333,0.0058869370951262,0.0007178455434366,0.011920021676848,0.0015208011368891,0.0001093101624271,0.0411980504526989,0.0042078678179975,0.0036747698682182,0.3268939849243992,0.0192909758364497,0.0456852300220823,0.0285301899127488,0.0413843901842239,0.0066083763817316,0.0109857070606507,0.0047206267865927,0.0108550256885913,0.0416548630480297,0.0074444944605174,0.0005496488120098,0.3579332332978851,0.0001236786326657,0.0042052716871519,0.0005363830718942,0.0005365671410914,0.0003145458301018,0.0040705213463978,13086,6,Antigen presenting cell
64,0.0094229879147296,0.0011024526655212,0.0002917427862866,0.0044946546743211,0.0012327435339366,0.0071914562319504,0.0028755431354199,0.0009191958289906,0.0042827182976601,0.0059806398622493,0.0570691774392365,0.0018969048557766,0.0028785943044692,0.005504684774139,0.0012749132921359,0.023438895623347,0.0037586719416833,0.0005298757824552,0.0222960419451243,0.0346115184187666,0.0110208981422543,0.0500632683740225,0.034809834603384,0.0398831694654201,0.0294839664298705,0.0602638630412652,0.0179374499345782,0.02133301703863,0.0500506898861981,0.0165204056628219,0.0913165972667811,0.0297183503655903,0.0049467998576662,0.2848919828397129,0.0012713372475526,0.0347590686352693,0.0084732657615842,0.009691607622128,0.0044566405441556,0.0276537154851634,10187,6,Antigen presenting cell
65,0.0027693236399974,0.0006570316794712,3.713189799895394e-05,0.0063795869292307,0.004958359988424,0.0182994471651488,0.0061727005808035,0.001750601829467,0.0091095481407403,0.001333810058581,0.0258853020831075,0.0037752278158283,0.0146939710282558,0.017883620447175,0.0041585230401517,0.0280818403423857,0.0047483819404178,0.0016648046730623,0.007994823053807,0.0082219300337336,0.0020254025891941,0.0269858008422732,0.0073721355580275,0.0189905702057188,0.0152991905702317,0.0483171332855794,0.0030221661805278,0.01414161476649,0.6533219318519324,0.0140703245585181,0.0219949645403299,0.0251953609351839,0.0100682436933683,0.0178510630310298,9.659041996469806e-05,0.0275194884602603,0.0040054257987437,0.0063323586798408,0.0034816220615043,0.0114391618261562,7157,1,B cell
66,0.0057814376842981,0.0018015121871318,3.957871670355714e-05,0.007410634033516,0.0208848590182622,0.0111668763359481,0.0120410229370741,0.0085433815119351,0.031979956266286,0.00380524337305,0.031399096961905,0.008014017012193,0.0021584739590074,0.5260737375439148,0.0246428089094284,0.0290866060343901,0.0070160076775419,0.0033260802496751,0.0028668319739214,0.0288244831514103,0.0033218961236506,0.0278391595833776,0.0187854840489138,0.0512229471461878,0.0019986552343703,0.0017587979748285,0.0006828256557611,0.0179747173014626,0.0211521514634426,0.0028793449151696,0.0091208225791956,0.0666939899072323,0.0096514250057692,0.0090856116795525,0.0010379208623012,0.0138378258665995,0.0004835739049335,0.0011775049425718,0.0026687224286583,0.0339335409141237,12501,1,B cell
67,0.0005192083348263,0.0037305530048934,5.00794084840289e-05,0.001121476782969,0.0018591361899114,0.0041265048746207,0.003350007600997,0.00297823268265,0.002442307784857,0.0039832363989929,0.0022790440211077,0.013401767903721,0.0063673510518174,0.0018644235296872,0.0027661878187585,0.0119777858702572,0.0049321286999679,0.0003297893498553,0.0053497219368759,0.0089652238121182,0.0003305154945847,0.0007991811738023,0.0087862510148657,0.0184634531500932,0.0015300343833854,0.0004834450546434,0.01083462674917,0.000538286736898,0.0055344167501892,0.0011716789301362,0.0029167850286756,0.0053894993862096,0.0019404147767839,0.0009276587355845,0.0001808788259901,0.0128384531091677,0.0267292060783776,0.0731433967462246,0.7215954691239553,0.0683999569992021,6060,2,Fibroblast
68,0.0006029678520636,0.0027284605013524,4.098796795749121e-05,0.00226281273443,0.0064745222689058,0.0148589945374434,0.0020892615619775,0.0022926135077644,0.0015271544814887,0.0051786409599938,0.0167654652546971,0.0041004520307759,0.0074513847509912,0.0035078144597347,0.0036590928508802,0.02035204615847,0.0021195051138568,0.0004965247815957,0.0086972839815559,0.0913201584922894,0.0036799601785056,0.0034545841192279,0.021096174857756,0.0210985181575207,0.0033090147354267,0.0031877930241909,0.0152048507689668,0.0018343037189416,0.0104539388078592,0.001925447410614,0.0186038360279669,0.0387788690473695,0.0188772178183747,0.0047834287621825,0.0001235717216031,0.0648108961849267,0.0382736351453588,0.2041104750733839,0.1173132195579275,0.2278868063858422,8111,2,Fibroblast
69,0.0002267253356284,0.0002525418986141,6.277381151911996e-07,0.000260777734291,0.0016211347252797,0.003595738433105,0.0011766134844425,0.0006063403936252,0.0005387769167571,0.0136807769148648,0.0228979724238808,0.0007580803412704,0.0009077993203303,0.002003446404058,0.0010299213441643,0.0092246472268518,0.0005596476575122,8.10198372878444e-05,0.0188321052813886,0.0300045641923161,0.0014550757189356,0.004451274756694,0.0113526101067088,0.0180122921365988,0.0011126134304274,0.0010577889272359,0.0093727878104073,0.0006813949614694,0.0049371791973474,0.0009084851172199,0.0100528142389361,0.0207237761159564,0.0051895649562679,0.001787397870892,6.005734540093441e-05,0.0395545719697826,0.3322968014795734,0.0412464090585427,0.021432463494179,0.3751090497275728,10019,2,Fibroblast
70,0.000150245405657,0.0003678421477166,7.419300323185757e-05,0.0003772271749916,0.0029666166698735,0.0076009222862915,0.0013618243902334,0.0011310091057032,0.0005052677485224,0.0134065238326154,0.0263149921346562,0.0012497843269482,0.0007602783302879,0.0007890984605268,0.0002388959999241,0.0108742107693989,0.0007418064035893,7.079471428364063e-05,0.0263256922410351,0.2347774313002434,0.0049515324534066,0.002275849357331,0.0176077625485441,0.0139002577079338,0.0012293899711953,0.0007767436769837,0.0047593270208385,0.0004883551742476,0.0036315916001323,0.0009333018001526,0.0251085979191289,0.0543193179995868,0.0359226857015961,0.0032965961058018,1.4116925329327628e-05,0.0744033090998926,0.2491801261651181,0.0409888035873597,0.0137056001232045,0.1333460486434768,5423,2,Fibroblast
71,0.0017805444339592,0.000211632443472,2.812923696631805e-07,0.0024563772446627,0.0048672140871065,0.0129865833260332,0.0009908523606331,0.0016590064031673,0.0031027369492253,0.01096193482041,0.2166330100308348,0.003410670671302,0.0013510513999383,0.0079531423185053,0.0014372607372192,0.0260521790865689,0.0031738040047295,0.0009564302816886,0.0083491032175366,0.0883687794673482,0.0083221572010997,0.0089053865162509,0.0328814198080817,0.0167602579764644,0.0025688112329854,0.0036246158900432,0.0012140558163736,0.0065188699734814,0.0122125682357039,0.004027383091691,0.1033052697118836,0.283716919326373,0.0251414798152332,0.0091726479713633,0.0003221949924025,0.0475681954865836,0.007300597280903,0.0083561462567354,0.0018531955542548,0.0297306944176623,13265,9,Endothelial cell
72,0.0021943839054186,0.0002273635222239,1.9929939618926264e-06,0.0038294523015794,0.0064100116903386,0.0071705526130409,0.0053704664030614,0.0024035301041943,0.0082070616087322,0.0052607030699726,0.0159149076550884,0.0024774274370064,0.0002553592383634,0.0196319862268364,0.0010273816448332,0.0154319371920725,0.0034949241488421,0.0010514478985409,0.0074964749949709,0.0564944815940169,0.0059455748635573,0.0242955493829967,0.0186883229698381,0.2853231623234548,0.0056023844146241,0.004404616819295,0.0038662837661672,0.0185184585748124,0.004660313825968,0.0042358878603906,0.0632155205369225,0.3423092395579165,0.0166287878187051,0.0101443696438766,0.0003362108138256,0.0080298022411636,0.0009665750045437,0.0009705856860724,0.0022642185849462,0.023819695086648,8701,6,Antigen presenting cell
73,0.0017654971599185,0.0009874334928412,2.6903379580229705e-05,0.005067409813837,0.0225986124035292,0.045126753366678,0.0050469530903958,0.0045237455389069,0.0078629761937766,0.0053577701901167,0.025271875072195,0.0104068561494552,0.0018093526961622,0.0139254497117454,0.0018221869236237,0.0086924179384978,0.0049414302097504,0.0020088747774247,0.0034700485555579,0.0541958834210439,0.0077011183907031,0.0038000651462576,0.0163122539417574,0.0152951673902824,0.0019022679715001,0.0019717347266272,0.0007683024924086,0.0085069659759905,0.0175833902256338,0.0023290863502367,0.0627603738181226,0.3641121573929066,0.2154780852978366,0.0062027390615498,0.0006605621934673,0.0222235646097735,0.003515761990154,0.0038678994756101,0.0042323928891153,0.0294455901372306,8219,8,Macrophage
74,0.0001606373551705,0.0001112487564384,1.7025974504193985e-05,0.0008627237690022,0.013836000511013,0.0061093720778975,0.0015451007693482,0.001451195643865,0.0016696809543187,0.0011362992689769,0.0063694251084649,0.0013439011678968,0.0001021514773076,0.0049945724410953,0.0003454138735502,0.0081495592649844,0.001309729749504,0.0003433071031404,0.0002338216187835,0.0542878435943015,0.0013148813012749,0.0002342611577458,0.0117144714519753,0.0036075080400094,5.90898105016306e-05,2.981532237702501e-05,1.9604049775362303e-05,0.0010211705922239,0.0042308334032491,0.0004591114315187,0.0202457045911088,0.4894962695721493,0.3506954621542166,0.0011960610538854,5.0325735852801615e-05,0.0040779899695705,0.0004200805847736,0.0003608248879492,0.0004862614401357,0.0086000552671936,8982,8,Macrophage
75,0.0002963938810576,0.0001252004530223,1.9345573456192053e-05,0.0007751171188323,0.0122370390379666,0.0079650657449472,0.0017182242459921,0.0018567505555235,0.001617281750177,0.0016422640567382,0.01150632627888,0.0016340436188983,0.0001720319563824,0.0037070960958754,0.0002801802132954,0.0050007150784788,0.0012088360356381,0.0002256141196648,0.0008288761420376,0.1632500231307199,0.0030209704078454,0.0003398248728147,0.0118961345070289,0.0065530923315136,0.0002066909442367,0.0001271985582399,0.000157534981748,0.0009048007927731,0.0035007242361235,0.0005983482359964,0.0316740715929241,0.2844875610127975,0.4087391587336184,0.0020633166929357,4.781646382484072e-05,0.0088631791633199,0.0013093719451307,0.0011803876125611,0.0016749395184194,0.0196954037492654,7504,8,Macrophage
76,0.0002872175718812,9.2518960320947e-05,4.475496539733954e-05,0.0007152487363128,0.0101932971804915,0.0110279676828649,0.0013784101918586,0.0019208058327749,0.0019164074781821,0.0012643120534585,0.0108405762477673,0.0023170160671465,0.0001991673703938,0.0036739687624988,0.0003080659905847,0.0050839687741693,0.0014209694371253,0.0001244635886946,0.0008837883342579,0.3000516412503154,0.0032415352406759,0.0003234776792068,0.0119266811581753,0.0061669003449044,0.0001713848452372,9.4862820648578e-05,0.0001040645699518,0.0008292552810896,0.0039289739163446,0.0004054673177077,0.024289109703158,0.1870259048207494,0.3750208116099464,0.0010689510479084,2.0874868850869025e-05,0.0120009639686962,0.0013313485699215,0.0011241021302258,0.0014084748307989,0.0192875488813565,7748,8,Macrophage
77,0.0001310105432762,6.431856434200775e-05,3.184766458658906e-05,0.0002967428250187,0.0082938132280466,0.0058225647107492,0.001097158409966,0.0014240980342531,0.0006379071140136,0.0004818164004792,0.0046070054446841,0.001939468039418,0.0001038028962225,0.0014814764681369,0.0001511177513581,0.0013969955323826,0.000992496924178,7.767777476495646e-05,0.0006088397891522,0.4450158032688683,0.0023132132648618,8.53608188970823e-05,0.0073995105430931,0.0031488739887764,5.9278146581821534e-05,4.307609368469271e-05,9.907828798450124e-05,0.0002961785613188,0.0013307362141472,0.0001053003652116,0.0195789384321769,0.0526166650152876,0.4105988226193594,0.000574836360941,4.692575668902549e-05,0.0103731029877101,0.0008659889499851,0.0007274748060646,0.0012657557545918,0.0155313269788128,8353,8,Macrophage
78,0.0002309575384487,3.208867697937258e-05,0.0,0.000278320631115,0.0008979821438306,0.0040955802704173,0.0002722647908258,0.0006788055735117,0.0014176544839975,0.0027559871528432,0.312550466948654,0.0007641611062111,0.0001428080269237,0.0028458960994223,0.0003005333446127,0.0136738389672699,0.0008435137402369,1.9942485706402987e-05,0.00506164346716,0.4355752721284914,0.0081647437673539,0.0024573127463403,0.0344000034810594,0.0089756903302698,0.0001433799045977,0.0001250562327986,0.0001034547271406,0.0005992014990449,0.0014230432022974,0.0004335375121418,0.0288352034309646,0.0602354221049263,0.0158031032668317,0.0012924997715597,5.3370075759992015e-06,0.0323705156256119,0.0042508657737761,0.0040638534518033,0.0002835426933444,0.017078299801177,7780,9,Endothelial cell
79,0.0002767001199425,0.0001844778015754,4.103338526485482e-05,0.0011148745896656,0.0052464192555733,0.0119224160238719,0.0012648810275395,0.0029355191531059,0.002608281729469,0.0019186142286702,0.0222207937760289,0.0135158469713269,0.0013343721053353,0.0023054778553888,0.0010954844048217,0.0040719091062576,0.0040501849940279,0.0001799405133617,0.0040388733481021,0.5158227101647461,0.0083223059644139,0.0008645061009613,0.0122801157647032,0.0074333494651116,0.0009022452988599,0.0005322117292392,0.0006858821413062,0.0012261199578322,0.0015941262866134,0.0005811808293226,0.0251287603903895,0.0418445465093988,0.0226392829383171,0.0008519675201834,8.613884611589788e-05,0.2414627184721038,0.0072402086383823,0.0079422560393885,0.0027290700431998,0.0297281087732145,10509,17,NK/CD8
80,0.0001745603650496,7.980073024343449e-05,5.934475743383613e-06,0.0004526423772425,0.0033439862259174,0.0047987144501548,0.0011927732450129,0.001056854448722,0.0009918303370409,0.0014203582499417,0.0096424360050806,0.0011753818021886,6.377112673631096e-05,0.0030913880434447,0.0002256152212177,0.0059783282359025,0.0005600071454986,4.6220499882190615e-05,0.0020018161431661,0.5354577795979304,0.0020953369673693,0.000518280518352,0.0096373154599194,0.0201369503159527,0.0001249180353259,0.0001176727024141,0.0014302709608736,0.0009203434249488,0.0012215904519425,0.0003204880285002,0.0215202918580982,0.0378000151214114,0.0227314574615461,0.0007720289510323,5.354574693342564e-05,0.020012602158311,0.0076329763402148,0.0110439870118223,0.0096187512238423,0.263658206346419,14092,2,Fibroblast
81,0.0003213439394435,5.7631944175838095e-06,0.0,0.0012435912691787,1.3297303358582644e-05,0.0001480433877322,0.0001455621255101,9.267385261095003e-06,3.3283799552248736e-05,0.0019772242867965,0.0026454215183486,9.556871038508858e-06,1.4703129984126178e-05,2.9286787891903464e-05,1.1427913561186472e-05,0.0067517651333065,0.0004581919091261,3.4871223458603022e-06,0.5285287580537442,0.0013198979273852,0.0013435872491498,0.0277551006153939,0.0137129253948162,0.0028261742209162,0.0128598600105696,0.0049487694812261,0.006041233325367,0.0007992486541876,0.0025035772115271,0.0140918476614229,0.0312840643389583,0.0021561633320161,0.0002334818678083,0.4395314615094349,2.405461620237324e-05,0.001896651289364,0.0003769604332544,0.0003319293282932,0.0001338799464807,0.0007977514240764,13408,6,Antigen presenting cell
82,0.0022993889294167,0.0003467700389414,1.5432455998209835e-06,0.0012921874524819,2.3352672974314218e-05,0.0006462348164837,0.0008349103128971,0.000138014901774,5.415038908413285e-05,0.0036032734132903,0.003545639923191,9.80591392016964e-06,3.918428464488432e-05,5.181903621520697e-05,6.8747739570769225e-06,0.008767338910142,0.0009018104097078,2.104425817937705e-06,0.2158487582060359,0.0026303856042272,0.0024624703095066,0.0358578167825852,0.0202622277820221,0.0110194956983491,0.0332073149862796,0.0223182466174673,0.0132622155036765,0.0042038055045556,0.0081915646754056,0.2264322975571147,0.0498145639565444,0.0032959217852111,0.0003451123395173,0.4419759957976295,0.0007127610366934,0.0063667307220297,0.0007023718700285,0.0001769905055837,0.0001246539182789,0.0015418944798367,3323,6,Antigen presenting cell
83,0.0072015858343222,0.0004368889270341,4.148276052715112e-05,0.001050067855844,0.0001880438784673,0.0013810075324791,0.0014084071741149,0.0010600885455045,0.0004044413417684,0.0033108801737476,0.007280102808312,0.0001140020848931,6.364644972348978e-05,0.0008714296969561,4.147695727490619e-05,0.0087209980349681,0.0015945735126567,0.0001755311854323,0.0310926578756169,0.0035402035156705,0.0015043828186415,0.0370437614838635,0.0131511620253236,0.0211788566543121,0.0481063947583891,0.0537390763460736,0.0181441795836212,0.0126064199625365,0.0140399717739828,0.3654544092718771,0.069176627723593,0.0065657243542542,0.0004544623223738,0.3948120617330388,0.0023860795309392,0.0067539696571206,0.0005067432308489,0.0005436713939444,0.0004464992536008,0.0020207902728384,4942,6,Antigen presenting cell
84,0.0093310465259165,0.0334693041104909,0.0330156274442442,0.0105302532047755,0.018982472720316,0.0065523393680018,0.0110106973199776,0.1805788859336781,0.0187602527186611,0.0070042748863806,0.0117996972338174,0.0324121764997218,0.008658326748268,0.0279909334824595,0.163092077911587,0.0107892369215269,0.0077998014943452,0.1619888459116775,0.0026497017205913,0.0146149971330899,0.0086516718010732,0.0084667915514458,0.0161650695011704,0.0117467765099384,0.0014786598193316,0.0038483947276091,0.0005573563583999,0.0043529003886513,0.006694592847093,0.0093175199592988,0.0131020550264565,0.0232697133861021,0.004904210449782,0.0012648828786898,0.0568308497412216,0.0198246603143708,0.001298590670011,0.0027623323345566,0.0069803575052783,0.0093325139777608,6077,1,B cell
85,0.0028444718790468,0.0024200981624583,0.0011639983719921,0.006934797704969,0.5988922909532598,0.0399687397157082,0.0137872102322506,0.0057133271211674,0.0058551748805591,0.0015699477265559,0.0025332864251856,0.0252543905781874,0.0011431306196878,0.0216843042260843,0.0012646497375138,0.001737907723266,0.0049849487974078,0.0052458237988588,0.000393359973335,0.0462898540121212,0.0007682269528941,0.0003384402133223,0.0071758738917229,0.0060396833081425,0.0003011654966064,0.0003357845074192,0.0007411263463947,0.0037593940168301,0.0072116192010281,0.0004898089369293,0.0062972171599829,0.0644451087492083,0.0717061975977788,0.0005054162115781,0.0044265127817344,0.0192458272085422,0.0008853491548376,0.0008729557743626,0.0025721255893348,0.0188903832881875,8947,1,B cell
86,0.0035072511629134,0.0039128240639194,9.29152148664344e-06,0.0112736293831167,0.0288604795112232,0.2727254738566245,0.0047359422169257,0.0005275999288576,0.0037248782616687,0.0010884866129429,0.0256026617617403,0.011413779005127,0.046617801567095,0.0126711545497539,0.0042710004095479,0.0133547047858297,0.001573312271101,0.0006788477218903,0.0016093328010622,0.0192593034233033,0.003264793547941,0.0023391089662333,0.0050503097952062,0.0143575935418581,0.0035105725631583,0.0178336246778962,0.001201718049439,0.0149167488813487,0.2845778609713599,0.0022971549639735,0.0290305764841018,0.0714111240839354,0.0487312142728854,0.0033000273392549,2.137604509135549e-05,0.0698820445435835,0.0098096060554338,0.0061808905983477,0.0056506075039843,0.0184198587276247,2870,1,B cell
87,0.0012548018105032,0.0084570851719388,0.000237874590007,0.0027503812975872,0.0055959129024189,0.0112911821855184,0.0068007350016908,0.0065617651463166,0.0052890111270691,0.0084893594402625,0.0108996703473329,0.020431290537258,0.015066817428295,0.0066559435826152,0.0068179834642145,0.0325785579663872,0.0090665795211016,0.0010365860147156,0.0116129001295702,0.0353259951727742,0.0021216195290275,0.0046608663085423,0.0222299962275855,0.0473218301581656,0.0059891579411451,0.0032679608745737,0.0204581417328618,0.0023921808257606,0.010264760282661,0.0027173496686325,0.0153663923677992,0.0276095883601195,0.0096004966072498,0.0036598638491209,0.000662587294329,0.0525719169069491,0.0228621996422661,0.0770284540847158,0.3876131930881421,0.1057292122481558,10180,2,Fibroblast
88,0.0001941649113054,0.0032411336987559,4.527753386029269e-05,0.0003480497353794,0.0016883406210485,0.0036852955683549,0.0013744953259629,0.0018019231604218,0.0014273393642523,0.0217364554508719,0.0092975114714513,0.0023887685782968,0.0018158092926054,0.001014743589907,0.000478648645407,0.0186077913902572,0.0018015455346692,0.0001698173659946,0.0253868400350856,0.0143672118270303,0.0006977675353497,0.0026112663719839,0.0130271714965106,0.0177043559071044,0.0027946513142878,0.0011729157828077,0.0185667355305751,0.0004556938114862,0.0061570624111847,0.0017950757530642,0.0063414001339232,0.012234577362735,0.0031219437289048,0.0017777979685059,0.0001203121287552,0.0240286672248627,0.3417999978607329,0.0746999509736733,0.2740587927656975,0.1109749084087465,3254,2,Fibroblast
89,0.0005633912305295,0.0002445126461854,5.430119788442534e-07,0.0006668600435126,0.0014100651034862,0.0119537546665693,0.0004597847013794,0.0007246839046241,0.0004392160700817,0.0087666951692524,0.0380277920175768,0.002891848567819,0.0074536380899066,0.0007653916423437,0.0009538766027236,0.0072882641359156,0.0006451357142477,0.0001309230079614,0.0193322902163774,0.0265286510331197,0.0042991274493799,0.0041702253025201,0.0107377934529662,0.007681256772759,0.0047593334743108,0.0047158963806817,0.0071590658413551,0.0006969841410526,0.00666130342542,0.0010082510428768,0.0186864030179945,0.0181536418272061,0.0046110564629609,0.0040877315432168,0.0001055412917809,0.3026355268160937,0.3805492846998446,0.0417760078549937,0.0050570236586013,0.0590221337652101,10231,2,Fibroblast
90,0.0009299204460061,0.0004080496116442,1.3118866544041643e-05,0.0007735374441648,0.0015475779620965,0.0096157565770345,0.0005463559650862,0.0007189908338669,0.0005580823770504,0.0291790122346637,0.2371640037639503,0.0012295879084387,0.0054245438486206,0.0012712335547491,0.0009156299172011,0.0147658045319204,0.0008530108897892,0.0003278102024468,0.0219051889798823,0.020597524407599,0.0069040086643975,0.0072337113510593,0.0216954722008549,0.0072766106282693,0.0036071919060615,0.0059794836903816,0.0028481449387314,0.0009357400280729,0.0100084505091426,0.0019832307742861,0.0198008676576876,0.0319771364272718,0.0052816358472897,0.0055127821750307,4.2478202222043576e-05,0.0718325047906588,0.3710485124011117,0.036397213359657,0.0045285919398397,0.0485151679760106,7682,2,Fibroblast
91,0.0015743066426136,0.0019306609854624,0.0005377146599135,0.0021966133156118,0.0030716202906903,0.0037336904996144,0.0084332584048011,0.0057697213881695,0.0055596648038187,0.5170813723903509,0.0798476268067985,0.0089387266714612,0.0008357400585326,0.0055505988155984,0.0011643075932613,0.014305429324822,0.0143328173445175,0.0031270902830248,0.0187010428266043,0.0211340159105427,0.0027211674005289,0.0070151243209783,0.0168280389553011,0.0208967394744548,0.0147331187712825,0.0023888016952169,0.0040698674868914,0.0041951920181299,0.0046277369214841,0.0102397434778907,0.0250661423241048,0.0710432265198269,0.006326978863361,0.0089929559372971,0.0013529161791893,0.0385767729217762,0.0422578801462822,0.0160257875565073,0.0113029473648323,0.0295366637153601,8357,9,Endothelial cell
92,0.0003516788958299,0.0001347416390003,3.812108782336213e-06,0.0007288299659323,0.0027531462206182,0.0063296490740476,0.0003719515757972,0.0004418674587475,0.0020382356633737,0.0028711365814759,0.205332750506156,0.0013923519854808,0.000687420473133,0.0070359122397913,0.0009362244161167,0.2610302964317186,0.0018149784653196,0.0002607348595875,0.0040263688608892,0.0500154326533335,0.0038162296452687,0.0027861621586779,0.0247623074671018,0.0058263399625382,0.0007646472811048,0.0010312219085992,0.0006835860793373,0.002386623595124,0.0071133901238069,0.0010397034415043,0.0265148643493989,0.3048538030310863,0.0166073615253947,0.0026842998985108,4.149883804013363e-05,0.0280670851442427,0.0028794492229228,0.0051155130409033,0.0012886862129563,0.0182525202169086,8462,4,Memory CD4 T cell
93,0.000106391905164,8.687790089847568e-05,1.742529383737849e-05,0.0005395870886699,0.0073056496038968,0.0058136986237978,0.0010159492508178,0.0007715725387958,0.0031897945803886,0.0013873424016544,0.0262528042176107,0.0016456229497569,0.0002612100453999,0.0084316015952512,0.0006953843425687,0.1835630474516179,0.0017538427224183,0.0005553558082874,0.0021052504917246,0.0921528490123487,0.0022072508290273,0.0008610362876847,0.0197170168440461,0.0051070930597786,0.0003018443084892,0.0002285716722801,0.0002878719100544,0.0014368370333186,0.0069181311505486,0.0004675224483775,0.022904457002267,0.4194280304057161,0.157197925408077,0.0018836494702362,7.095547817633933e-05,0.0081542113303734,0.0014098610842669,0.0014829159174719,0.0019545808564405,0.0140807062078718,4288,6,Antigen presenting cell
94,0.0002669610461008,0.0001643211623841,0.0,0.0010807286216759,0.0193491151819007,0.0121611084743435,0.0015011287926475,0.0018372667748328,0.0017745967287123,0.0012108482139481,0.0055783148361696,0.0021312969467133,0.0001823774261438,0.0054547582041996,0.000343428633695,0.0052070222654396,0.0016075690272856,0.0003001207195141,0.0002484762235787,0.0360889840688121,0.0013597475054275,0.0002258827136563,0.0099402114196641,0.0033970696559549,0.0001011010673226,9.755911491582282e-05,5.305615432107843e-05,0.0010850176059295,0.0053259781543225,0.0003790893701622,0.0244034804297786,0.3226482848436954,0.5221905284338881,0.001254522466066,9.194417578792369e-05,0.0046223081872941,0.0004436671840729,0.0003167240747233,0.0005903919951603,0.008584748534476,8139,8,Macrophage
95,0.000396011937325,0.000329648113381,3.2533126026174856e-05,0.0012227499227998,0.0501698182957381,0.0156913346582,0.0020895582254817,0.0023171227947295,0.0016530028577592,0.0006808481112693,0.0028246145336286,0.0031173765188884,0.000285495655663,0.0059064873119178,0.0002629012101741,0.0033061145741644,0.0015639338412159,0.0004597746784069,0.0001077018888946,0.0475991485935204,0.0012571976115278,5.43644073280441e-05,0.0056562188690515,0.0023570099093437,5.628539650125971e-05,0.0001073561794448,7.781337111920303e-05,0.0006919811908472,0.0077250352753512,0.0002029544876997,0.018106094178368,0.144032342708537,0.6688764127497341,0.0011043485313787,7.419234946333357e-05,0.0043325455858992,0.0004441884029946,0.0003092319050571,0.000796755553529,0.0082269417969294,10479,8,Macrophage
96,0.0002028195751659,6.546008963729478e-05,2.512398500899144e-05,0.0004773812924087,0.0135485646023884,0.0061222577151431,0.0013238274243255,0.002030914574182,0.0009858349034128,0.0004713955990899,0.0037856702944894,0.0023152435825619,0.000158187202933,0.0020750996790938,0.0002126941082496,0.0017842324465808,0.0010015690826281,0.0001397097451918,0.0004030603245616,0.253663834988922,0.0018046387717206,0.0001017289210988,0.0054636957417414,0.0027275137880019,3.9668857460955226e-05,4.230446503591033e-05,0.0001329499907449,0.0003229359669226,0.0019735227078882,0.0001876489196156,0.0188605783938937,0.0621630374845521,0.5888841838212286,0.0006703128120187,3.54111392925953e-05,0.0094721553142039,0.0008301158706599,0.0007009395345026,0.0012940031253513,0.0153683708232637,10437,8,Macrophage
97,0.0010188687660412,0.0007113197027526,0.0002682792727712,0.0016554145550663,0.0157540929738327,0.0202797907660274,0.0039597879826909,0.0044054839275184,0.0023797615721948,0.0033991499661688,0.0202318778888872,0.0091181457434787,0.0013961567797458,0.0049794900311626,0.0009799656293817,0.0089655129289912,0.0033085938015752,0.0004490578618178,0.0054486915485941,0.2920481133105612,0.0080702211845843,0.0024559633840055,0.0159597697270427,0.0165967201391698,0.0015235130121808,0.0012752723183286,0.0022822138452616,0.0024480481864057,0.0065517979783199,0.001445475943227,0.080256459245905,0.0762482260455721,0.2597155949623971,0.0055491356251027,7.621981796549743e-05,0.0398108726283699,0.0068314205863928,0.0096540940604424,0.0090478902508301,0.0609791080208402,10096,8,Macrophage
98,0.0067460826616428,0.0019050047773829,0.0004383761289366,0.004514687443045,0.0099965113417051,0.0049800641133307,0.0105498131497414,0.0081654928882424,0.0102199183840743,0.0142276718441275,0.0191086790273099,0.0381450248843055,0.0024039812182977,0.0138354149300846,0.0045184198004764,0.0214670113979205,0.4944269690799162,0.0040533220766476,0.0117034582212178,0.0429297148259438,0.003417460694867,0.0400050070637879,0.0182949208224417,0.0367457655172195,0.0441210662739364,0.0074701866494456,0.0043404091566947,0.011286031087854,0.0111631044086255,0.0104163148757212,0.0170339882163881,0.0376605174669484,0.0074875030851967,0.009228248677153,0.0041682074039248,0.0449432993868734,0.0017167104298669,0.004422840759477,0.01278450286916,0.008918050503317,6343,1,B cell
99,0.0011957718383224,0.0003538772048253,4.449772678742867e-05,0.0018714593361516,0.0047005872604079,0.0142713017399399,0.0015830124255884,0.0030959519303741,0.0041061172163203,0.0093184472070457,0.1857720868771133,0.0051809680570779,0.0013165838117678,0.0129503079906803,0.0022936969117445,0.0254446866143864,0.0030486415198621,0.000372874211438,0.0127715100900354,0.298410404029968,0.0104938429493176,0.0076941792525626,0.0232619498775358,0.0167432060748129,0.0011794977231158,0.0017675231806303,0.0013185925941873,0.0018148534208161,0.0076840980925447,0.001820140587179,0.035774457489618,0.1010077775808071,0.0297653695897651,0.004262144426728,0.0001660305663045,0.0677992599026064,0.0125791454954825,0.0201531153132929,0.0043089362379423,0.0727167163008305,8822,9,Endothelial cell
100,0.0003586586451128,0.000379219056102,2.236207258323692e-05,0.0011160922982632,0.0072715773784591,0.0096074393850305,0.002425842859283,0.0018315620655012,0.0019191365649075,0.0036518239811953,0.0188018883270303,0.00260394723715,0.000472288077599,0.0064164825617352,0.0006443828406945,0.0138611457562424,0.0012656992168509,0.0002105612619197,0.0061384221365679,0.316814883070608,0.0038707888875716,0.0027400457267623,0.0181397991271067,0.0315569031579684,0.0008560416962971,0.0006845985741869,0.0049909180865274,0.0019032703672539,0.0035450005990284,0.0010109457974993,0.0398454122048462,0.0798064734946427,0.0378241577567953,0.0028431474006235,6.127232320885941e-05,0.0356790597198253,0.0142466460972425,0.0233428129315198,0.0192343268972527,0.2888620492903235,19741,2,Fibroblast
101,0.0035367982220467,0.0003165949725923,1.5874968656861313e-05,0.0008472706115704,2.6940698909938763e-05,0.0008311401837456,0.0016915042950051,3.244104076765945e-05,3.6960691068537205e-05,0.0012623865491817,0.0032628240235988,0.0003172566133985,0.0007323630415873,0.0001212839623701,0.0001316134421942,0.0033900439718362,0.0033189786467072,3.972786413070467e-07,0.0076364880533074,0.0007419535167375,0.0006159010104826,0.0193904290677148,0.0046936949964104,0.0133216541898018,0.400391368414935,0.0601975037859331,0.0080696472775392,0.0036334010371708,0.0050330317250569,0.0125683908698413,0.0300055421131013,0.0009894722293352,0.0001365121526568,0.4115047765965138,0.0002164565651152,0.0066833960928586,0.0002645297936146,0.0004760478530407,0.0003411877701771,0.0005361490292614,7745,6,Antigen presenting cell
102,0.0068649435274514,0.0006526127142142,7.345336361885642e-05,0.0038581381843965,0.0002844128079136,0.0015730194488058,0.0026551979407151,0.000435696104074,0.0003270046250086,0.0054366425436851,0.0149315123991774,0.0006847144370759,0.0013868284831124,0.0007571385560014,0.0002854140134447,0.0167737749402974,0.0050900440937391,0.0001374351996228,0.0699052360704353,0.0031588474520505,0.0041338711702327,0.0747242105003251,0.0184084647969495,0.0293062297751085,0.2469747889192561,0.0699818457463406,0.0154403482412978,0.010906219992302,0.0119246993202882,0.0553467405843807,0.0475785328170861,0.0051865540970414,0.0005216773670986,0.2869394592963138,0.0015136932850753,0.0153055444674855,0.0013969919300859,0.0021250370725948,0.0008819644337222,0.0021329668929413,6624,6,Antigen presenting cell
103,0.0058218277976403,0.0010635298506827,0.0001547001044884,0.0025815334600219,0.0005650386046805,0.0018129254180095,0.0063401769480629,0.0115450222385961,0.0014331691053249,0.0082070112326617,0.0216477271525009,0.0027750352258042,0.000408410683153,0.0033919907836238,0.0004201115363174,0.0116849995449622,0.0061326883729257,0.0018805182170524,0.0271522293148627,0.0071061316508734,0.0018154865960196,0.0813022526016042,0.0085300768101111,0.0825344901255123,0.0462902571607523,0.0513954527605406,0.0201821986484644,0.0257700226377005,0.0197470608198112,0.6608059171425291,0.0479630368823233,0.0107838071969954,0.0009223901632008,0.0340035813937526,0.0069820768606567,0.01526236067627,0.001295914974822,0.0007372414364474,0.0015587564597163,0.0051595674720117,5985,3,Cancer cell
104,0.014329081916808,0.0055344066754054,0.0005480961561892,0.0070580946914245,0.0103268127542953,0.034632429967887,0.0156041962776662,0.0220416415110142,0.0071845655229762,0.0186749839126832,0.0355357426196041,0.0119275497296357,0.003349510192894,0.0136836016074384,0.0024331191704841,0.0188982724636818,0.0126483502908956,0.0041853554578624,0.018177848302152,0.0301531678535252,0.0065850405525556,0.0255412768785036,0.0150131102365295,0.0658204505760762,0.0188510031304437,0.0206369977870473,0.010807467384637,0.0574267832520745,0.0484480976531182,0.2703644080119042,0.0824235863262199,0.0690042630307218,0.008978354584332,0.0201736686047765,0.0212876550540236,0.0395049561253716,0.0063891980960871,0.0049078950205492,0.0065818742826067,0.0225601668848847,1925,3,Cancer cell
105,0.0027692663481291,0.0052728028764106,1.0778315332219875e-05,0.0074962222767487,0.0270114355662991,0.7409077692853586,0.003041591648803,0.0007747808862998,0.0018832137654634,0.000575647768629,0.0064495503147816,0.0061643061259448,0.0144290605475423,0.005968358504443,0.001244633685647,0.0020247638267045,0.0003732866447662,0.0008350938752692,0.0001691987041167,0.0290132599894023,0.0036336248251093,0.0005367625190968,0.002606792444718,0.0136707159652014,0.0012457606926295,0.0029432673916038,0.0009207106858465,0.019694088238696,0.0224852979842102,0.0004340888763462,0.0463907243988791,0.03475861663166,0.0315466562649902,0.0022641169347039,0.0001320528262869,0.030961199603554,0.0035936889837187,0.0025483334681476,0.0038444515378485,0.0207107584191291,6396,1,B cell
106,0.0036137137425433,0.0070996100263578,0.0001677222242408,0.0119418414977752,0.0478783146873627,0.4141999633445243,0.005375169047436,0.0018270794264274,0.0043295170569582,0.0015596805737564,0.0200605469378672,0.0131817334444924,0.0192779876054057,0.0128244518464439,0.0034786693461191,0.0096153737974122,0.0018030932288513,0.0016619006971676,0.0009574972192801,0.0700485918452824,0.0067934053027352,0.0016439244569346,0.0106203493797569,0.0135716763918959,0.0018964503251363,0.0045651873470568,0.0015615464032373,0.0168436607779476,0.0163738047652763,0.0007350598359128,0.0440740108791166,0.1255536310541711,0.0688627139788444,0.0037196458071816,0.0002616909358586,0.0386144007806432,0.0079558083669236,0.0076536735222114,0.0084785449035371,0.0296990221223953,12850,1,B cell
107,0.0038979070380263,0.0057854042125539,1.4021752346437298e-05,0.0058039729568629,0.0017513242289742,0.0295292731490132,0.0004951176102665,0.0003258934597892,0.001091215535978,0.0003288037061392,0.0100781763233045,0.0324625997632603,0.6867318507097615,0.0017771258660874,0.010591194379239,0.0047375996539062,0.0006951818096534,0.0005688378141118,0.0004847590354534,0.0019151863431546,0.0011612247222947,0.0072164495439497,0.0032954795458396,0.0060379323281497,0.013493630887641,0.0169470358165752,0.0021080226501797,0.0006087925242917,0.0232427625008952,0.0004601366367128,0.005603841097478,0.002894910171817,0.0040114959023053,0.0014810485756694,3.814167043358462e-05,0.0581731676644185,0.0156414317285641,0.0304070880619188,0.011416963953745,0.0055464407764466,10224,1,B cell
108,0.0021321693962572,0.0033244754019575,0.0,0.0035100330535243,0.0012341185027677,0.027281845538031,0.0002128802006751,9.482054113453424e-05,0.0002305054890754,0.0037227638793588,0.0269226539854004,0.0114518024582063,0.2792140270174394,0.0005384588836751,0.0027148884807336,0.0018110493087387,0.0003617245566466,3.3617266214889305e-05,0.0019753499692416,0.0023068444928717,0.0012874095663711,0.0034291239522916,0.002606299804484,0.0034005932823812,0.008096388936686,0.0156305041352323,0.0018672314349088,0.0002641297113934,0.0200014551156098,0.000471808028002,0.0074422279236815,0.0076637347115984,0.003279964228999,0.0018422572574009,7.853303380016089e-05,0.0872201248108244,0.4142384384545786,0.0432310258896753,0.0074141822518257,0.0108609450954748,1482,1,B cell
109,0.0002539039559646,0.0002218640149172,6.157003121021672e-06,0.0001251915156461,0.0001472924555496,0.0019176505048219,9.863203881550782e-05,6.433664921534995e-05,3.646494863594312e-05,0.0117888159329385,0.0138891494236323,0.0005778576155295,0.0051077642883223,5.353503613593051e-05,0.000300112108035,0.0023794759485415,9.303543020703127e-05,0.0,0.0067716515639843,0.0030759224057116,0.0006456130211824,0.00063703328744,0.0036230565103223,0.0009924304189837,0.000812061711949,0.0016292959670478,0.0018273885665159,3.564734064837676e-05,0.0018832998278501,0.0001987689439666,0.0018630328332977,0.0041228196821321,0.0005259966840194,0.0009434038992487,1.2233074398930733e-05,0.0328334932572295,0.8300922118702864,0.0455504414040223,0.0076234912790675,0.0212257522761668,10563,2,Fibroblast
110,0.0003957589647752,0.0006236714682115,2.2512032695166816e-05,0.0004991199551271,0.0009993222599076,0.0061862860282291,0.0005351754974257,0.0004482645759971,0.0002293587117101,0.0240298251887456,0.0265081014061261,0.0013674600263694,0.0042204387143089,0.0004745355839099,0.0006110338119442,0.0111972987034888,0.0006124784411887,6.74368020747164e-05,0.0276613138879626,0.0174962459989638,0.0032701877719067,0.0030252736681927,0.013524336031663,0.0070159231438046,0.0036461848926174,0.0042065519605313,0.0084082505181635,0.0003462642480916,0.0052111617793461,0.000835318621063,0.0102977186485299,0.0178307573831971,0.0034164088707006,0.0032791719190432,6.213196248101984e-05,0.0647996535233748,0.5815502407333402,0.0652957176131023,0.0136061596279446,0.0777280720685806,17553,2,Fibroblast
111,0.0007024640949629,0.001018568732242,0.0001247385636943,0.001662238796213,0.0070018268861458,0.0133042343026854,0.0022843580466941,0.0022543182985412,0.0015407703371005,0.0455246269443362,0.056718926732306,0.0022338745530543,0.0022462862297774,0.0030527489343365,0.0009102531393723,0.0548679667310808,0.0019360397799786,0.0002859236184455,0.0350643498390979,0.0512538079402407,0.0060834626403134,0.0040558840696162,0.0214233067627144,0.0136077133640259,0.003140771866625,0.0020997532026372,0.005264642969532,0.0018493968365839,0.009024051250127,0.0026909172331563,0.0315253074615046,0.1843337797005709,0.0232422436484892,0.0053030084515577,0.0003400600349614,0.0548913427528634,0.2358560167327798,0.0269141771649423,0.0138284012051513,0.0854383510975165,4600,2,Fibroblast
112,0.0001789240835495,0.0001730515623991,1.3213893208946689e-05,0.0006617442468215,0.0035580350709196,0.0047673768953517,0.0007143246292642,0.0005585328622479,0.0036212401296935,0.0017171008642804,0.0309994782330159,0.0011795852221571,0.0001479043695316,0.0081758845853547,0.0005900235713305,0.2410633187789789,0.0016085308893786,0.0003454169822987,0.0022201079585091,0.0439119528194026,0.0019737009146822,0.0012255967440448,0.0254711408896397,0.0062818022769008,0.0002618853864942,0.0002860679877544,0.0003257809962389,0.0023774377607408,0.0048345414536324,0.0006302736093245,0.0243120613477926,0.5426046808483819,0.0164240882258235,0.0020050468796639,4.590206082135789e-05,0.009912698347182,0.0012417069832692,0.0015688772425935,0.0015214685417868,0.0139746262580532,13125,6,Antigen presenting cell
113,0.0009025108055059,0.0011258265857385,7.793450550391763e-05,0.0024825241040688,0.009555716025657,0.0164522883025526,0.0031353993347203,0.0020112157369244,0.0105441795223201,0.0037759419990384,0.0275639146705435,0.0049683928321947,0.0018658830270216,0.0275558393272921,0.0032394640731802,0.2432999685629477,0.0051694691866066,0.0013895534037867,0.0077320133078339,0.073981425534629,0.0050914015282617,0.0070721233771863,0.0215294953112306,0.0208983441826971,0.0033321614100155,0.0028730180587448,0.0034665200087406,0.0105608817287956,0.0186586588327667,0.0020184478319734,0.0382902604643016,0.3081827457516107,0.0263277518535235,0.0065335502627334,0.000242325517398,0.0269972679840252,0.0047844649943407,0.0073481627084371,0.0082792708706725,0.0424896442440797,10375,6,Antigen presenting cell
114,0.0008804371487013,0.0007111268366066,4.725860432597782e-05,0.002825675409486,0.0189761131677918,0.0220583347256817,0.004170694381484,0.0040572505856742,0.0071834174270522,0.0029830786141918,0.038915469748082,0.0047562370690655,0.0018506193073152,0.0254543128362628,0.0020623719299278,0.0886787194876166,0.0044436953635267,0.0014324831925451,0.0031381710729417,0.0424993725697005,0.0047289818661925,0.002176394530527,0.0148070430912692,0.0091221039962605,0.0011124438733793,0.001479915747858,0.0005642194406579,0.0041973474303991,0.0525397913943649,0.0017935967285983,0.0340748249069386,0.2427390060898043,0.322714522249315,0.0051125312844941,0.0003704330569876,0.0148778297696155,0.0024871244115538,0.003390322201557,0.0032063591905585,0.0171047628040152,3375,8,Macrophage
115,0.0001139773883493,0.0001137773147243,2.1184445909048112e-05,0.0003787049410277,0.0158763899875544,0.0070173014626964,0.0008201717088766,0.0012817397647367,0.000483965280509,0.0001548453628117,0.0005303616448086,0.001631577892274,8.883652806195475e-05,0.0017792256294661,7.900197218050012e-05,0.0007607606630511,0.0006325730467386,0.0001666541068523,2.0388825616690684e-05,0.0462235067748745,0.0003587418907233,1.0305429704068762e-05,0.0011528518828261,0.000677626643426,1.9490687866622943e-05,3.929724615034455e-05,6.532378829295434e-06,0.0001693405919765,0.0031091326851242,6.041365931682286e-05,0.0131684046628249,0.0340463574823532,0.8633430388585666,0.0006438714027249,3.636783403579752e-05,0.0020137958482915,0.0001125749999159,5.4893962257157606e-05,0.0002675500406371,0.0042063758642079,10621,8,Macrophage
116,0.0013245325122972,0.0010527111085183,0.0001152414359195,0.0030249100238728,0.0317612465602244,0.0696587791291624,0.0040831573173881,0.0045719751626209,0.0019903657065772,0.0017110504172011,0.0102304620350422,0.0108121826346072,0.0042510889742725,0.0068197714073837,0.0009352964145544,0.0054244398831038,0.0026892361868214,0.0007159518356671,0.0013081009018721,0.0728477271107252,0.0042468205378849,0.00153951127567,0.0084505512884296,0.0142259672896753,0.0012597046766471,0.0015126442580055,0.0013461333743246,0.0039137926380193,0.0192422623009595,0.0010283420535069,0.0775510909710913,0.0627396630765871,0.4839777237801104,0.0061379346736679,0.0002442864773237,0.0217783503821388,0.0039068406937672,0.0045854111832698,0.0066159866152229,0.0547656371162829,8803,8,Macrophage
117,0.0024418848709699,0.0018827064097977,0.0002517102199603,0.0048045340727391,0.1425703003766453,0.0643000709619463,0.007806160999846,0.0045672932416682,0.0052310357792412,0.003191256430215,0.017286290393229,0.0173655637254133,0.0064474634941958,0.0188068237240693,0.0032668709658505,0.0055789474333295,0.0041372354451082,0.0016923523163637,0.0028334396029404,0.0780018589053463,0.0043713854723363,0.0026137085056858,0.0067213310300451,0.0134115830972605,0.0017498930529389,0.0016503420106441,0.001511235949214,0.0044355751355728,0.0181889157898591,0.0015259699916857,0.020706873379272,0.1144572219877686,0.2917749916777987,0.0020524458742692,0.0007470552685924,0.0537938215421642,0.0078983678652175,0.0112056556247747,0.01063693769987,0.0543096809914203,8118,1,B cell
118,0.00557191785038,0.0013172587469627,0.0002551921903695,0.0065278393838033,0.0152202978782365,0.0130555984531926,0.0140187422476733,0.006624869487304,0.0428991546004338,0.0089376828151738,0.0196616958250501,0.0078333904314386,0.001219065919178,0.0366497734200836,0.0030062558143399,0.0155423999623487,0.0071737027811233,0.0013369415971606,0.0177869650974569,0.2171066506255992,0.0109744012092709,0.0193596361987791,0.0241525519276159,0.1017286097293858,0.0051548147854067,0.0055579911082527,0.0037311928433523,0.0130378123502488,0.0081370515906116,0.0041594396266728,0.0458294430754131,0.229223482060307,0.0245720685577698,0.0092162515191729,0.0008502953673812,0.0176219361042538,0.0028324356177652,0.0029593629928166,0.0049735936733884,0.038518500621682,7853,6,Antigen presenting cell
119,0.0008461668211624,0.0002109268040231,0.0001777787673181,0.0010526341240392,0.0043312156503389,0.007296482820529,0.0025218457500251,0.0027496100494864,0.0066472061298422,0.0024224901402191,0.0603319939213798,0.0032008120843021,0.000487031836956,0.0061361536148789,0.0011793043589534,0.033273427292211,0.0018227481079521,0.0004403135467739,0.0075219611435977,0.3128878918043716,0.0088627792598287,0.0046360153506177,0.2292094422321523,0.0243078777816102,0.0007409637626355,0.0009032013404119,0.0010943844345015,0.001290110287837,0.0022841553443528,0.000899494294659,0.0429698358981249,0.1057988378744529,0.0301371133303864,0.0037138147143417,0.0001592457593919,0.0370246771101059,0.0050141601327854,0.0059062113819103,0.0033221712076886,0.0417001195913867,9793,14,CD8 T cell
120,0.0001827147270696,4.111412646163955e-05,2.729726765157118e-05,0.0002364833436261,0.0013588279781978,0.001837435902563,0.0011333400284709,0.0010055518964898,0.0033732262428992,0.0008516970253866,0.016950075570192,0.0008645801223938,4.594497042646926e-05,0.0017457036348162,0.0001842759032968,0.0072548764489495,0.000714121664951,9.240233062085228e-05,0.0018784475864887,0.5430866586155471,0.0044009600759285,0.0006839331971044,0.2533932546967186,0.015154716861175,5.225624248373175e-05,7.330252488953216e-05,0.0001391766803919,0.0002754732060486,0.0004626996089894,0.0002199839434453,0.0287190667424151,0.0687619966051652,0.0179910034378877,0.0008072783425804,3.468307205292893e-05,0.010432679514188,0.0007763853431038,0.0007013048735748,0.0005867403584229,0.0149919604702061,9765,14,CD8 T cell
121,0.0056287566750476,0.0003951478019316,0.0001085146014443,0.0026364612015218,0.0001279083603853,0.0011664737314072,0.0026601793535826,0.0001174164573174,0.0002103342781408,0.0065188594674853,0.0161518946312986,0.0013425193820579,0.0034482931230419,0.0004112892968268,0.0006811793761396,0.00782095063403,0.0094215939988401,1.742353775466515e-05,0.0207467879925291,0.0011926715436533,0.0006325307563877,0.0313356347347611,0.0028766668859181,0.0432529300261759,0.6998219812491154,0.0329599200297274,0.0134562412567257,0.0060076219090793,0.0059200124826638,0.0179351848278797,0.0145568000016919,0.0012477725168945,0.000169953170694,0.0220661186805105,0.000683976690287,0.0350721865971602,0.0016453509707791,0.0011383327223553,0.0009334887645593,0.0015277755415447,18265,3,Cancer cell
122,0.0069363992859875,0.0006708281268426,5.904330498037478e-05,0.0018873416030102,0.0002102630146839,0.000609978833833,0.0036296776569326,0.0007596026424961,0.000226204618406,0.0105885229186593,0.0111807748311459,0.0006073215469623,0.0005044678606913,0.0002080521390525,0.0002531401796299,0.0089095101363326,0.0066313159200539,5.021513627900685e-05,0.047224912781486,0.0011842196477528,0.0006098101856776,0.0483037936991424,0.0041160702371138,0.0247586752184949,0.5176056708470326,0.062324537614678,0.0078439680517988,0.006378741564502,0.0101578028114964,0.2595253000961029,0.0139779005123748,0.0012830444221058,0.0001177335973285,0.0220160967499825,0.0023948987811258,0.0193225138106091,0.0004654451612534,0.0001710508355605,0.0003095617834384,0.0008334368185616,4977,3,Cancer cell
123,0.0063740350634135,0.0007960459177808,7.1732937838974e-05,0.0038554143215708,0.0002873971991484,0.0009583257345823,0.0051672891263592,0.0033200017169201,0.0007348385211908,0.0087051382032237,0.0164397599942905,0.0011400515599136,0.0006717467184924,0.0011299863679112,0.0004050192050685,0.0142748510466287,0.0065031210813523,0.0004009728253742,0.0496291492475336,0.0059584863579882,0.0019030289136894,0.1013848841371105,0.0088900318383804,0.0793697214757578,0.1799617103226785,0.1089289576102278,0.0235215819468859,0.0221796835765023,0.0142835426924536,0.3681273102772368,0.0393728336659019,0.005966405261251,0.0006379500114261,0.0309904025831227,0.0047082061264566,0.0201145179581398,0.0014071832181547,0.0006813111053328,0.0008223167456872,0.0039044585008929,7138,3,Cancer cell
124,0.0104999404892439,0.0673746928213288,0.001055191956716,0.0152516619517414,0.0361037859907051,0.2046287919680089,0.0157714571983533,0.00361094701903,0.0130016003741653,0.0046013830612816,0.0126622948882789,0.0163625966166086,0.0262411612343272,0.0151289551735224,0.005442757360913,0.011082103277998,0.0047903650186559,0.0016084265374479,0.0047826970848358,0.0263646080109667,0.0067346327895453,0.0132372148017607,0.0099078611756662,0.1225776203451054,0.0327745847168301,0.0290877858036086,0.0101775417721421,0.0399380437380109,0.0172571375704111,0.0040886392661733,0.072539916741934,0.0366284942436333,0.0152615838241342,0.0105403842604999,0.002630838057342,0.0379395912553296,0.0049905878092135,0.0051492241589023,0.0099331340257531,0.0226340221966718,4666,1,B cell
125,0.0025077291549542,0.0013311052379454,1.468757987467645e-05,0.0067302753440741,0.0220943448158107,0.3133343199347423,0.0019277327390219,0.0015828292039943,0.0017611667245746,0.0012459197359548,0.0360982231262533,0.0146737578982718,0.0309476988116903,0.0069943991684257,0.0033679060339135,0.0065150798474247,0.0012543263018093,0.0008562918828118,0.0016375988396072,0.0468551402408365,0.0054173471663978,0.0015092631512291,0.0071717268258836,0.0081579299591967,0.0019074354867062,0.0042205166113363,0.0014583278089317,0.0052745517960612,0.0240699145297738,0.0008871123332737,0.0259258289601796,0.049595386118152,0.027088192900606,0.0012315449696492,0.0003392562292082,0.310540584907229,0.0186233366077367,0.0154192360160845,0.0053444936595981,0.0390394811498201,6376,1,B cell
126,0.0039569150252864,0.005127523246942,1.7091509350253286e-05,0.0062352870514183,0.0040077280445815,0.0399306375002969,0.0013045968660332,0.0014844938271592,0.0020208096868396,0.0011170191409721,0.0272120045868408,0.0387875697665096,0.346248945171519,0.0050607670718854,0.0177464529747132,0.0117171216006904,0.0019254000742069,0.0005228717305513,0.003039446078382,0.0103619598668391,0.0032295214949791,0.0067886687701484,0.0082383034449582,0.0088700234752099,0.0112927099939342,0.0111056275056516,0.0040435868432649,0.0021957398242208,0.0325309805214078,0.001413169555504,0.0177680969132516,0.0144007484040623,0.0078758650286392,0.0026364281320558,0.0003591122365647,0.2663337773230991,0.0179067845730351,0.0388425953056709,0.0147860063563324,0.0180244084201663,9715,1,B cell
127,0.0009239392019363,0.0012323368499718,0.0011156048830069,0.0042341160591835,0.0256044167307403,0.0115723947783032,0.0076009966515546,0.0100696770643395,0.0065768276722702,0.0036045173171122,0.008818657134273,0.6032847175536276,0.0300579116124078,0.01036962511516,0.0325737816262718,0.006659219573106,0.0232417108128708,0.0046102403308493,0.0014325784356294,0.0263548431906717,0.0015845589784764,0.001204135958186,0.010727893391872,0.0064478724726884,0.0027762151409567,0.0007290341175209,0.0008443023085524,0.0014015867822482,0.0048383548315698,0.0010996838706386,0.0069800469072426,0.0203627348435655,0.0093783340551258,0.0005289162345828,0.0007137102242109,0.0823707814033636,0.0021191953501431,0.0065919585696895,0.0173455115177304,0.0105315910991059,11668,1,B cell
128,0.0022917809174176,0.0037621554327717,3.337126513417237e-05,0.0043193297473162,0.0054243115095106,0.0209142721523788,0.0017408418302373,0.0023597808244207,0.0017141279974185,0.0354573019950391,0.0325051453127965,0.0225735487792603,0.0455464214828185,0.0020624237330776,0.004380045590742,0.0189021819981347,0.0050937907913503,0.0004333135978857,0.0258212326751778,0.0159973309082879,0.0054185541657258,0.0136158077887528,0.0348861966016863,0.0198051124297941,0.0207201125083971,0.0172349275000666,0.0237142112802766,0.0024438075061395,0.0188781359137052,0.0056889275117577,0.0248568650351123,0.0163368827545399,0.0087972195739212,0.0125741217729318,0.0004684946842472,0.1427571320006153,0.2532662373846649,0.0699094445408354,0.0186345754353586,0.0511546405927219,2921,2,Fibroblast
129,0.0001660356990589,0.0002002090059224,0.0,0.0001355728170672,0.0001669217032445,0.0013026688947932,6.221672117243567e-05,8.422716471865352e-05,6.786609929021471e-05,0.0043800817043372,0.0112216390599209,0.0008411723494074,0.0066880122321273,0.0001020714257694,0.0003619685315769,0.0047192603917636,0.0001985362636664,1.003063604629354e-05,0.0084377594602683,0.0033166243118168,0.0008022279623511,0.0005242895062577,0.004369973035835,0.0014519981222252,0.0005958097016659,0.0011219459087823,0.0037446387656491,3.512951679665129e-05,0.0027766298477976,0.000235917686124,0.0015797107766441,0.0024166901478788,0.0004092209636881,0.0005083268779319,3.450649324567345e-06,0.0372203535805593,0.4312921644365049,0.4200653672815582,0.0221861958894579,0.0309458133820143,8585,2,Fibroblast
130,0.0003289888620261,0.0003697761590162,2.1687833992643487e-06,0.0006601442321078,0.0016488601526101,0.006493013170066,0.0003099991626489,0.0005477986874626,0.0004000009415149,0.0091530231352783,0.0264312741520052,0.0014622955037335,0.0054655358134843,0.0008909802310042,0.0011088389970468,0.0154480112667568,0.0010533848002313,9.301564511120952e-05,0.0225243396099807,0.0214829979258036,0.0028309224487756,0.0033960063008005,0.0193128966580186,0.0096481905309592,0.0035749825124192,0.0025671345347042,0.0132972774310212,0.0005136866088231,0.0068680387754555,0.0010354332441175,0.0097995392190212,0.0182854815693918,0.0041205338341682,0.0043911763620658,5.509912898176497e-05,0.0746523656577466,0.3029098381921424,0.2561562365091894,0.0319384021342879,0.1299767411944468,9606,2,Fibroblast
131,0.0003659159077057,0.0003540556269924,0.0,0.0031689746280541,0.0057952453140762,0.0155407169540577,0.000470109959184,0.0010006371164251,0.0008883558416142,0.0075063066872416,0.0419892084787227,0.0050916574880885,0.0056579221827823,0.0028737837608083,0.0023864422217845,0.0200425964873657,0.0022549392574487,0.0005898188410155,0.006328292746867,0.0596223473661942,0.0035432718588738,0.0012331098497949,0.0126519621746484,0.0089466322685928,0.0011401052394848,0.0006375093893929,0.0020721401354256,0.0013513073546487,0.0132403056389649,0.0017435098204276,0.0212486528314484,0.219213023022374,0.0184645217952535,0.0020966252840201,4.96500581921483e-05,0.0778844407057475,0.0269502427579585,0.2569283533900076,0.0258725383439346,0.1334965920048278,4457,2,Fibroblast
132,0.0002864558215266,0.0002087733191257,4.545520096229726e-05,0.0003651500437122,0.0013633392143568,0.0029839481979365,0.0008234390890017,0.0008133537481767,0.0032097556829515,0.0015569848676446,0.0460170801573131,0.0017862164333706,0.0001881673773169,0.0041635703747229,0.0008441470096969,0.3012749474454069,0.0022777462190095,0.0001666683320099,0.0061113517558014,0.2898173038266117,0.0035566684757405,0.0021115518517041,0.0371414349049176,0.0134398431987469,0.000781519251612,0.000624148382708,0.0021550625695749,0.0014986648494704,0.0049610640352445,0.0008446723011592,0.0364831204181455,0.1381587318920997,0.0237937791740657,0.0035122759522653,4.930266000851983e-05,0.0211764855971628,0.0044797117835385,0.0049137033667905,0.0051070379017225,0.0350651876908459,11201,4,Memory CD4 T cell
133,0.0001292882545224,0.0001523870113588,3.63239222086882e-06,0.0003722295484934,0.0034922854285955,0.0041560812838601,0.000538061717597,0.0006069118405471,0.0025480604516223,0.0011459370711528,0.0305788975808599,0.0011222454694315,0.0002009678975552,0.0087888879546369,0.0008643869083903,0.4218602620027784,0.0020133761591491,0.000333815404398,0.0022179058995621,0.0326894291345036,0.0013952651311802,0.0012595844255789,0.0207788856857491,0.0051271862830157,0.0004882974159057,0.0003430440868812,0.0004856495646864,0.0019861524178459,0.0053349594569822,0.0005572214074102,0.0200534064164181,0.3840290556579548,0.018204017394949,0.0018945230054505,3.258759060555292e-05,0.0085947011355018,0.0015930619450682,0.0017584376470222,0.0020351394576164,0.0136465319852861,13321,6,Antigen presenting cell
134,0.0002886424960824,0.000313671000553,2.992879667191781e-05,0.0006322959012384,0.0043409380757154,0.0049506008354142,0.0011526491274036,0.0009397984923917,0.0023433349249301,0.0028315029137064,0.022035975562553,0.0022813971205571,0.0012661028727987,0.0078880653222904,0.0018673390039056,0.5436565246578724,0.0034860471596166,0.0001422009734469,0.0074194095011431,0.0762461510027343,0.0026381766047045,0.0021088405220298,0.013758252612078,0.0053083212041718,0.0019244472396934,0.0011416703068865,0.0011708231396706,0.0020985949173558,0.0116731860146678,0.0010638554224946,0.0181648558803545,0.1460086438672428,0.059113748425738,0.0030244274020129,7.589472094906821e-05,0.0149381328353491,0.0049445416587414,0.0048371586673285,0.0059039427208372,0.0219072861007712,3639,4,Memory CD4 T cell
135,0.0002395286478934,0.0003588405330398,0.0,0.000296980672753,0.0037265671884274,0.0031086888215673,0.0009414696683486,0.0006532739299316,0.0024149002367867,0.0005391786667622,0.0121806806245197,0.0014774213001741,0.0004215177922919,0.0073085194151886,0.0011609306525278,0.5696663623231897,0.0026922151045899,0.00012728413432,0.0014851274801836,0.0379390746685066,0.0005626202477242,0.0007476542027413,0.0094922551368779,0.0014640911944797,0.0004047490555855,0.0002639284070265,0.0003058103975535,0.0009251102575173,0.0132182183685789,0.0003616389644723,0.0234020350130083,0.0634663772358773,0.2180715174726025,0.0038018037055391,0.0,0.0062346153305092,0.0012885468764298,0.0021974340298316,0.0029633375072179,0.0072147986989814,436,4,Memory CD4 T cell
136,0.0005732339817384,0.0009720852335613,2.7976592917259223e-05,0.0009830484515324,0.0101988759025542,0.0120976667896903,0.0014518586918545,0.0018675280585592,0.0029667338269569,0.0012574177290122,0.0242952168333397,0.0033332871717945,0.0022164473864124,0.0127043993457437,0.0019826064887389,0.3477455760819641,0.0028094922787734,0.0005158983759488,0.0038327012446223,0.0587359839430053,0.0025405734981168,0.0015275423160942,0.0225207965608524,0.0057229594624498,0.0009315219961491,0.0008487110704152,0.0008651571510101,0.0024007762001435,0.0183025527092712,0.0010176610196583,0.0266829463038317,0.1610740412224129,0.2244078375181081,0.0035729690609319,4.250213567838112e-05,0.0140226088236133,0.002510137584325,0.0045697927446554,0.0053545787253381,0.0180154098137527,2181,4,Memory CD4 T cell
137,0.0004995187807748,0.0005701299815537,0.0001368498742487,0.0010382132814985,0.016072269955337,0.012736024056182,0.0017834132051474,0.0033220001613047,0.0038515555404564,0.0025542335138093,0.0335662166273402,0.0053202422126317,0.0011403709843636,0.0057724195645979,0.0014777320012919,0.0182035652942042,0.0028903268123162,0.0008688323256813,0.004185580302058,0.119529562510898,0.0070525843596835,0.0024103808857625,0.2333076797304234,0.0131249136435203,0.0005855204225834,0.0007196802764734,0.0004016803243192,0.0009915707230898,0.0053109705561385,0.0008727478955069,0.0338805058395193,0.1846433822592713,0.2324579867695936,0.0030602132086927,0.0001474178264103,0.0212555702295775,0.0031988228485283,0.00309926332995,0.0025194832665553,0.0207960116469746,5250,8,Macrophage
138,0.0014835417132051,0.0009937989602283,0.0001599661748028,0.0026547644308364,0.0127607387331082,0.0141473605478759,0.0050821089224584,0.0046152337941103,0.0149998406841709,0.0070725121850902,0.0491267036218324,0.0068133670724315,0.001800026818788,0.0159203027772035,0.0034281241437181,0.021192941913394,0.0039300061934856,0.0023654906356946,0.0079924122892931,0.061542583047589,0.0095816219329374,0.0103655242037608,0.2911367675965321,0.0914998954935119,0.002143399505625,0.0021644739337787,0.0028236762418182,0.0045604076740039,0.0076202649571994,0.0029175413637102,0.0327716488852169,0.1797882022790176,0.0155731033263077,0.0065195409516942,0.0004256294030196,0.0264553950550486,0.0107505081647923,0.0123562604841666,0.0095260954949576,0.0528501923207043,7435,14,CD8 T cell
139,0.0002409880866662,9.96277384445738e-05,2.432918893555912e-05,0.0004586421794697,0.0044729455814286,0.0040141224574549,0.0010654660562215,0.0012396771992367,0.004718461913313,0.0014745720195509,0.0296731017581215,0.001106965025486,0.000172866150483,0.0044274445010471,0.0004779542002112,0.0206147398382262,0.001250536803122,0.0001751527517707,0.0028063961479262,0.2224428562289218,0.0050933109751377,0.0012281800650037,0.3694542277916763,0.0131785859859587,0.0002134004624979,0.0001654282121903,0.0003663941112064,0.0006014870083928,0.0015657012015029,0.0004475345318227,0.0379601775856784,0.2130518884974459,0.0266989798192973,0.0020959911555606,5.596278434144789e-05,0.0124337288684701,0.0014372815345537,0.00134895192821,0.000956886869786,0.0132864050994109,10230,14,CD8 T cell
140,0.0002771662242438,7.87055308946887e-05,4.700312079739475e-05,0.0003255395185073,0.0019347734457233,0.0022616546258732,0.0010423713097131,0.0010221635382355,0.0037088400597167,0.0009098790056532,0.0286570509056599,0.0010844228519268,9.879775209227483e-05,0.0021505791311498,0.0004321609412946,0.0157661354204181,0.0008217689070364,0.0001270714748092,0.0027656942319725,0.3442180260355645,0.0046181265590067,0.0015301937582349,0.4159437377400161,0.0227043535872068,0.0003444614206172,0.0002468047433927,0.000739299546454,0.000408335341723,0.0004631029236153,0.0001857798887729,0.0395745414073305,0.0481946479447111,0.0138675885341655,0.002117931676615,3.9010479368481305e-05,0.0155139727258619,0.0023373008380221,0.0018591240367163,0.0012889547092817,0.0221947159014774,10038,14,CD8 T cell
141,0.0021668165199632,0.0001133018118559,2.906946035504992e-05,0.0004287284569645,8.340121231575973e-06,0.0001039716397854,0.0006859456458999,6.644406508291553e-06,1.33558910941206e-05,0.0009796487408636,0.0030685140808564,0.0003021858339792,0.0008144823863877,3.218393484313109e-05,0.0001676547901949,0.0015344676802117,0.003070514434051,1.2953848180228492e-05,0.0027162569293531,0.0001563698164362,4.9784424972471584e-05,0.0099133391821645,0.0004436476746616,0.0076010942246473,0.9100146824868062,0.0337447444543493,0.0023444639883303,0.0011301631256304,0.0010134917471852,0.0058790877795344,0.002159987209682,8.620957351325842e-05,4.839270472093977e-06,0.0059995659724463,0.0001560064733078,0.0059010036653323,0.0001758459922737,8.16385795475393e-05,0.0001306724314549,0.0001200679274923,18424,3,Cancer cell
142,0.001928351040319,9.463280239509364e-05,3.0284892714432155e-05,0.0044060774728633,3.2725413348467714e-05,0.0001123434892485,0.0010178913108881,0.0002547827010258,0.0004495194520278,0.0041689205277267,0.0409866589199936,0.0005423104992217,0.0008388755998562,0.0012283645718927,0.0010327915717315,0.0101038114584299,0.0068175538010972,2.8915864793735e-05,0.0429851797081391,0.0007538032380979,0.0008799245281399,0.218192828378417,0.0057871324163719,0.0216914135381465,0.5482207837267289,0.0410916625467446,0.0038801293048474,0.0047115315394862,0.006748288039548,0.0121094986286133,0.0054609399631009,0.0008343684251569,4.374624341352032e-05,0.0122777431113271,7.835787171057457e-05,0.0133774214796213,0.0006827838219923,0.0004559285064093,0.0003370626914557,0.0009442738733598,11277,3,Cancer cell
143,0.0035826431281465,0.0002797420560944,0.0001302523415014,0.0141060613198434,0.0003288959522925,0.0009976778345469,0.0032585258560315,0.000677110939442,0.0011881593851914,0.0048869417655283,0.0401290906857338,0.0011651266209832,0.0011453797572071,0.0030395319238242,0.0013180898708895,0.0210801189404232,0.0110059230811443,0.0001794281505122,0.0383956562943286,0.0061523435426901,0.0052117409258393,0.2275174483818358,0.0115001793206006,0.1164926117180081,0.3224556575384011,0.0394379761088061,0.0109729576511473,0.0189751236207943,0.007041034124401,0.0204470185768894,0.0318361498543513,0.0069764750286856,0.000753668357568,0.0189454780022841,0.0003677015691819,0.0174469789314455,0.0017683399654516,0.0016152921227395,0.0014246474114163,0.0054921790035689,9980,3,Cancer cell
144,0.0028838986849024,0.0006072322932771,0.00010654006293,0.0023506658895686,0.0008444066811988,0.0050049826846133,0.0018137803762662,0.000738721781856,0.0010207633130068,0.0157523361116139,0.0777733729477889,0.006159216860678,0.0134878109658701,0.0018459906832363,0.0019138477007979,0.0147251731316358,0.0114960893680331,8.647566920087447e-05,0.0207406876660487,0.0099093237925059,0.0030409973113176,0.0451148647509505,0.0083503398809771,0.0526998518843785,0.3361970086633322,0.0373393127742716,0.0299220675785559,0.0074995119904826,0.0111701000010525,0.0169941806010273,0.0316826378007218,0.0151759084357645,0.0019577283182895,0.0143707134279186,0.0013437036080442,0.160645540208863,0.0142126517655525,0.0164279154525135,0.0074409995851663,0.0184150558170742,7287,3,Cancer cell
145,0.0009857582578655,0.0006481714205557,0.0001270596885355,0.0020207761474669,0.0089691075867729,0.0202339568183089,0.0026040968599427,0.0043469435960661,0.0042040938216928,0.0042723088581991,0.0410680767239774,0.0171468304715941,0.0050778309016169,0.0046671106443073,0.0025723679249927,0.0127230705596815,0.0054782745779823,0.0006446387258647,0.0123526511517006,0.2748590091169194,0.011711966914251,0.0038864812657754,0.0231243572282382,0.0141616054953332,0.0028679759372765,0.0019800688521398,0.002658905075881,0.0021070151160041,0.0051483733963984,0.0014315287057497,0.0408683318780652,0.0676486141199724,0.0380248472203643,0.0034229499937253,0.0003133288938594,0.2689738743384555,0.0166000082098827,0.0212673715884285,0.0071739281539624,0.0567589515566027,14791,17,NK/CD8
146,0.0049957194304795,0.0043514424589303,0.0009188144805596,0.0079193658278025,0.0238654328406972,0.0214297784048434,0.0078892866133667,0.0180414461647887,0.0170873967461413,0.0113271271525906,0.0291991868960012,0.1045426737283189,0.0207219672330049,0.0287701476548588,0.0683827810641863,0.0200846984806944,0.0222810055877428,0.004243980205968,0.013380760564706,0.0498934198907705,0.0115669219713052,0.0042914354197074,0.0191905709439346,0.0159955861073202,0.0042658720575132,0.0020303176782082,0.0020463795565162,0.0065604762371795,0.0166539850540239,0.0041416512735679,0.0117880599648354,0.048184496966144,0.0176717088125348,0.0032805263570952,0.0094945798463314,0.2930793069934144,0.0076018034634419,0.0109323465774307,0.0160926468037685,0.0286669075315991,6550,1,B cell
147,0.0003028656437306,0.0003199145387749,0.0001027853929395,0.0013715394591406,0.0102483348736013,0.008930832352025,0.0019228528015635,0.0055725995486738,0.0031003268201939,0.0028286383400579,0.0145318782949721,0.3387003514012976,0.0185043391740323,0.0053647177433513,0.0139474602262376,0.0068375181940919,0.0194804357097938,0.0019687911924861,0.0029784564033229,0.0385015373060667,0.00187911342934,0.0010692029282185,0.0101251308602261,0.0047785696712316,0.0017735846720489,0.0005122636261394,0.0005865843642369,0.0007041320203023,0.00484418960993,0.0007263046199956,0.0074442020128718,0.0146244559387872,0.0076560954085848,0.0004217007659962,0.000384173446477,0.4365021856940373,0.0034392987469956,0.0069351498727121,0.0062185396808305,0.0107533640929351,5986,1,B cell
148,0.0018721662975747,0.0026153695180813,0.0012083580345528,0.006992236114677,0.0133119711377829,0.0142936237029856,0.0088280784015426,0.0087125544426594,0.0039122437475188,0.0086750050644803,0.019287589399098,0.2156776693910795,0.0364023535060078,0.005373921915379,0.0166619889454358,0.0092078721217708,0.0181893417506125,0.0019798019775798,0.0040023549208759,0.0273475111825304,0.00318495680531,0.0031397584934455,0.0127792730559199,0.0187575062947777,0.0058305684981154,0.0023713568359703,0.0060211695806805,0.0017025048287063,0.0091153320538197,0.0025099516778722,0.0142153503595623,0.0279644215777994,0.0082357993081613,0.001781213218596,0.0005592151893916,0.154806881764366,0.0111273547769721,0.148228094020944,0.0897804211945329,0.0617810229838118,2559,1,B cell
149,0.0002537545482866,0.0027223585567352,2.4008329002760085e-05,0.0014622360406545,0.0015518705211536,0.0049245388849323,0.0008622476265556,0.0013186184342047,0.0008937223108568,0.003467073446487,0.0072291563971353,0.0091602543203003,0.0131989404197917,0.0010829087728101,0.0030156158308167,0.0093899100236294,0.0028470275437327,0.0003274793004253,0.0053713174811021,0.0093075088900427,0.0006621939707243,0.0009894082105624,0.010472349689668,0.0115578330513526,0.0023391468442309,0.0011024634356455,0.0112084502937394,0.0003163744889319,0.007381010388314,0.0009486573383683,0.0035961061960225,0.0077912377390952,0.0021227409850165,0.0012603717016694,7.556089420795012e-05,0.035551260423743,0.037172052984106,0.4278436563550421,0.3157955879973076,0.0657419880568764,8676,2,Fibroblast
150,0.0001051136637192,0.0006751753902075,0.0,0.0008091191094577,0.0001500814673217,0.0013701546582362,7.584561386648866e-05,0.0001235073884157,8.404816258979984e-05,0.0010644304428261,0.008853732719191,0.0018587462128496,0.0107271204918714,0.0002046144627301,0.0011983456514106,0.0038432074201248,0.0002797242047512,4.768503489237339e-05,0.001103763897268,0.0024548931850491,0.0002831871908467,0.0002541360533091,0.0033334349401371,0.0015373725180091,0.000348279925344,0.0005917405191792,0.004066979515782,4.702257477865035e-05,0.0049414606570173,0.000249057773768,0.0009640256159247,0.0017233498978661,0.0003161016924231,0.0003011167720684,1.8694403415663569e-06,0.0300277551654053,0.036408812477668,0.8158573822871127,0.0353176374297586,0.0323251004053771,14988,2,Fibroblast
151,0.0002225051702531,0.0007430810836205,6.787959969137408e-06,0.0008546587482501,0.000864649091216,0.0030906772024024,0.0001517025711314,0.0004626176048939,0.0015624266711915,0.0024859010749793,0.0263141620954853,0.0026155192417132,0.0065913909314407,0.0027309339664926,0.0051309989736303,0.2925448005257842,0.0016493293920865,0.0004651274949848,0.0083480609795929,0.0115566601420355,0.0018505086445563,0.0013833252106573,0.0245618817278793,0.0086088640626973,0.0014095957832299,0.0011475975251402,0.0052644905204717,0.0006579942168928,0.0122546936935069,0.0006963668507061,0.0072543017375884,0.0201484927591106,0.0018328217913708,0.0018969373548716,0.00010087383334,0.0751789813778129,0.0334728015393163,0.3354852753672263,0.0513530845185567,0.0562624315399356,3323,2,Fibroblast
152,0.0004632605451678,0.000919605111592,3.249368807661485e-05,0.001041344745192,0.0043061105736571,0.0081705888895609,0.0013009734191069,0.001666518503256,0.0067060508635705,0.0027911931967788,0.0474009644627273,0.0027874656029405,0.0012981085823977,0.0117050333735422,0.0020803774393548,0.4146016508271196,0.0044856763290539,0.0006795751608851,0.0073621407891282,0.0488442929109297,0.0047677431435973,0.0044401944731017,0.0498651341833279,0.0179141598781479,0.0023122346963379,0.0018215769370997,0.0035493716699964,0.0061124700914224,0.0104156454947798,0.0019956347002823,0.0363907678031982,0.1942284469901007,0.0113932377072268,0.0049292642398997,0.0001554325660628,0.0275202472654538,0.0070734139568572,0.0097061640690749,0.0090636601143913,0.0353453651276207,12312,4,Memory CD4 T cell
153,0.0001645744969351,0.0001779239178758,0.0,0.0003249685926751,0.0023993742770925,0.0031529378550961,0.000590539279834,0.0005286846177429,0.0028362705797273,0.0009055187455917,0.0269176706495197,0.0010911295115571,0.0002080554118826,0.0081989014786777,0.0008802939790547,0.588510822546483,0.0019696673078914,0.0002122429803503,0.0022613212868188,0.0181074250559747,0.0015226761095323,0.0017644869506231,0.0203225004082318,0.0045236396872632,0.0008697949011388,0.000396631211082,0.0006148838931005,0.0022139840878666,0.0067907507858595,0.0006108058399832,0.0157892221193426,0.2495802519102578,0.007226764070739,0.001885188123699,1.994753254097778e-05,0.0093831112742941,0.002277035951152,0.0028478988005594,0.0026963887220554,0.012697356745453,11591,4,Memory CD4 T cell
154,0.0001131690052429,0.0001864559264449,1.62813415825464e-06,0.0002453667520481,0.0010846402952342,0.0021007968385193,0.0002979872876981,0.0006326679899643,0.0020970488362015,0.0008213447514396,0.0236029424822436,0.0009647972605459,0.0003192111191938,0.0079164586898226,0.0009810033436129,0.7399550434421466,0.0023612841714047,0.0002607501502757,0.0021491895969578,0.0140663696674504,0.0011534096475313,0.0016933156224919,0.0130253964877225,0.0033438140599023,0.0006386911385358,0.000351198722931,0.0004369635868305,0.0016303533403502,0.0052121612652401,0.0006433583694769,0.0130432289269957,0.1319035570378458,0.0054313702900942,0.0014405241929324,6.157613982367126e-05,0.0078336210065235,0.0013486829980186,0.0022971751963216,0.002701030289824,0.0086211348454832,11100,4,Memory CD4 T cell
155,0.0001137558865225,0.0001677226330991,0.0,9.59163817301576e-05,8.944649453647145e-05,0.0004126440045269,0.0001322160959716,0.0004249571999988,0.0015690925581137,0.0004656317356189,0.0171744380391655,0.0006449806341173,0.00048935758047,0.0044061500743623,0.0012547156210125,0.9033191376297608,0.0019919575624788,0.0002077214490064,0.0022772089610077,0.0024397525827783,0.0005662336745124,0.0026216197075538,0.0069467185193457,0.0025528498262023,0.0017720823442226,0.0008558944864966,0.0009736585865124,0.0013748369771148,0.0048419215737695,0.0005805250209467,0.0096392196240825,0.0118062607264727,0.0005697510218779,0.0022015012280497,2.972359288284368e-05,0.006826399331079,0.0014457306945205,0.0024714135916379,0.0023635862947795,0.0040287038282639,25271,4,Memory CD4 T cell
156,0.0001105167048687,0.0002207892241197,2.021427127552052e-06,0.0001824680851947,9.409425558060784e-05,0.0005094207089492,0.0001293540349018,0.0008816272982663,0.0022592071567935,0.0007605461525646,0.025461384723565,0.0008806274097101,0.0003196953391291,0.0043050254749426,0.0010096153345192,0.7743946912371495,0.0020518120408477,0.0002380703992765,0.0031697482630716,0.004784051427933,0.0013822704288036,0.0040465448986092,0.1072856289115371,0.0033248771385628,0.0009545603279171,0.0006928545455782,0.0007281630035938,0.0009142099796068,0.0025807121505693,0.0005062296996162,0.0194806273731871,0.0148354038505601,0.0006713252081736,0.0023210945378227,4.291143430966476e-05,0.0089507136675023,0.0020480660651197,0.0019550686346316,0.0024255981950547,0.0052497126978226,6596,4,Memory CD4 T cell
157,0.0001957022986556,9.416271280985287e-05,0.0,0.0005107632652649,0.002930421990416,0.0031417967525585,0.0004992966139083,0.0012034128637905,0.0052409550664293,0.0015423420634061,0.0499114860969937,0.0010612940976291,0.0001577043496631,0.0076809010509048,0.0006955212989735,0.2296247820493662,0.0018322969222916,0.0003885895865441,0.0042744386620514,0.0509173710933618,0.0034969816578202,0.0025586701270996,0.2440905370353721,0.0098066304703094,0.0003072961123301,0.0003421736189681,0.0004977623071584,0.0013015160661553,0.0036344677823195,0.0005092546271806,0.0283412361934864,0.2962426957902099,0.0149008773685542,0.0031728713582934,5.7234976252511165e-05,0.0132244590793541,0.0018361397804926,0.0020488376966103,0.0014596009887609,0.0137019997269072,6596,14,CD8 T cell
158,0.0002558878775543,0.0001231737064409,8.990156784375495e-06,0.0010372250197304,0.0055541646048574,0.0052877170905498,0.0012119799536862,0.0012151115946577,0.005212143985934,0.0021797729660561,0.0255476956160536,0.0015165113674681,8.709765676424361e-05,0.0079283031594625,0.0007136431669537,0.0232530124484815,0.001495422736666,0.0006713608562199,0.0016702446437745,0.0669360895935593,0.0033985375068163,0.0016806994263084,0.2989442037633263,0.0117910555860657,0.0001506445903842,0.0002491835960858,8.824681342269215e-05,0.0010808593359689,0.002752257431139,0.0006261994212923,0.0301851338847092,0.4497201630957307,0.0267165311957749,0.0027705961952358,0.0001367153229829,0.0089404748337195,0.0008275906035719,0.0009263370509925,0.0006092001951828,0.0096801554451196,13555,14,CD8 T cell
159,0.0002854270570925,0.0002476886272439,1.7791078034199978e-05,0.000710303584311,0.0075174670841957,0.0056757295118963,0.0012753677343927,0.0018111011631525,0.0049279150324118,0.001858471172843,0.0216484226132523,0.00195437967818,0.0003861462782585,0.0068990652346949,0.0012002026857669,0.012528932732047,0.0017431020895182,0.0006652621380548,0.0017295465825963,0.0506453887938594,0.0033393327941038,0.0024487597812742,0.5004611415104908,0.0142345469879869,0.0003281675218324,0.0002987307224345,0.0003917209636322,0.0010680176218906,0.0032886622486534,0.0007472922539415,0.0401823258689873,0.2463782436565747,0.0377989246911401,0.003237922856621,5.596443044795871e-05,0.010157969092023,0.0013117832540257,0.0015198935437058,0.0012324731088773,0.0110349226229061,11374,14,CD8 T cell
160,0.0001256939563998,7.571590134454532e-05,4.150146764673444e-05,0.0002384223229347,0.0019679721754074,0.0017794370672391,0.0007793352186459,0.0008407836197203,0.0029944011772445,0.0007350932583176,0.022536694729537,0.0010362507126363,0.0001546966978831,0.0020889620881769,0.0003420621563536,0.0150819205611488,0.0008637475327246,0.0001083224899373,0.0017947408217174,0.2230725127880643,0.0036682761424234,0.0013169857069692,0.569248683176075,0.016366059339795,0.0002005447337517,0.0002116227109197,0.0004681626334803,0.0003306703482232,0.0005780756692227,0.0002613783753965,0.0255658893452418,0.055520645615389,0.0160726320050092,0.0015481017062434,3.9106192640948205e-05,0.012601713615745,0.0018627854961393,0.0021291074591411,0.0011981888856477,0.0157644013950142,10770,14,CD8 T cell
161,0.003946137162313,0.0002408521610675,1.2378666715714174e-05,0.0012144169816545,1.6751702107929958e-05,0.0006649905565509,0.0007511091932108,3.638323190210846e-05,5.132553084193618e-05,0.0009758495783122,0.0037080863364589,0.0003622709242925,0.001981274226935,0.0001219335376733,0.0002984855163233,0.0033193200734444,0.0028500711819431,1.3195542723152055e-05,0.0082557465469225,0.0002521550055711,0.0005687555929923,0.0208801234065085,0.0015975521635499,0.0170564962447405,0.6572514965372269,0.2237697760335646,0.0051716192648221,0.0023966168063516,0.0090177372483164,0.0122961664046976,0.0040844112834805,0.0003759633555289,4.9819691661171566e-05,0.0146008184388035,0.0001167777503643,0.0082198574537171,0.0004671903557546,0.0003733420888344,0.0003186943070668,0.0002704264973923,14384,3,Cancer cell
162,0.0104179024888783,0.0007915947722948,0.0004913399217217,0.007591000980404,0.0006381815233935,0.0050215038552531,0.0063695734245889,0.0002429560960038,0.0005837002875126,0.0096734577525271,0.0216020251234677,0.0038486002360337,0.0064636637186646,0.0011382468373213,0.0011569809439261,0.0266357331616428,0.0175803372385989,0.0001744011571155,0.0183722040588434,0.0062545314804504,0.0032372361391958,0.0255252663497718,0.0099019043639618,0.060902797619,0.4831305188977999,0.061608950213012,0.0305547678498217,0.0195779462666716,0.0150561394484132,0.0138120596543246,0.0566563795863854,0.0097328783409173,0.0015454398292188,0.0357961513029743,0.0017950550947612,0.0250345930525853,0.0035520153180964,0.0037695312030284,0.0029332417988044,0.0053254768258139,13955,3,Cancer cell
163,0.001608939985712,0.0001417954173215,1.7999277453476574e-05,0.0051411806972101,0.0003927913848795,0.0043679545207685,0.0025961811670756,0.0001052144062936,0.0002533810812135,0.002557563691004,0.0115111683400588,0.0015961057228201,0.0018875039479591,0.0007568559933627,0.0003710867629965,0.0065852764505909,0.0052333529574127,0.0001166726971222,0.0131669207617777,0.0049577323741777,0.0053210523898819,0.0417802215450225,0.0028508073124273,0.3691729868726731,0.3486534969505994,0.0489365718517025,0.0107798578250628,0.0166734519444536,0.0034489519125936,0.0155647778936023,0.0381107826725032,0.0041016473814062,0.0004950462894846,0.0129928875368158,0.0003032172529702,0.0216190131154533,0.0006655429018531,0.0006334320853296,0.0012946992782615,0.0046194801462278,10678,3,Cancer cell
164,0.0017224293289617,0.000317340866949,2.362447564789325e-05,0.0014819950104338,0.0003029914862454,0.002032144963077,0.0008106550829399,0.0003862292651587,0.0002877710215908,0.0087823894116404,0.0179806304349893,0.0037119314757714,0.0105205822769728,0.0003388115600103,0.0005333821044397,0.0057954362203516,0.0059458360270425,9.150303718609492e-05,0.0096012207984986,0.0041470201117914,0.0016482433331179,0.0231400049935557,0.0023845903251165,0.0457234781841131,0.3546301318198572,0.0322528738404779,0.0165581066378161,0.0044937657975124,0.0040531206460878,0.008742087390848,0.0147303353409705,0.0031481550078492,0.0003167367652577,0.0082056952103606,0.0007233303685221,0.3965956183350514,0.0084742160142435,0.0081783524466504,0.0024555750395168,0.0066096164401585,3788,17,NK/CD8
165,0.0002234515961307,0.0002411649901136,1.5287431267366292e-05,0.0004835905527611,0.004461115901093,0.0113625910250187,0.0007387489385965,0.0035503877408336,0.0016010762204074,0.0018014936666275,0.0224133655221206,0.0185044713786328,0.0027908441923363,0.0019785984807819,0.0014567568324693,0.0037778651465009,0.0046617009283595,0.0002261619359176,0.0048486458848915,0.2914465818536721,0.0079538094674891,0.0010715491453917,0.0117514920002932,0.0062324453003539,0.0008671548659949,0.0005688343223581,0.0005260217048163,0.0007878479752925,0.0019594359954103,0.0005510018877323,0.0187001029955038,0.027755253873597,0.017347937651451,0.0007847898394534,0.0002358030512469,0.5003849816544996,0.0088227002504394,0.0082193268238103,0.0016863418689861,0.0245833430974718,8156,17,NK/CD8
166,0.0019617597515231,0.0009588804336358,0.0001131733181523,0.004053433131455,0.0103717890941985,0.0224537633146136,0.0020878076398998,0.0045840755185325,0.004281325462708,0.0065358624551671,0.0305856910799109,0.0211870109024503,0.0254566771306085,0.0072078141231652,0.008245169204722,0.0202014996415462,0.0098407114501468,0.0022118177276844,0.0155247777404699,0.0431881894451912,0.0092522291654298,0.0065677320070684,0.0317116342684282,0.007616307913172,0.0054828465302789,0.0044552285229156,0.0017922161604702,0.0041992509566424,0.0221409253885143,0.0031870670143045,0.0193301757087603,0.0505065151179653,0.0149030631997288,0.0067966276000783,0.0020022651614298,0.5182791029033785,0.0096464497495973,0.0266439064022293,0.0116843072154675,0.0282317123520231,14440,17,NK/CD8
167,0.000398720822609,0.0002716411341705,1.2866860456537455e-06,0.0010714803994219,0.0021936827281122,0.0097389632937142,0.0010632453565325,0.0012473665475484,0.0012106012880014,0.0029074105842091,0.0279602971126244,0.0057822341187269,0.0052788586426268,0.0044305386888393,0.0032322209642767,0.0069084529967052,0.0015419364948197,0.0001792483235176,0.0079610414269325,0.0347800072043791,0.002904364002643,0.003413079109008,0.0095036616350276,0.0179642511425787,0.0018282886638044,0.0019240177272507,0.007343985597709,0.0029844302032467,0.0055933184282416,0.0011896662743435,0.0160744537768033,0.0159700871102996,0.0034639864181895,0.0017417520999915,0.0001169348917415,0.4698720197984743,0.0233339736576589,0.0334633028485712,0.0120034072059506,0.2700423131863397,10065,2,Fibroblast
168,0.0003865480379414,0.0001984056010723,0.0,0.0012519968264112,0.0009902433405467,0.0059786264895836,0.00019601576677,0.0005863900922823,0.0004554509093911,0.002273060703221,0.0249366599992682,0.0062434760276359,0.0168503588878542,0.0010441861904166,0.0025846314797732,0.0095955482246876,0.0018858766114214,0.0001791591081928,0.0066603340950124,0.0172314414250131,0.0023183964513019,0.0030201203686159,0.008588091795847,0.0062154642794156,0.004277110838285,0.002979950185921,0.0087769696072216,0.0007222451393591,0.0076331074860623,0.0010561707408273,0.0071180179821319,0.0099506633601669,0.0021478404244295,0.0025143881349995,8.401238870857036e-05,0.4247228033751579,0.0334501385979289,0.3044457419402542,0.0249033102431604,0.0626004907896344,9079,2,Fibroblast
169,0.0004073571320715,0.0003395527909121,1.1141862652030716e-06,0.0012466795984681,0.0009095848933279,0.0052141433076793,0.0001308151856709,0.0005223166413367,0.0003631775997705,0.0019309531271091,0.021633386588535,0.0059018146592188,0.0301070024428941,0.0008672662586234,0.0028462189694299,0.0092958224565923,0.001257046929695,0.000160968979355,0.0055372116930867,0.0091147680007921,0.0018081922479034,0.0017043279233266,0.0075457647573315,0.0043388664425822,0.0038961788999988,0.0033406074598644,0.011610712334299,0.0004251475161654,0.0074776250231329,0.0007941893644138,0.0047540686907287,0.0061837741620488,0.0012352292810154,0.0023297216347873,2.329203776203698e-05,0.2451416412053815,0.0392958684987224,0.4994284587718339,0.0278173122698733,0.0448270193095112,8388,2,Fibroblast
170,0.0004827391455535,0.0014101915423037,2.092096502334708e-05,0.0021218975263602,0.0017762262656002,0.0088737016343293,0.0003754550470643,0.0007050094487071,0.0004185910402343,0.0044095142482932,0.0231568178597137,0.0050020616114242,0.0221757124819933,0.0012209135106358,0.0031691616962371,0.0099727836367325,0.0012577499157195,0.0001796203624061,0.0067688912254115,0.0203206723332837,0.0024109052551231,0.0015945747527801,0.0178312908393833,0.0077566648301303,0.0026531171716125,0.0025660189550875,0.0144752313882391,0.0003759738464064,0.0127719322754769,0.0011272848246805,0.0073769927321036,0.0146614513885731,0.004307939226512,0.0024485630774688,2.222428627199432e-05,0.0467627348146634,0.0564832943681734,0.549661193721213,0.0414499621230345,0.1080045909081096,15987,2,Fibroblast
171,0.0005496638815852,0.0010161643738189,0.0,0.0007758506007433,0.0011880359676251,0.0057372869094328,0.0001949268915261,0.0005871271287852,0.0015646187732953,0.0083277746931013,0.175317359170993,0.0026374766064832,0.0050667040004065,0.0035865165622999,0.0027919706395156,0.2369818596035241,0.0032481123301044,0.0005643252684697,0.0212896860232532,0.0180313448044246,0.0042679606932152,0.0042436845488383,0.020257160919529,0.0098529039245119,0.0019499076372466,0.0021133035673162,0.0063555169100521,0.001193479513362,0.0136647978805698,0.0016141674959199,0.0154624296964608,0.0313600441444006,0.002800665618277,0.0030399647974442,5.934856903119584e-05,0.0688039597870977,0.080183226221907,0.1591330806250213,0.0248969889030054,0.07121398263386,2581,2,Fibroblast
172,0.0008601570578714,0.0005936747516332,2.1399488380463047e-05,0.0013332775896218,0.0014642521581691,0.0089845227383847,0.0008276598962053,0.0012124827655683,0.0050973057274145,0.002857980691331,0.098162108036321,0.009237163630498,0.0103957180077919,0.0066929805476788,0.0055943397795076,0.3085312104739325,0.0057059581651085,0.000802726068569,0.0093638280916234,0.0259407444279087,0.004647909469352,0.0058399615061098,0.0285023553084589,0.0108946391700722,0.0053247015506797,0.0029773840170717,0.0046430156469531,0.0039850702000799,0.0112629977835384,0.0023068532569029,0.0258316385923179,0.0442853615591841,0.004186784826301,0.0037195637106437,0.0003946775463025,0.2884726723588053,0.0119243889359444,0.0187697493923319,0.0065985968064531,0.0264974204421077,8686,4,Memory CD4 T cell
173,0.0002877726069121,0.0002009697835741,4.372638775061467e-06,0.0004230137609644,0.0006812287096541,0.0032890061382606,0.0002459440616623,0.000548590696597,0.0015921633751519,0.0026285993362625,0.1650378667373764,0.0012834110343716,0.0009248871113396,0.0047858106491795,0.0013615010629242,0.5334953451504039,0.0025740718953401,0.0001743650754351,0.0055685787775005,0.0362867747372516,0.0046125878444484,0.0047380309390492,0.0263750431332071,0.0060539759224568,0.0028122510950261,0.0016948866620017,0.0018628649903636,0.0022561947275454,0.0076513002646269,0.0015419960801069,0.0292623010255141,0.086744925694534,0.0036126549277444,0.0045158232850844,7.689992284010752e-05,0.0248500230280795,0.0073349529116278,0.0068840511252632,0.00245379800963,0.0181823747545164,10532,4,Memory CD4 T cell
174,0.0001104176414942,5.770684503698023e-05,0.0,0.0001001657936735,4.883936709867215e-05,0.0004694676298941,4.2660245915168845e-05,0.0001946462616164,0.0005733353596741,0.0007078391153685,0.1810594212515475,0.0004459534682114,0.0004282167110636,0.0018925150300139,0.0005337866635334,0.7184616233159132,0.0011877930098108,6.535376782861966e-05,0.0021025374791426,0.005007955443698,0.001286709880759,0.0026001922205139,0.0155726202555714,0.0019255631118149,0.0013217465381594,0.0007003839417601,0.0005210853283261,0.0007335418887761,0.0035764584568082,0.0003566963514447,0.0161650342124596,0.0158641338604843,0.0004387260230434,0.0025670209770406,1.7315336502331926e-05,0.013955959571758,0.0018813477814746,0.0031886587810298,0.0007544347977541,0.0049438571363902,9356,4,Memory CD4 T cell
175,0.0004949835087805,0.0009058444988747,1.3141779658464144e-05,0.0005653825785722,0.0006740944148139,0.0030121090924294,0.0006489341391343,0.0011259173742484,0.0054646975707165,0.0016214663603388,0.0201944777270906,0.0030061748259905,0.002987884391872,0.0107354699235003,0.0036996229518225,0.6771013809967861,0.005092231975101,0.000599187077567,0.0099096329454762,0.0135083362927464,0.0023130758081547,0.0140818904151097,0.0090098863516453,0.015627005609983,0.0124711779398932,0.0067344990770372,0.0075060493076483,0.0082195165626488,0.0180155046373007,0.0031481197212552,0.0253480608535,0.0169928220585517,0.00161776307479,0.012731304767778,0.0001443219023464,0.0269698031924428,0.0098198345492975,0.0163394537631124,0.0132478041931,0.0267106100481209,20790,4,Memory CD4 T cell
176,6.430331806898299e-05,0.0002091455888567,1.5523515020553134e-06,8.727764590832231e-05,0.0002701242393852,0.0007385318911148,0.0001596179101015,0.0008561273959774,0.0021485244624404,0.0006846140629407,0.0421490378139087,0.0007172587872194,0.0002739176836361,0.0033150494176918,0.0010014731847148,0.6111654587157687,0.001845329598585,0.0003283961167036,0.0043737955444243,0.0122671425565339,0.0020824909224817,0.0042936787843511,0.220740898190501,0.0052613841929857,0.0011797554743327,0.000583734561747,0.0008940789943221,0.0006325855646223,0.0024743352645925,0.0006100032984473,0.0168112252636567,0.0304349437556778,0.0012823566044282,0.0032432730902412,6.139200893376163e-05,0.0114475581775901,0.0032324876390039,0.0033682632338843,0.0023883978979957,0.0085959094172723,7002,4,Memory CD4 T cell
177,0.0002929692180727,0.0005701224485618,1.9674264403607263e-05,0.0006016744523334,0.002157164036922,0.0036553027966183,0.000983579196528,0.0022473333365574,0.0073655894948542,0.0019605376949801,0.0306105876287729,0.0016640997910349,0.000841047415715,0.0083956784757856,0.0017383806323238,0.252990332581804,0.0026654113448409,0.0008717715857242,0.0095370208505419,0.0478895467366368,0.0055221953396716,0.0074492480796427,0.3494268634800264,0.0222845842359446,0.0024154693154637,0.0015070856009472,0.0034089662304271,0.0023837335542132,0.004703877086347,0.0018371823370269,0.0544187436725469,0.0936621975483676,0.0096690832505092,0.0092405113076596,0.0002876091707923,0.0187067532036755,0.0072501210186739,0.0075736671500516,0.0057476759156432,0.0210547494777032,7494,4,Memory CD4 T cell
178,0.0001729508957431,0.0001895726701159,1.0006540511592238e-05,0.0004746946918058,0.0035008382152477,0.0034996028047039,0.0006070641747562,0.0018407372379618,0.0050477490399337,0.0015893919420665,0.0432855652548666,0.0013969755113723,0.000433652880367,0.0074848820164404,0.0011488047067986,0.1427918177249089,0.0020668006439733,0.0004239852405842,0.0035536431766239,0.0323104283445959,0.0036960388895986,0.0030340798834855,0.4992698158227138,0.0107610551832748,0.0004145118889623,0.0002499925634879,0.0005468437085766,0.0008258270478629,0.0033499879954554,0.0007384019905755,0.0262983325542512,0.1584727089337219,0.0100175585973471,0.0030077282647173,3.167079020796292e-05,0.0127262574104456,0.0022711476761427,0.0027172874531504,0.0017222070823872,0.0114787223248443,5477,14,CD8 T cell
179,0.0001307283082573,0.0001692641653755,1.757590820480893e-05,0.0003971496120937,0.0039677448104979,0.002665352306541,0.0006699926822555,0.001357007409829,0.003297504898105,0.0011256858816573,0.0162438626724302,0.0012818040616836,0.0001664809193876,0.0044458433512731,0.0007176479421207,0.0191191544158024,0.0013652954325704,0.0005339501061968,0.0011321163428117,0.0309814846067647,0.001921615972321,0.0016085747959971,0.6780131054320585,0.0090429248730816,9.344109395222208e-05,0.000180578306284,0.000150402359156,0.0002971436312891,0.0015973924386402,0.0004341177689823,0.0165942024930236,0.1694098936393544,0.0133195736796264,0.0013784602275666,5.098486298536896e-05,0.0072137180655641,0.0008879903807802,0.0013575898544964,0.0007279915339514,0.0078785492314875,10086,14,CD8 T cell
180,6.892700458210478e-05,0.0001245194682125,1.4329499101823895e-05,0.0001288342519132,0.0012724964413406,0.0010175654091145,0.0005518758328589,0.0008640076338115,0.0019229544458754,0.0005582419755273,0.0168401945909381,0.0010742433397503,0.0001139465859213,0.0015181596978813,0.0003271395076683,0.0118406777538017,0.0008772875853446,0.0001162304125548,0.0016578350314046,0.1416048591284794,0.0021013075243439,0.0010039668702065,0.7250573232331721,0.0110318564452447,0.0001460005897154,0.0001387622129597,0.0002136208739316,8.011762279530027e-05,0.0004043582621104,0.0001311872562052,0.0139042564998273,0.0273271187748083,0.0075979495341876,0.0006964400536098,1.2817804570902689e-05,0.0126457127487768,0.0013286139559008,0.0016910419882067,0.0011371249321596,0.012036048839145,7972,14,CD8 T cell
181,0.003525048204876,0.0002398423644118,1.724202123214423e-05,0.0013869656601071,4.462003333502424e-05,0.0007108612652534,0.000444007503024,5.0871824735138e-05,6.762131988415815e-05,0.0005438013055844,0.0034285045417863,0.0005522669781072,0.0030174823017993,0.0001204575991934,0.000238754023649,0.0027188484825436,0.0024920231406234,1.864895794250913e-05,0.006781422457294,0.0003171702107626,0.0007182086226288,0.020746578994637,0.0015232495079323,0.0165999342275358,0.4896664705559089,0.3898844696611634,0.0064010166389976,0.002604859951466,0.0135087108083992,0.0110164674944893,0.0043970982386255,0.0004310313936689,6.59727669834861e-05,0.0135738094769882,9.198587937727244e-05,0.0078460345788244,0.0006146519930603,0.000604525240473,0.0004415889572655,0.0003452800726392,14882,3,Cancer cell
182,0.0041324446668801,0.0002264423808096,2.172737475699728e-05,0.004794119707646,4.327009489705596e-05,0.0003603818185338,0.0008454988433171,0.0002792186422192,0.0005896531227906,0.0012639463159366,0.0200034936631182,0.0004413344398541,0.001310908072244,0.0009701515709887,0.0009832419428409,0.0119356323512811,0.0039400064482546,6.883018133425626e-05,0.0484568693267479,0.0008431905550065,0.0016318965739431,0.2214250501322837,0.0063815166545571,0.0232202852078507,0.3437238337894667,0.2435222199252457,0.0079649122000717,0.0058636351693709,0.0104619338823026,0.0170452563088407,0.0050016858578714,0.0008338877492134,8.824320590860664e-05,0.0153624829119968,0.00013036931119,0.011179973285373,0.000559143628054,0.0009128075219158,0.0004336730417769,0.0010669982178144,10785,3,Cancer cell
183,0.0104452048158216,0.0011314988153082,0.0004442384455962,0.011262537293099,0.00152302884529,0.0108253355922002,0.0069278744836576,0.000658807011403,0.0013197828267313,0.005800516036271,0.0189500228544176,0.0048866839478726,0.0073423850048924,0.0021593934995278,0.0019416346956082,0.022452363704479,0.011838542814061,0.000403498652166,0.0195959505811017,0.0141058033262764,0.006504913421953,0.0384321166201042,0.0109540117551364,0.1034960562774721,0.2710187579183878,0.1449623679286695,0.0239914968191139,0.0305688481910208,0.0290966659827187,0.0273293250912662,0.0646644944503542,0.0202039438420216,0.0036134713543539,0.0317993283676469,0.002333466856401,0.0284426594655649,0.0045411053676547,0.0057020014197462,0.0045875465210236,0.0136769348145018,9889,3,Cancer cell
184,0.001106295664336,0.0010982035737289,5.153370553839556e-05,0.0026562697638767,0.0009443215500617,0.0039615716192617,0.000694006856668,0.0002930740942215,0.0005630811938083,0.0035726135467467,0.0119174292911633,0.0021686704945527,0.0067830943544334,0.0005281504763949,0.000500342375783,0.0133247047013066,0.0021195666271768,9.589120403748024e-05,0.0096458744326415,0.006009351020602,0.0015169065972552,0.0173804038034297,0.0046425423091411,0.0454380418976526,0.0338251958772072,0.022736980879799,0.2804493506955901,0.0084540001292125,0.0083202858359746,0.0084907589544929,0.0217503297250578,0.0051201499067214,0.0011516244458104,0.0168450497570945,0.0008341200226843,0.3536406242039591,0.0178630965907227,0.0380761178388342,0.0136975041321726,0.0493095270402378,4997,2,Fibroblast
185,0.0002433680590931,4.7189180963719926e-05,2.2939121948545512e-05,0.000435377152063,0.000866525676199,0.0037197064019268,0.0001791067654944,0.0007462512499939,0.0002414854393422,0.0008341607810885,0.0140928147424778,0.0078001012748019,0.0054039722106028,0.0006042053206933,0.0010716772808198,0.0020436960973237,0.00148723817065,0.0002711903037228,0.0009968345081613,0.0120842716348461,0.0020750782156762,0.0012047821920172,0.0026995325551435,0.0049296725965106,0.0023453936323244,0.0014937204848887,0.0048980206646009,0.0009041939415757,0.00258271630343,0.0005949589642329,0.0055846669312478,0.0034263543964722,0.0006259961206395,0.0006466757517738,0.0003430799264309,0.9085182859411852,0.00782710148914,0.0087024091201067,0.0011022260766281,0.0126696012132255,8862,17,NK/CD8
186,0.0008796352823681,0.0003563809077567,8.407072745539354e-05,0.0013688068604676,0.003268198658192,0.0145373210794759,0.000584088078739,0.0024508640188508,0.0013124147396261,0.0024340608401651,0.0199701357450969,0.0227411788529283,0.0204589844690898,0.0028043944611712,0.0039754897251224,0.0072407407918057,0.0050089092618579,0.000706348176546,0.0043446923307338,0.0329756382982884,0.0054264072820466,0.0040158034144007,0.0082246868925838,0.0078313677981971,0.0061935247506519,0.004272492691246,0.0045828809545757,0.0023711707319133,0.0099334034373368,0.0018721692643142,0.0152661595313494,0.0148479862646765,0.0037681122195064,0.0021386197104457,0.0006943533128465,0.7137121013684335,0.0147184721808247,0.0235125479328992,0.0043979528800879,0.0296845129899282,16386,17,NK/CD8
187,0.0003738624702174,0.0003050844126664,9.428580857152286e-06,0.0006051068189411,0.0013150398554852,0.0089608129363464,0.0002634204362894,0.0010027758880686,0.0004802766279901,0.0066158522273621,0.0298945418402266,0.0055308977182592,0.0146977907143672,0.0008139335822734,0.0014245747581245,0.0058149790801254,0.0010148404318813,0.000160374346914,0.0167671499893517,0.0187165359932306,0.0046615463353639,0.0035805935746213,0.007995062643813,0.0057100110853069,0.0043770057080181,0.0036998820007385,0.0043356743169364,0.0008282578963074,0.0064123057029176,0.0011679798709211,0.012198723540427,0.0119597489582702,0.0028038747018188,0.0027169831509816,0.0001647570482094,0.5200492093440048,0.215745617557398,0.0505516344397718,0.0057775927861361,0.0411388510232815,5733,2,Fibroblast
188,0.0007578816042354,0.0007323046621697,9.160780864960928e-07,0.0025228732725454,0.0027261569995921,0.0127380317551548,0.0010133029070859,0.0019844387679389,0.0021457593556369,0.005368889841612,0.0542591587150067,0.0047882549602276,0.0126037919544147,0.0052046734356786,0.004242260373379,0.0509579311751385,0.0034632628981754,0.0005589836402681,0.0180443808703262,0.0323231929331731,0.0055406618225877,0.0058023243425131,0.0227392153250344,0.0151444197111281,0.005206975508235,0.0036273849113649,0.0072221507935087,0.0025786166053413,0.0114382915543424,0.0026961767388063,0.0148482762732579,0.0324066627468328,0.006974280538655,0.0049835759264712,0.0002363278664722,0.3166872501953556,0.0369704774814836,0.1408320037238896,0.0372506931654194,0.1303433213999476,8086,2,Fibroblast
189,0.0012030227106561,0.0021692195388048,1.132790975704382e-05,0.0038928205880739,0.0027833520988845,0.0165398819309434,0.0008913476078796,0.002284074433967,0.0017403748510819,0.0105813721510075,0.0674553597979813,0.0055636825071136,0.0271649584234326,0.0030869743424246,0.0069589515440211,0.0125051143818187,0.0043711993808255,0.0006131012493116,0.0123881268461369,0.0446726869363438,0.0067176159013401,0.00865908323513,0.0282555667560001,0.0190060647837788,0.0096086479854287,0.0092307058710195,0.0243408927166436,0.0016634493379803,0.0171328847547906,0.0031195686530831,0.030999124097728,0.0235440231882883,0.0102887636887873,0.0105275278660769,0.0001712591385171,0.125416534190328,0.0400606766962323,0.2988295518574044,0.0287068138386453,0.0901322990199578,10194,2,Fibroblast
190,0.0003069755970314,7.406527446110857e-05,0.0,0.0007595494014918,0.0004204214484294,0.0032580364645111,7.321524794035433e-05,0.0004446381902519,0.0001865351011602,0.0157989405254611,0.388318325158862,0.0019626349087856,0.003982550362512,0.0009410673383433,0.000943577618695,0.0116395938011014,0.0023015751865356,0.0006946511264947,0.0078007870220469,0.0151441239977818,0.0025349815184896,0.0024530574912553,0.0157521338324133,0.0048319558750245,0.0007876377285363,0.0008741671919472,0.0010234731673292,0.0001614380703832,0.0094898341771402,0.0009924509777431,0.009595092574654,0.022060950949933,0.001656871992911,0.0009313369395529,1.26284909239274e-05,0.0598514929285036,0.0312047229154551,0.3206694048529482,0.0154234290429352,0.0526899161696057,7282,2,Fibroblast
191,0.0005969935860226,0.0002466768734548,1.0721678402749614e-05,0.0008478813993448,0.0016777951978319,0.0072947067669406,0.0004374317858224,0.0007493727769009,0.0025637355925586,0.0040789961443538,0.2780132377795431,0.0019748444334077,0.0018506122582368,0.0082922803089744,0.0018124638771629,0.2872562002835746,0.0031043238131384,0.0005700624973025,0.0090429333227568,0.0590240193626743,0.0063370569720154,0.0080456076539468,0.0332617157331842,0.0103668836892241,0.0027794175046185,0.002984535689756,0.0019372853440913,0.0030261513173847,0.0126133971367505,0.0023751905649537,0.0318172443773182,0.1175769315488936,0.0090133787734344,0.0050433230659632,0.000123236173,0.0454293998211354,0.0066935345767841,0.0081237576894793,0.0025982105045713,0.0285736141590982,9858,4,Memory CD4 T cell
192,0.0001673153086559,5.325184170411549e-05,0.0,0.0001852990422105,0.0001316522008489,0.0008982646439014,3.05437302246027e-05,0.0002061184178413,0.0007742014654913,0.0020779474860006,0.4846007746235115,0.0004116038307312,0.000561486745323,0.0024247885267804,0.0004473757560881,0.3369946020782208,0.0014113886672229,0.0001469560273269,0.004825686959473,0.010778099698177,0.0025269812102805,0.004543043914523,0.0246201268842549,0.003429824697686,0.0011523538740674,0.0010945564912636,0.0005717695254588,0.0009322471011453,0.0049984350696752,0.0008839277549875,0.0253435128977548,0.0285697620625344,0.0006357946192463,0.0034829056250732,8.212167112625113e-06,0.0314218009167417,0.0044658025079287,0.0068376392137691,0.000672309338356,0.0102104687368488,8695,4,Memory CD4 T cell
193,0.0001786152686872,7.765949450378065e-05,0.0,0.0001747475286098,8.403314151541863e-05,0.0011526408155675,6.935126130417541e-05,0.0002442583355711,0.0010058533662308,0.0014231988040812,0.3128680736821622,0.0007198581499961,0.000605260516778,0.0027091022612366,0.0007805843976071,0.5075788964413682,0.0014683654757181,5.886587292896154e-05,0.0042285259413375,0.0089604191228853,0.0027723000533439,0.0056370525466412,0.0289210803259818,0.0039481823643256,0.0016849382845512,0.0011703092468218,0.0008479442908995,0.0012189877809931,0.0057119124053157,0.0011933524032039,0.029950158846594,0.0253842268752737,0.00063462584371,0.0043719353525464,3.748527290215104e-05,0.0263776987570433,0.0033925692526861,0.0058855025472657,0.0008684652052901,0.0091226000842895,10396,4,Memory CD4 T cell
194,0.000331513078713,0.0006094248447843,1.7039058902697482e-05,0.0005227780008954,0.0007002998365237,0.0047333757249446,0.0003374778175771,0.0007207362836451,0.0025037753968748,0.0018568306199371,0.0522854032969894,0.0057017671881731,0.0080266743209009,0.004301539762703,0.0049002384242999,0.5072188897811554,0.0034072480511384,0.000440067187298,0.00562952735987,0.0139112420088088,0.0027979641917421,0.0029655876489992,0.0163686922774235,0.0071601651982613,0.004118578531106,0.0019779746183955,0.0061193835902517,0.0019864829122261,0.0084599721244268,0.0017000756338609,0.0118152484194576,0.0239483931548891,0.0017877982519201,0.002052653282309,8.407997490652886e-05,0.1649109636561302,0.0185047331399566,0.0633134093024875,0.018516788581298,0.0330347903202761,7803,4,Memory CD4 T cell
195,0.001407068255646,0.0044435895228053,8.246852773892218e-05,0.0026226593912155,0.0037092478271465,0.0119948283966882,0.0031525001073598,0.0037904175184059,0.0206548714157981,0.0033622189440531,0.0197420665185386,0.0075006163013868,0.0089580242772099,0.0489995919895113,0.0103674638285646,0.4948355364218726,0.0112754281569262,0.0026379903052557,0.0157127607899286,0.0142002835236681,0.0055048736639604,0.0203494243083243,0.012988955539553,0.0341085965786114,0.0102974972682444,0.0101532381756257,0.0193777330399702,0.018537715519948,0.061317703002386,0.0069713357534035,0.0167484634357875,0.027742767615178,0.0028645888810933,0.0063363600911716,0.0006458622446788,0.0161427350065608,0.0098929047666574,0.0084216839861487,0.0202234285225957,0.0237411831750527,11743,4,Memory CD4 T cell
196,0.0001398304388882,0.0004188835091705,3.123651423460972e-05,0.0002553134304902,0.0005813667330254,0.0012999908990487,0.0003890240844749,0.0011489167357153,0.0042399671676563,0.0009186810193401,0.0351306653011685,0.0009517890095462,0.0005882788790754,0.0046191107366014,0.0013641454229516,0.4631769446996313,0.0022249299475956,0.0003363053371648,0.0072074369388971,0.0248580744222137,0.0026207294486818,0.0067041545586973,0.2947990661180164,0.0098651456326298,0.0013283209889502,0.0008648616414462,0.0019961872415388,0.0011571828261044,0.0038041143615869,0.0006017503137132,0.0269664292931897,0.0505898404935505,0.0030925306623235,0.005101044427051,0.0001369806428723,0.0159793525089762,0.0047262642281836,0.0048166343665874,0.0044112177037377,0.0141636273603741,7849,4,Memory CD4 T cell
197,0.0001152266187391,0.0001629542469819,0.0,8.097868968788866e-05,0.0002231445854316,0.0005340957483337,0.0001547397725809,0.0007865555855304,0.0025279821147544,0.0007184057084171,0.0531940653533301,0.0007945371063355,0.0004507441555321,0.0028841357754933,0.0006392802767235,0.3587896917326279,0.0011832282110495,0.0002787102240541,0.0037789797345415,0.0122815935845423,0.0024971915504452,0.0047179864191382,0.4707078137918074,0.0057984931319652,0.0007894441128308,0.0006646451682136,0.0010221589903009,0.000503983169311,0.0018236481009413,0.0004101964817763,0.0178258870058629,0.0199992147503067,0.0011031387536898,0.00311511308397,5.949660161196781e-05,0.0131056260412572,0.0027599904994503,0.0039224075314566,0.002233700893834,0.0094427191849985,7928,4,Memory CD4 T cell
198,8.70291345283071e-05,0.0002031971488812,1.2186566684649784e-05,0.0001198943581645,0.0004925334535471,0.0006505091185443,0.0002833302010657,0.0012142182583044,0.0028057520390887,0.0007401388075037,0.0277205122097782,0.0008144621637167,0.0002982290480591,0.0031383149425266,0.0007754052558848,0.2114774372348512,0.0014539311496203,0.0003472459604292,0.0033794797075009,0.0131496524082011,0.0021837329605817,0.003811011520121,0.6454812864875523,0.0074653868135641,0.0006692764361529,0.0004036204474797,0.0008253823451289,0.0002980308645683,0.0013106253453843,0.0004130621497444,0.015898632141255,0.0200180910517548,0.0017917362885675,0.0025627120861949,7.86244369208405e-05,0.0117742060977083,0.002779145640775,0.0036712585433536,0.0024524585846485,0.0088990155674227,11212,4,Memory CD4 T cell
199,0.0002024684106843,0.0004864974779749,2.0788342616481577e-05,0.0003108285275219,0.0017518232768607,0.001473207312323,0.0007974742154572,0.0024513212681011,0.0039533825538646,0.0016093543757668,0.0371719944900558,0.0024981191435898,0.0009735800884047,0.0033537392681403,0.001664850354544,0.0270262242121938,0.0021399916396884,0.0005969116207791,0.0031686139340539,0.0106746839472621,0.0029428782050394,0.0102446672660324,0.7744886409676802,0.0143855822482131,0.0021577256274669,0.0021846519496793,0.0020310467585746,0.0004367550077911,0.0018983590704735,0.0008591949240465,0.0088339159614264,0.0193800694696577,0.0032412207418774,0.0041544605911736,0.0001511422020927,0.0170115904202327,0.0047109277858923,0.0076694079144038,0.0048464722541055,0.0186205474699064,26760,14,CD8 T cell
200,3.999376955051876e-05,0.0001083959080686,1.005995552411374e-05,8.165555746314082e-05,0.0004069231606159,0.0003150684534999,0.0002314386060849,0.0009102495300748,0.0012369558821218,0.0003884690837488,0.0091246274843024,0.0005792458818305,0.0001567483096889,0.0009649649175882,0.0005091435069471,0.0119800727930224,0.0007026922705744,0.000194936681992,0.0010528669946595,0.0077958222967433,0.0007801291320411,0.0027031143492465,0.92378278512461,0.003763291064466,0.0003923699524255,0.0003661781794281,0.0003433359676665,7.790438294800607e-05,0.0004689901612348,0.0002087879480737,0.0077128138916603,0.0092342748924132,0.0009097340196983,0.0026163196683446,4.352945749649621e-05,0.0040060868941037,0.0008669127491416,0.0012031257064366,0.0009825750922359,0.0032825737291596,25307,14,CD8 T cell
201,0.0023082933653053,0.0002865414823901,9.511466314102716e-06,0.0012709752770477,2.6492548745926635e-05,0.0004383424012866,0.0001890297324815,0.0001569086529882,4.6076549748105705e-05,0.0002009956858293,0.0031934411564551,0.0005419105892657,0.0037762239444466,0.0001233058286135,0.0003283139636198,0.0022480201783625,0.0017195466793574,2.88439941658928e-05,0.0051212267165528,0.0002766037313591,0.0006546247901553,0.0244756853795472,0.0014380858373895,0.0128339448409319,0.3049731441170909,0.5838971169653087,0.0048360118511194,0.0020312775237431,0.0108765108927053,0.0110123517326931,0.0036591619349934,0.0003048474678552,6.33262582030343e-05,0.0147111552874532,6.218970261181313e-05,0.0069300907799333,0.0004684371209855,0.0006231020297973,0.0005150072533641,0.0002845143139876,15677,3,Cancer cell
202,0.006717497971815,0.0008925527767618,3.636815251328797e-05,0.005026057632842,0.0002570520226739,0.0037033417694315,0.001239843912661,0.0004259125764591,0.0003480661046411,0.0018539872571329,0.0129352394635737,0.0017315379957903,0.0085886514536832,0.0005785977599645,0.0009144652471614,0.010631114059712,0.0039652309481646,0.0001188455495091,0.0133565924154994,0.0026479732755657,0.0031521379986388,0.04147213284414,0.0069091219165778,0.0459823086841198,0.2816341249277646,0.3704627920920632,0.0158924063506061,0.012044034903527,0.0373153395348472,0.0246397844788102,0.0206551616295335,0.0041616986019811,0.0006632546581462,0.0420724218680821,0.0003321837127197,0.0234823100953505,0.0022725431692946,0.0040857805243251,0.0021240885953709,0.003015685170211,13950,3,Cancer cell
203,0.0034837116431015,0.0004155095999663,2.126496594769376e-05,0.0065156341809422,0.0008236288502697,0.0069325321052498,0.0017146207798848,0.00046478306268,0.0006345293925385,0.0008279607547829,0.0103067673810871,0.0009784397851606,0.0012769362648436,0.0015708157933098,0.0005902390856974,0.0042801541410463,0.0014555709590816,0.0003537188768939,0.0094497797158856,0.0063919614982635,0.0080268965748153,0.0738514880085788,0.0040054239510995,0.3349091634823425,0.0498282481627004,0.3279078442568494,0.0186506699399786,0.0258526620728292,0.0121474360864022,0.0143116251917126,0.0284646707349347,0.0053803903096726,0.0008044273653945,0.0169089793114082,0.0004600295272691,0.0167500107631516,0.0010642998235478,0.0009597369732851,0.0014217434900033,0.0110314194324493,12725,3,Cancer cell
204,0.0044045427355997,0.0005288146638416,6.594076715331708e-06,0.0030230972586968,0.0008420797042452,0.0078337081556512,0.0004733327141928,0.0012639354267295,0.0005428281029072,0.0025332807418684,0.03081630083893,0.0035294001958045,0.0138210146063281,0.0011788223396934,0.0012372393546935,0.0091110354500551,0.0029501805487783,0.0006089112232633,0.0064720170957242,0.0087842937603091,0.0057565823914089,0.0326223470379009,0.0045703972068049,0.0627926139253007,0.0747102827369351,0.2645304413359923,0.0270607031194759,0.0091666090776073,0.0201412147757876,0.0091364328786245,0.0231034275248353,0.0096519929462485,0.0017396894315427,0.0176696929151675,0.0007566158614169,0.2983403903442279,0.0121480010247957,0.0169720523314959,0.0058405437793009,0.020572093557417,4510,17,NK/CD8
205,0.0016756887319468,0.0004680390385139,3.415399260540441e-05,0.0028166452456876,0.0008414600979574,0.0070920960383311,0.0014634653998775,0.0005368652821733,0.0006493532182014,0.0039613984178553,0.0123034097428337,0.0037883627581598,0.0059649435398941,0.00122411607384,0.0006212118070603,0.0055469293807128,0.0025696798425473,0.0003689000184438,0.004416590635695,0.0076533801482585,0.0044597219599976,0.0122103266828066,0.0026554987611209,0.1195260385121691,0.0246117644417565,0.0159502613390516,0.0599313820756915,0.0209446953729569,0.0070810455564484,0.0064217956958201,0.0530545430976378,0.0041733852558529,0.0005712249143777,0.0066883082271367,0.0007601417242828,0.5691138790003948,0.006867278998108,0.0100508866108178,0.0040869390613554,0.0288267352829584,4687,17,NK/CD8
206,0.0004441731251991,4.266878359143133e-05,0.0,0.0007755517633196,0.0007242459304995,0.0106924986476012,0.0001550502341588,0.0008192971989017,0.0007496432976139,0.0028636801172012,0.1991020700123303,0.0064676500762079,0.0089923245170886,0.0034702445424371,0.0027349898754955,0.0113561731123104,0.0023709450148154,0.0002414801443041,0.0054495746452064,0.0165188008723979,0.0049074505319455,0.0047131910871798,0.0115254348926101,0.004354199242543,0.0026544160419985,0.0028391953426632,0.00052045724528,0.0011152469672765,0.0097216014210581,0.0013956289290757,0.0164427439026467,0.0202740506899606,0.0011506100282208,0.0016986398646859,0.0001864460567942,0.6162808787381177,0.010997784295352,0.0178864447540495,0.0015669678177959,0.0181870106653909,6200,9,Endothelial cell
207,0.0010065394167031,0.0001860785824667,1.0751145697516364e-06,0.0013721471661969,0.0016612250190398,0.0140323860178079,0.0003855610819667,0.0015712581441917,0.0017898683348615,0.0053671724857538,0.2570040422233922,0.0081008858759249,0.0112710841394498,0.0064175631241289,0.0036113867922655,0.0202777551775308,0.00388385260533,0.0004577923348358,0.0104641904449753,0.0313584827864138,0.0072269603831156,0.0088081169790152,0.0222353046733208,0.0087546892300177,0.0035731766628252,0.0036192290454511,0.001120176192913,0.0024309010602887,0.0150612341721545,0.0023520381397912,0.022656516578436,0.0371234411907302,0.0046653194179397,0.003654544463419,0.0002716724367925,0.4294465413241912,0.0190945175341138,0.0197292031223803,0.0022489642413093,0.0260518217882948,10550,9,Endothelial cell
208,0.0014392408407505,0.0004056268785456,1.419560773439613e-05,0.0022630843315045,0.0041528050615055,0.020790482519285,0.0007767495707179,0.0025083445181781,0.0022535938006657,0.0096957752566181,0.2599189405655028,0.0071269105536679,0.0081750807761505,0.0070175791940676,0.0037659743896321,0.0218950962445507,0.0043531786709508,0.0010470094616484,0.0120169820181707,0.0662011229363327,0.0097653256439171,0.0122282989511935,0.0302194797223248,0.0145640589415034,0.0046169329219376,0.0052893670792477,0.0020327902114673,0.004700827745591,0.0145065163527522,0.0041022222592232,0.0618176974939407,0.0870809606224813,0.014775872698036,0.0070540227045872,0.0001845609886523,0.2242605862845152,0.0212568303298469,0.0207503491877334,0.0038121814590293,0.0381816383004502,12593,9,Endothelial cell
209,0.0012558933891591,0.0003492269643905,2.719592104697769e-06,0.0016397239567059,0.0033869307908302,0.0084895976738146,0.0014056118852783,0.0025285837812171,0.0027231813125368,0.0121798583817425,0.2557799567313994,0.0022962289040507,0.0027913292675998,0.0146675476961915,0.005180119834298,0.0246516718317785,0.0023881249801158,0.0005515317433832,0.0175133712374865,0.0483238088705234,0.0064983813751226,0.0200991664981848,0.0291588767702368,0.0309561341694662,0.0025848848795194,0.0035171759696113,0.0049846768247244,0.0030531278642942,0.0105762517322375,0.0037799402544614,0.0312664701579958,0.0466989908416344,0.0084578272204067,0.0065031946164277,0.000202911694726,0.0672763730197009,0.0336883545411137,0.0436305306561496,0.0114062920233696,0.2405962723122261,12339,2,Fibroblast
210,0.0045680588061813,0.0015215640557205,9.55225763166792e-06,0.0043061035362287,0.008127046836176,0.0378807689406994,0.0032228043623192,0.0056029516510771,0.0098837277982218,0.0198316842732089,0.3651890934070173,0.0069472154747337,0.0077495643157359,0.0665873313556055,0.0159773263170409,0.0135375826399473,0.0116897364109455,0.0032649550168782,0.0092938617852552,0.0250630177750558,0.0071324276863321,0.0371992229037044,0.0282125446532272,0.0258429939192686,0.0202878081036791,0.0151720485033864,0.0010894818709393,0.0073754263695472,0.0426886880793086,0.0135075192300835,0.0199943931011203,0.0560361281024949,0.0243084876799804,0.0209877059209177,0.0004419628071763,0.031818566254612,0.0120420549025601,0.011055376305664,0.0053479043583966,0.0279536387505747,7447,1,B cell
211,0.0004391287470883,8.982727132027321e-05,1.1957288565244944e-05,0.0005812771720274,0.0007046042367537,0.0029591945212031,0.0003053838914877,0.0009795822857377,0.002289374871399,0.0072453178365058,0.4767487475434863,0.0016442325453799,0.0011832890675965,0.0046714364620063,0.0012489441644731,0.1562928007832573,0.0030830166464579,0.0007649487955651,0.008305614011615,0.0317165243794792,0.0068574015610169,0.0091691149877281,0.0557484567601179,0.0095515304044573,0.0031246489497691,0.0034776109074504,0.0008220690986712,0.002426761024268,0.0101473465404874,0.0026794192316345,0.03612437407217,0.0655190252796774,0.0041680636974479,0.0191466803167138,3.559385337217159e-05,0.0384635778138051,0.0065598351667315,0.0113928832688613,0.0016924700972212,0.0186657202296603,6855,9,Endothelial cell
212,0.0005661844347809,0.0001472958871673,8.922820844358426e-06,0.0004982340427026,0.0002836307302306,0.0024811423657499,0.0001412428727887,0.0006056072346933,0.000698579440271,0.0018110316155446,0.2828085207199213,0.0012165838817197,0.0010871606718375,0.001572906123808,0.0005530091932886,0.1976836801695502,0.0012812534045677,0.0001157362155952,0.0066024139531538,0.0299971444017827,0.0036971144563476,0.0129759665494412,0.0429789184598085,0.0159524440475787,0.0051696607349299,0.0036687056644671,0.0032827010104702,0.005015215716245,0.0074218162173498,0.0035247170473948,0.2366742890376056,0.0440626431109462,0.0030752427849041,0.0310049234289466,0.0001458322343859,0.0328403406300897,0.0041598605254055,0.003648965894968,0.0008490956998748,0.01501117271852,7382,9,Endothelial cell
213,0.0005217050552785,9.484407654304632e-05,8.189417961686627e-06,0.000406280845188,0.0001074597561154,0.0012698013965835,0.0002568051708229,9.348393571357448e-05,0.0005513535807422,0.0008148789057292,0.0391577715380685,0.0001608745626982,0.0002518103750672,0.0013053023523773,0.0002073772201289,0.3872729076803108,0.0012924428520276,5.689232886072135e-05,0.0234238195011893,0.0082350602976525,0.001704276393546,0.020354818950895,0.0212301743200364,0.010826287928395,0.0120662411019033,0.0118988299178437,0.0106685437446275,0.0095860422813598,0.0066342961659562,0.0058544144586744,0.1140218936434125,0.024207607771498,0.0018755283186257,0.2736351230677989,5.6375543675926193e-05,0.0073601577487597,0.0016099837958915,0.0013972822134169,0.0011619131762373,0.0065522842650387,6938,4,Memory CD4 T cell
214,0.0001344275738574,3.373752815855844e-05,3.682427456179113e-06,0.0002678653611643,0.0001633866121111,0.0025611795748175,0.0004027172149577,0.0004433226955992,0.0009064656655746,0.0007714366923199,0.0369639050073859,0.0004146373608207,0.0003317917793161,0.0010251969762716,0.0003144849371952,0.5253716933704501,0.0011813564476448,0.0001391881828138,0.0054619725647974,0.0126078773040544,0.0011555712813558,0.0073630496415614,0.0222635739652662,0.0213349868148847,0.0053306175260206,0.0020241470376744,0.0068231248720492,0.011739579675046,0.003912084731594,0.0027920457146214,0.2528933092969398,0.0332614468090013,0.0026052023255001,0.0180463347398753,6.787945356928111e-05,0.0109318918864645,0.0015581312073782,0.0012220885109132,0.0009187485945387,0.0077298479075039,11968,4,Memory CD4 T cell
215,0.0001703580981381,0.000762176281772,1.802804075912585e-05,0.0005371113156583,0.0017459331413887,0.0055426483480719,0.0011455123474838,0.0008664494561166,0.002946362597343,0.0026289676438117,0.0390600553130761,0.0009187374579867,0.0008077498323214,0.0089281099528864,0.0018557806820837,0.3547817514624565,0.0012192124907425,0.0002307042264635,0.0077656548396697,0.0424601806913216,0.0021530417715294,0.0045042022712871,0.0234815011393816,0.0289197789339204,0.001152076788647,0.001201203188423,0.0091488835116166,0.0027553789445436,0.0098170697951816,0.0012202969521987,0.0220014755335085,0.0497352838245668,0.005279767600961,0.0038100195365399,0.000114117030626,0.0356770121623176,0.0252163639245869,0.026992185469916,0.0295256285417526,0.2509534826895473,10939,4,Memory CD4 T cell
216,0.0002200474053044,0.0001258108708779,3.253556136857585e-06,0.0002953627810814,0.0003321095052636,0.0018678196272603,0.0001969943801365,0.0007607794934273,0.0023530412121464,0.001996121489881,0.2070630824114264,0.0008659214310132,0.001155515445088,0.0035703632395681,0.0011439673568416,0.304993931985076,0.0017078935318439,0.0003111691378885,0.0085790487402456,0.0306693051588363,0.0064656651361811,0.0090930164500582,0.2496140909028477,0.0089125717521818,0.002030846352989,0.0015324841037321,0.0017783332275189,0.0010028156925878,0.0041626378119752,0.0012194779176096,0.0431285182657764,0.0369841333677532,0.0019299318977993,0.0066323299931298,4.758026263294888e-05,0.0291545165774562,0.0068498553716618,0.0063871381890591,0.0016880184810659,0.0176410646312104,7318,4,Memory CD4 T cell
217,0.0005567189123402,0.0004316985682527,3.705114314548151e-05,0.0011195847932156,0.0033687840194288,0.0077116992069536,0.0010662235624026,0.0024622678259229,0.0046809408138364,0.0031656235824223,0.0617190579849958,0.0126621981015561,0.0080172072075233,0.0031307236789873,0.0046772969754103,0.0281524596535594,0.0048026676020231,0.0013850163299301,0.0075690694755705,0.035149968948884,0.0077711082885452,0.0056679625520211,0.3957361134942542,0.0109123168688097,0.002362510794074,0.0016732221361208,0.0032197036015174,0.000989720176087,0.0034006625701989,0.0013671572766065,0.0251044218053423,0.0285373872403795,0.0049698277588203,0.0032741422849329,0.0004905983965424,0.2442454583559916,0.0167647544928059,0.0267841026839977,0.0057090661100135,0.0304290568813311,10386,14,CD8 T cell
218,0.0002007559848877,6.340957026388714e-05,1.1345590685941704e-06,0.0002400858161052,0.0008526562860953,0.0018082280246307,0.000234577926014,0.0010480368234472,0.0014038110854969,0.0025116475596581,0.2388132835559604,0.0013121895321343,0.0014844434391621,0.002785131447416,0.0011716127175972,0.0279879005371639,0.0012281153062995,0.0003360684735669,0.0032131425809164,0.0233331346091767,0.004042525496814,0.0088263420812842,0.5613906450446905,0.0078363980284585,0.0024041220904849,0.0013271811356031,0.0008919726875167,0.0003528881821132,0.0028711451950685,0.0009890219108087,0.0266361821452331,0.0251957756686829,0.0018032754178748,0.0054105592028596,1.858629796128517e-05,0.0206989528770479,0.0042632962164515,0.0057147010893857,0.0008952973866544,0.0113217487214223,13277,9,Endothelial cell
219,0.0010828753201177,0.0017275664020871,0.0002062397405795,0.0015774778738334,0.00583249878593,0.0054210567906219,0.003324623008295,0.0055800150587212,0.012572426059467,0.0039434601684019,0.024808599209792,0.0066395411766445,0.0036585862394806,0.0093587668970458,0.0050209879284467,0.0162345599446164,0.0046496808667467,0.0026776297855048,0.0143164001494157,0.0157744268931177,0.0107992013605496,0.030893062344907,0.5638702806826921,0.050254966902277,0.0113060446362795,0.0100019702619742,0.0117943093692564,0.0032411572650158,0.0055525138247881,0.0032960645836322,0.019637157730418,0.0172978178075202,0.0057206050804736,0.0122199081328157,0.0006304207821732,0.022445818020314,0.0187257423799989,0.0255088731741623,0.0150749305917102,0.0254722571253461,19088,14,CD8 T cell
220,0.0001606007578008,5.828558428288421e-05,3.2231892172847864e-05,9.353576676885036e-05,0.0002846809344287,0.000619653267636,0.0006143933143484,0.0008419666765838,0.0008562189748301,0.0005862098366028,0.0171696038828712,0.0004846784668814,0.0001298953211607,0.0006916270272489,0.000268720983847,0.0121048956090618,0.0007055461425378,6.893728917443492e-05,0.0045035188633516,0.0114980122675625,0.0013118075972204,0.0103438362277176,0.7174513820805145,0.0106675246863515,0.0030007596191332,0.001902744773593,0.0027346259765198,0.0012183618122729,0.0006024189603229,0.0011476080319549,0.1201724688290843,0.0153394377460088,0.0019480284884723,0.04421472353283,6.146644986934997e-05,0.0074142582311561,0.0010789406388392,0.0010144155380614,0.0006668122254493,0.0077161053510508,10085,14,CD8 T cell
221,0.0015025788536489,0.0001627370693119,1.1465007156392129e-06,0.0008816311094842,1.295427978512413e-05,0.0002339970672073,7.549168692451045e-05,9.883402259613832e-05,2.845333239812473e-05,0.0001118243895096,0.0017574203346702,0.0002715747595089,0.0031394356241721,8.77233169197244e-05,0.0002554499009469,0.0009756679963804,0.0009729137341457,7.543032873852103e-06,0.0025198903580815,0.0001008993394807,0.0002832182229971,0.014266667415495,0.0007224775685103,0.0061670951307912,0.1677069968399564,0.7680004027728833,0.0034202660909598,0.0012064763222164,0.009767882258279,0.0049436258919344,0.0016066751326456,0.0001733563901811,1.2439857076697068e-05,0.0071613528154442,4.495886843709854e-05,0.0042067680551192,0.0002528327857714,0.0003578128265409,0.000289566867816,0.0001558686065574,13037,3,Cancer cell
222,0.0078055838868642,0.0010105699942644,6.031156571717654e-06,0.0067476140908635,0.0006943337291942,0.0092439527793847,0.0009485864376566,0.0009796751853167,0.0009314742903567,0.001064078255316,0.0134843607785692,0.0016853089300464,0.0109836335171451,0.0013990249850576,0.0013024966304884,0.0093661739115264,0.0021502346948228,0.0005364737577781,0.0048321370251544,0.0058993813635036,0.0056150778588738,0.0254031835613963,0.0054022711959329,0.0578791599157775,0.0721901666775262,0.5191848932591828,0.0139794242736918,0.0252248899816284,0.0857464490279526,0.0201846757931076,0.0270208772587174,0.0089007868867086,0.0015431610383274,0.0203926962743279,0.0007081718871914,0.0298862371859239,0.0038979392749112,0.0051978571608801,0.0025951996313514,0.0105573547497619,13871,3,Cancer cell
223,0.0029405827573294,0.0005469213176423,2.534073443305146e-06,0.0014018170152001,7.853002050620164e-05,0.0013182878169569,0.0002645234106975,0.0002843323770341,0.0001678570430788,0.000780831484049,0.0062656086943863,0.0003714277878408,0.0025369434560234,0.0002213642541368,0.0001965773295738,0.0065897261539338,0.0006540851869897,0.0001045783825355,0.0073684671774575,0.001679076359649,0.0014670750781688,0.0379957104467569,0.0091932681304375,0.01823036886946,0.0748449220726387,0.4202410006684135,0.0065335852652964,0.0067808182738641,0.017774745210191,0.0203934959540932,0.0315951413901609,0.003336011195689,0.0004398691318286,0.3174927674113071,0.0001048123737803,0.0080275864007562,0.0006032564862864,0.0010277052604772,0.0003650687579991,0.0014193554840466,11771,6,Antigen presenting cell
224,0.0025207263055556,0.0002224966583257,1.3094782195148554e-05,0.0032725080425523,0.000673971494967,0.0122220265726445,0.0007817298180051,0.0004324039645229,0.0002408080751891,0.0013445934596701,0.0175029453800226,0.0009794857296916,0.002596710767473,0.0005016835131349,0.0004888404344107,0.0116363272133999,0.0010116584992215,0.0001104258201278,0.0069663306020142,0.0200448860571891,0.0056261363110791,0.0382081360996458,0.0091771706711002,0.0729028355979331,0.0493146783086654,0.3149448715151922,0.0089286150198534,0.0323129106817059,0.0206085331448171,0.0194429397564759,0.2211909121886474,0.0314259793050422,0.0059981895286256,0.0672529450590968,0.0002290474499524,0.0200367410989359,0.0017176762168098,0.0014377755176793,0.0007377563721056,0.0087479361602105,9045,3,Cancer cell
225,0.003528894030301,0.0011343559036518,4.4798305244194735e-05,0.0070207767774944,0.0010659036603632,0.0057377522721221,0.0030295497192373,0.0026522333045338,0.0028973744181047,0.0058207127500985,0.0540471442599246,0.0054790179373278,0.0076028586362906,0.0065924025571604,0.0029441234778984,0.013663494978146,0.0098788453094537,0.0006518746429221,0.0317346707602001,0.0155427051925402,0.0079166993944119,0.1505153516114188,0.012916521837388,0.1223879799214491,0.0468374763345985,0.0235945222454494,0.0170836054660493,0.0153903006034906,0.0125340077456358,0.0174374532035589,0.0301695681529727,0.0111839982101265,0.0015220030599755,0.0145328574514611,0.0013783474065372,0.2934923160268731,0.0105203176130694,0.0133603577016283,0.0061511967769491,0.0354973535350185,7507,17,NK/CD8
226,0.0009314549423429,0.0002805665195281,5.73382944821458e-05,0.0016072090107065,0.0018739294188723,0.0131879634297195,0.0011276387796044,0.0013224794323916,0.0008527703166068,0.0049284619310282,0.0512509581547259,0.0084315984671308,0.0092692284064182,0.0010071675651076,0.000919137889215,0.0153915803472767,0.0028770299292324,0.000384176480587,0.0056880367262767,0.0456421431200112,0.0069018808692065,0.0052387913678894,0.0188834979434576,0.0297478477086614,0.0089611455320359,0.0057949589515376,0.0057276810001346,0.0070782041034242,0.0098196034519426,0.004336376312441,0.2342042663788407,0.0487526299758164,0.0080265531914801,0.0202102087249203,0.0005732056828465,0.3752780618944616,0.0140836313229421,0.011320914968996,0.002555377590191,0.0321672726806061,10519,17,NK/CD8
227,0.0006093863546746,5.79318960878725e-05,0.0,0.0006932064271215,0.000765730690041,0.0094158922962908,0.0001451543169589,0.0007390864097251,0.000780413436779,0.0051475891886012,0.419178933433475,0.0044545492079806,0.0072993857248057,0.0037514345327981,0.0020938468361693,0.0188305572581614,0.0026024483838681,0.0004022692004768,0.0071964570029954,0.0205763814672969,0.0055472438261564,0.0079630968878572,0.0219571794507157,0.0058050590868077,0.0026447258002435,0.002765729021069,0.0007478894224136,0.0010066834729135,0.0094478021429326,0.0018819373671831,0.0176276067282418,0.0209101830565406,0.0018345492853075,0.0018078956080709,8.151193374708948e-05,0.3316459596648062,0.0257462481763141,0.0253305181103457,0.0017312692017901,0.023792523862595,9852,9,Endothelial cell
228,0.0013903260467436,0.0001995532671832,1.3714712045905885e-06,0.0019319584281282,0.0026752994083973,0.0133051709441965,0.0004880618059432,0.0016016396139651,0.0013275942229774,0.0094936251157914,0.4537121877009433,0.0077788207661024,0.0110419470132686,0.0047444177156684,0.0038243770528716,0.0181523376117624,0.0054969798591514,0.0013115505094647,0.0067245895800495,0.0258449796719744,0.0078226224365426,0.011723081613984,0.0200904453167562,0.0113770912427193,0.0071799295315774,0.0117624401500299,0.0012040904422365,0.0035773142926707,0.0264469622147948,0.0041251020720488,0.0333731884056326,0.0563586504291969,0.0064178262937578,0.0064320437865447,0.0001624109571282,0.1624089292884224,0.0182576818233082,0.0246081965388484,0.0030879544484862,0.0274185649332774,9348,9,Endothelial cell
229,0.0004039332612273,5.253254373577372e-05,0.0,0.0003169271150674,0.0012412157957757,0.0034941796793434,0.0003807100964743,0.0006621509983996,0.0007583606401366,0.0063483668343332,0.5001355274432269,0.0007518754233929,0.0009461345760696,0.0100166324640314,0.0023898493273859,0.0103247400216569,0.001232482730165,0.0002227676508315,0.008188855607541,0.0260195013566333,0.0036394267853973,0.0096212875288293,0.0168391714336627,0.0177393715709271,0.0008848634549264,0.0007358046866694,0.0011053003918979,0.0011085126729161,0.0061876533436823,0.0023116240157046,0.0140891810706716,0.0274857723242703,0.0022223684306965,0.0024232451385365,4.913679356047851e-05,0.0349633613535923,0.0134586523360872,0.0256020293975697,0.0044640056899185,0.2479638724692991,7765,2,Fibroblast
230,0.0005172363757308,4.302493373687749e-05,1.1592025613739796e-06,0.0009077348458946,0.0037436830809365,0.0072146100766762,0.0005235913682717,0.0006086146536316,0.0012068225813705,0.0112804977754675,0.4460654427503952,0.0013869560308215,0.000488693922211,0.0052115562725635,0.0007134816653165,0.0244799916833668,0.0021673603457372,0.0007655722291086,0.005386871665916,0.0384920421828658,0.0046907304319795,0.0034113835864557,0.027057006958232,0.0075891285746651,0.0003579164199708,0.0009614737652719,0.0001861989754809,0.0016531746456924,0.0095701119905659,0.0021100891670343,0.0286098675074805,0.2862381556166448,0.015935322125257,0.0030220190178014,9.917673965135694e-05,0.0308360293428558,0.0079509749216714,0.0073736280236742,0.0007499122729899,0.0172190605679695,14142,9,Endothelial cell
231,0.0004094516637546,5.8875572328729766e-05,0.0,0.0006558289667077,0.0024022076896086,0.0071917199203108,0.0003971201200523,0.0012840888065305,0.0017745473498271,0.0076799182727179,0.3601674170131225,0.0014796907550882,0.0005457054709254,0.0043853899894781,0.0008152391122457,0.0175228559201757,0.0015268562672284,0.0002611939895801,0.0090186727044034,0.223305810423462,0.0072683558681997,0.0044715461736951,0.0346208340344621,0.0120480003388209,0.0004194100997087,0.0007610929014731,0.0003266404151512,0.0009188902629444,0.004375783946422,0.0013718043846284,0.0447848255048359,0.127265384926326,0.0287842740509692,0.0033276082478649,2.279736658790831e-05,0.0469525194223714,0.0101653536482059,0.0100335425646852,0.0009440532252132,0.0268306117647532,10654,9,Endothelial cell
232,0.0006269938718883,0.0001285451783382,0.0,0.0004704121768545,0.0004078219403754,0.0025557640913033,0.0001811422024079,0.0012885587905111,0.0003165894545193,0.0035423367805313,0.2707588687368428,0.0013473386440893,0.0012055861032604,0.001433073964041,0.0003437955076473,0.0246817780279064,0.0011833049637308,0.0001089141931848,0.0034328713364528,0.0373750893318454,0.0046487815595091,0.0081265059192776,0.0349954054104334,0.0156502422708936,0.0026568821947483,0.0026230270568365,0.0020699153575501,0.0037942950442728,0.0060913921882922,0.0044724574080273,0.4270969570378531,0.0478867352408226,0.0034427146762248,0.0276383324815273,0.0001167704837123,0.0340784203657454,0.0047640844176097,0.0052075467663627,0.0008248844080253,0.0174576393384231,14096,9,Endothelial cell
233,0.0002141925684512,0.0001600820701877,3.579678654790892e-05,0.0004239792360082,0.0002122567567015,0.003782623688059,0.0005167768625361,0.0004894495732462,0.0008634537863269,0.000931136984738,0.0439340266149392,0.0006399839081765,0.0003821882739952,0.0009079336436386,0.0002879070171221,0.3266393407892975,0.001149914811769,0.0001102368552105,0.0083061505982585,0.0141564796893162,0.0016437839646338,0.0090504136533993,0.0255995938375816,0.0289359273656666,0.0065832239515864,0.002930276680243,0.008528570192081,0.0140359534124462,0.0044243739234503,0.0040756356963465,0.4027291227745195,0.02421083302518,0.0034036941385711,0.0384738454238668,6.315347440439359e-05,0.0129571048395331,0.0011561248043314,0.0011318150877717,0.0007436479022772,0.0100463956403054,11001,4,Memory CD4 T cell
234,0.0006217085620873,0.0003867943635678,2.636833285320178e-05,0.0011323991978539,0.0014023750024569,0.0074352418277412,0.0012076085970675,0.0014820239129897,0.002755049120789,0.0023684588495405,0.0498488039800735,0.0018949016753594,0.0008357560677112,0.0034362604165035,0.0006381316458593,0.2560994202831185,0.0023368926423777,0.0004203272659057,0.0076006234561225,0.045425866162025,0.0029306967786654,0.0071568965827488,0.0289195146291255,0.0226268850514425,0.0045049574425132,0.0028870866724364,0.0072571442669779,0.0127165424789702,0.0083295914090628,0.0042515871365855,0.258289933038451,0.176789493469741,0.013585127443546,0.0211656288825848,0.0002772684347143,0.0204809698319618,0.0028352293025125,0.0029686213674334,0.0024085911964292,0.0188683272829636,10137,4,Memory CD4 T cell
235,0.0019998092209849,0.0015026191454665,0.0002124086210808,0.0070318763798579,0.000660496913554,0.0053916562137145,0.0026568552478909,0.0008902000327755,0.0058240493596853,0.002904307123903,0.0336007960776435,0.0017371587766118,0.0030318267438682,0.0087265768544087,0.0028476972294742,0.3333631128488593,0.0060250997041812,0.0006563098875367,0.0403485646638692,0.0090178933394351,0.0050000491056234,0.0913794486708481,0.0135841846566522,0.0899684829981565,0.0864631744439614,0.0510748704455804,0.0153056519459449,0.0468333531228844,0.012761177538938,0.0152030801148518,0.0483660785515233,0.0185827691708337,0.0011819547883697,0.0177764751715733,0.0007714017629541,0.0180931875969466,0.0024387675699441,0.0018366700173334,0.0029383973238685,0.0092815060696964,9596,4,Memory CD4 T cell
236,0.0049374517299449,0.0032987673162136,0.0006927936014532,0.0061264551105662,0.0097171451289296,0.0124851947528966,0.0085526747980229,0.0075892823057082,0.0407049167568099,0.0105406178572684,0.0963489708335264,0.0211799007492537,0.0130786504884673,0.0577884434540696,0.0243217895581934,0.0873003605502817,0.0136439861732148,0.0032479735932672,0.0139452178395753,0.0294317578927232,0.0090579424076025,0.0209102038163723,0.1379398638762359,0.0276140462643218,0.0067234379265885,0.0060264071377293,0.0043023309036181,0.0080269052537258,0.0136728395113062,0.0057200727590403,0.0249486895069341,0.0574106277407041,0.0063415990612648,0.007682902713973,0.0031769816595952,0.095306635135442,0.009034916767107,0.0125192212358976,0.0089769377164519,0.0327262013719475,5730,1,B cell
237,0.00033312117833,0.0001134680204139,0.0,0.00060982487857,0.0012798947980722,0.0031941485453176,0.0002823910625322,0.001346197632723,0.0020202336294176,0.0050453545172135,0.3313012876265392,0.0023584850361423,0.002258037459726,0.0045567051416786,0.0017230571521323,0.0385424789201636,0.0020167514850048,0.0006851333869787,0.0067881858295335,0.0392533555906356,0.0067391799860456,0.0122046323130542,0.329018846984652,0.0132882320308381,0.0033956854247384,0.0025126306907008,0.0012515457899617,0.0007313763706335,0.0045461012548636,0.0018215958383922,0.0426226419064344,0.0485726440431103,0.0037044503082731,0.0078302301343268,3.4430262195882946e-05,0.0393292680404173,0.008561078147467,0.010795646929896,0.0018648661143219,0.0229664435199451,14707,9,Endothelial cell
238,0.0002201296419292,0.000592843053791,1.543612097809694e-05,0.0003275876843089,0.0025449086601244,0.0034791399704271,0.001254442649484,0.0012691979391491,0.0020015431793127,0.0021189949975742,0.0258267703667457,0.0010632949046106,0.0007332227477897,0.0040187467911962,0.0013198357270557,0.0213019350523642,0.0008802823199582,0.0001801837998987,0.0036825026926847,0.0390831355407245,0.0024147651502761,0.0047832301914657,0.4828318298503485,0.0644898471652621,0.0008597250733567,0.0007595736917579,0.0077227449958318,0.0010423549678877,0.0021836074384058,0.0009532914092184,0.0256975626033202,0.0240408174426287,0.004810267488853,0.0039114865076713,0.0001197564463834,0.0201152890381931,0.0145450970256356,0.0243393142683907,0.0179064303744997,0.1888170534540451,9198,14,CD8 T cell
239,0.0004942629573673,6.102050685135428e-05,4.581703412232944e-06,0.0002436271867444,0.000141928066763,0.0004142209547196,0.0002597064038157,0.0001087872333389,0.0003518860368721,0.000662952504591,0.0181667301953636,5.1777028717749176e-05,5.03779277484106e-05,0.0002953668145661,7.105797224369031e-05,0.0102258174718416,0.0004810271416996,2.0318514038443136e-05,0.0223755611974256,0.0048329932508969,0.001751816968587,0.0259981379958281,0.4063385534392194,0.0093994880058169,0.0100861750496341,0.011179306625733,0.0085555889429818,0.0017817953044405,0.0015121761936515,0.0050525543041947,0.0833749246983632,0.0068444447856688,0.0005770492154204,0.3636754422605865,5.357310339527354e-05,0.0035822608178984,0.0009009760987519,0.0012608621869167,0.0005610828460819,0.0048120166620895,10121,14,CD8 T cell
240,0.0001245039507742,5.172071825801748e-05,1.6253833507272427e-05,0.0002275013261272,0.0004010446041207,0.0012511670817812,0.0008229744385724,0.0009088518875118,0.0011811259063536,0.0006173677966319,0.0210126478448933,0.00043955451292,0.0001274917320928,0.0005690846577805,0.0001052077099698,0.015979201866876,0.0006387214615929,0.000102846596295,0.0033204082663775,0.0273735694138452,0.0017199186528611,0.0099781030676253,0.5552784068939086,0.0170990517726521,0.0024257363338664,0.0015239062919223,0.0033690801214669,0.0025356170372533,0.000717050134568,0.0015806165782324,0.2554097664252309,0.0263123419377123,0.0032309237756895,0.0256407255610444,0.0001333894919001,0.0081315637705891,0.0012338077793851,0.0010563523503386,0.0006670212232918,0.0086463802866643,11850,14,CD8 T cell
241,0.0005921714748787,7.790678924931187e-05,8.848807331201479e-07,0.0004812265633976,1.7214963458292664e-05,0.000178456567374,2.8733192617387075e-05,5.174734620365023e-05,1.948505437768468e-05,2.155865711021972e-05,0.0007768253314981,5.693607554399704e-05,0.001109759160232,3.688716609690692e-05,8.042124042344116e-05,0.000390925786236,0.0001026338659885,1.2320407599559752e-05,0.0012207237168737,4.1538516804270265e-05,0.0002114920611862,0.0131168672486604,0.0004410667240821,0.0051703999315796,0.018001086157022,0.943697201603486,0.0019518553201038,0.0011391075007339,0.0037117762072088,0.0019702575855457,0.0009281596707315,5.703857925311076e-05,5.013648393088207e-06,0.0037871449455075,1.3257390612583003e-05,0.0016149919615854,8.715212418622322e-05,8.856952050685432e-05,5.24803547304058e-05,0.0002320179712294,23253,3,Cancer cell
242,0.0039207738077221,0.0005211111388706,7.975522677087056e-07,0.0027126685808395,0.0001668880871546,0.0022940063549698,0.0003746574355488,0.0005392191999897,0.0003194705369777,0.0003146679828489,0.0064556895165395,0.0005788042128325,0.0055308644429708,0.0003101393274863,0.0003845680431772,0.0034427617657155,0.0005812914827052,0.000129883724322,0.0048673066132446,0.0017231259813166,0.0026076563276937,0.0194410637024589,0.0034713667674796,0.0540140259101574,0.0324483538887075,0.7099976882669387,0.0154167480509002,0.0093721225501821,0.0169628523347057,0.0208174722496605,0.0162091233439514,0.0022413905758125,0.000287340566759,0.0499675611788934,0.0002808986158176,0.0151660087863391,0.0012520936586883,0.0016956972000176,0.000977687002888,0.0039008960698058,13819,3,Cancer cell
243,0.0016478324946995,0.0005580988892177,0.0,0.0034045666555046,6.576138822459574e-05,0.0018254084907284,0.0005764095232635,0.0002244547373631,0.0004789852792014,0.0007566239324753,0.0045452304577554,0.0002956770106025,0.0026735924657177,0.000457296842031,0.0003940159169233,0.0045141473182846,0.0005337074305165,9.80719373994001e-05,0.00953538688081,0.0015029477586871,0.0006366610752064,0.0711740092758771,0.003998890154357,0.0493138854909663,0.0570553944395784,0.3824766253983844,0.3073504977775794,0.0076519990922508,0.0109896021393311,0.0152131848072286,0.0078873093262257,0.0010207400836719,0.0003873791631743,0.0118678255179011,7.122072134645459e-05,0.0214369770061142,0.0030553153700553,0.0073046632880683,0.0050315024377296,0.0123040885106782,5857,2,Fibroblast
244,0.0084705908896848,0.0019289463819584,3.9197198836400427e-05,0.0127773001730839,0.0009173507518779,0.0042257186893991,0.0028086352703317,0.0020109744414635,0.0022495452150148,0.003283673113444,0.0165382005858532,0.0012029516901759,0.0029769579449395,0.0024571299844325,0.0017860917756122,0.0214986078190381,0.0031451711335455,0.0006867070495334,0.1091703337960073,0.0111372079317339,0.0075926944737186,0.1362219117306437,0.0145465509254557,0.0643353099842371,0.0864994723184398,0.2659640376319007,0.0164493313299598,0.0250218849730431,0.0263192680006858,0.0806209069910371,0.0279679486100165,0.0147522934105829,0.0017617131276797,0.0366673534503537,0.0025223447665069,0.0193255686295618,0.0034497899423454,0.0029114887601289,0.0021216371390038,0.0097068798264713,8253,3,Cancer cell
245,0.0007254283515492,0.0001177967049242,5.046749532113466e-05,0.0064426474671129,0.0002637383197383,0.0019532810308497,0.0017147274082165,0.0004085601587511,0.0004171307513451,0.0057382516990859,0.0112692970579399,0.0003138397337706,0.0001103681432843,0.000286685597912,6.190132283714373e-05,0.0267973104605548,0.0016431640394577,0.0001420572772022,0.3719393527274249,0.0305958309374744,0.0063428838919161,0.0388997897190728,0.0238900294590081,0.0496979263553292,0.0239614356991383,0.0084909643133071,0.0094451824293319,0.0102530486583475,0.0056488038464653,0.0162027819724838,0.2743175215818708,0.0262726367623153,0.0044005414115387,0.101073939456447,0.0002545479054844,0.009492785517159,0.0018994380104592,0.0005055681126109,0.0005477889111389,0.0065783962245358,10199,11,Memory CD8 T cell
246,0.0004995509763129,0.0006457223479185,3.3843683324250646e-05,0.0018134923159256,0.0015038143084055,0.0030404374241179,0.0013910710814998,0.0013396675235841,0.0012682984479857,0.01473781467625,0.0308557654744927,0.0023600114842963,0.0024666282024534,0.0037252979808893,0.0021058730919417,0.0227091809523678,0.0016239871162482,0.0002198710648711,0.335109115829749,0.0442712724039055,0.0072843404151889,0.0138423597209545,0.0160568730212588,0.0216145185011659,0.0055044085126395,0.0025002092090051,0.0095235632705294,0.0017647345391432,0.0060971026634655,0.0030234707783435,0.0143597690628097,0.0253042144770515,0.0065019789220833,0.0055920539640416,0.0004129955870234,0.1085581148818588,0.1487500631046327,0.0465349704323667,0.0208960117968568,0.1355897991828371,8110,11,Memory CD8 T cell
247,0.0007973192272444,9.460008667307602e-05,7.495703250420232e-06,0.0007404255835606,0.0004960799371733,0.0022872377556366,0.0003131607195656,0.0005734093246559,0.0012668396493147,0.0122675656550611,0.4194798833222736,0.0018089396670006,0.0031945882281181,0.0052638667189971,0.0030442381630205,0.020634109986565,0.001479761644441,0.0001721105393204,0.2563576712346104,0.027352681881418,0.0117642280453913,0.0329406497621397,0.0278044135540064,0.0130417135855275,0.0053747793479239,0.0023778517155009,0.001014718437953,0.0008517796947116,0.0088826741412813,0.0032474637802448,0.0120046467252312,0.0340430732153956,0.0067421473620358,0.0066747819825037,0.00016522576695,0.06331585333815,0.0201165468109458,0.0152347931873145,0.0019582078702904,0.0303973711895908,5088,9,Endothelial cell
248,0.0002997669920886,2.091901745269597e-05,0.0,0.0002237384660108,0.0004290574461539,0.004851073264058,5.479035312890438e-05,0.0003348509122733,0.00034137190055,0.0035955064482555,0.6491733849205107,0.0020276969717217,0.0026605871968088,0.0024301721615119,0.0008897690253505,0.0091792733814767,0.0019468975859612,0.0002524670320207,0.0054192166560171,0.0138687336261792,0.0037661151237686,0.0048813851331882,0.0097069645497146,0.0030468208042229,0.0013308805204535,0.0014771215761306,0.0002875608024915,0.0006273417097884,0.0059017742720828,0.0013268042281323,0.0126994608517722,0.0180457952237546,0.0008799528875501,0.0009994181710542,4.496409723619e-05,0.2086911068958003,0.0098586386420091,0.0149814040369156,0.0007125495639148,0.0123260766057912,8419,9,Endothelial cell
249,0.0004943440517367,0.0002999670482913,0.0,0.0006402303399862,0.001064690558795,0.0053445354569605,0.0007138768316136,0.0010485492589501,0.0007280420977726,0.0752054211638894,0.5339140213730035,0.0018535736803261,0.0037885511459094,0.0011963534433135,0.0006332540835768,0.0077471747250431,0.0026715084855954,0.0012119007606552,0.011888098332611,0.0144292377571035,0.0035480299864219,0.0028772824475026,0.0135434876636315,0.0033156284952796,0.0014473403627285,0.0021371666340134,0.0006737838500926,0.0003426483809713,0.0080455341548984,0.0019988245248339,0.0083496423980604,0.0275920040897413,0.0034968605977486,0.0014427685736119,6.513557475991713e-05,0.0391198490368031,0.1659509937012874,0.0351324275163143,0.0051295724134441,0.0243557673082486,5656,9,Endothelial cell
250,0.0001210180739674,4.884267979898116e-05,0.0,0.0002009957361139,0.0009637519233068,0.0043886225348684,0.0001169550293216,0.0006204903586327,0.0007494842075099,0.0043422618065552,0.5686992212562948,0.0006160243553873,0.0002501562300842,0.0026754753510167,0.0003200901512831,0.0085722539679009,0.0008566920718012,0.00010845473578,0.0068520469934083,0.2183033295082277,0.0058271987736971,0.0029674843034657,0.0221685067919851,0.0062685751450289,0.0001244652410547,0.0004060766076041,9.839361457069436e-05,0.0003232337013667,0.002234999296661,0.0006213125946934,0.0216809134173661,0.0467490046941019,0.0119652893059054,0.0012002103415609,8.72506192124729e-06,0.031197344514725,0.0054353867620504,0.0079602122760316,0.0003188662174562,0.0177509371908491,6687,9,Endothelial cell
251,0.0003819797849718,1.0287048180071288e-05,0.0,0.0002372226196417,0.0002130704823585,0.0013882301240672,6.706472903153612e-05,0.0005123176599705,0.0002080533662601,0.003074507033471,0.4890148697517861,0.0007072094129697,0.0003800473928086,0.0013732264666951,0.0002248618470211,0.0207115094461708,0.000871837995755,6.879438721724848e-05,0.0024901448929381,0.0255794008621261,0.003641635174972,0.0071696666419646,0.0302470867005906,0.0112761351032843,0.001856747213778,0.0019812709008836,0.0007679131824529,0.0028265071669783,0.0041544162867583,0.0034278063089381,0.2757676836706706,0.0407845902376244,0.0019808491349132,0.0224956788621213,6.20239967328992e-05,0.0268258391465056,0.0037345484142477,0.003684518364454,0.0001935134500329,0.0133831950806166,8330,9,Endothelial cell
252,0.0015777032422924,0.0002373561095527,0.0,0.0043037840750408,0.0008176293384322,0.006810375197344,0.0003777289167661,0.0024564697850987,0.0013671937043093,0.0059996251432546,0.3010109961133057,0.0022234747728344,0.0018059636870311,0.0050641453172936,0.0037000573194253,0.0276343515581578,0.0013093286241114,0.0022117898115802,0.0148148940741048,0.0387829637623744,0.303907527124877,0.020480630737406,0.0396197789593301,0.021512617868247,0.0057128675868908,0.0067559887374712,0.0007681414141037,0.0012427073544402,0.0079539620848161,0.0021862584256577,0.0286642203602974,0.0451149229500034,0.0072684153321976,0.0103917392251643,0.0001002811587516,0.0391146988590428,0.0120825479390751,0.0101079378771071,0.0016675655840826,0.0205984493309017,4051,10,Neutrophil
253,0.0012854976563533,5.115402181463994e-05,0.0,0.0034628887348784,0.0006099735830348,0.0046060008233597,0.0004419467503603,0.0009908630804477,0.0001293926943842,0.0010318105384772,0.0216241405251771,0.0007440893563313,0.0008395028421432,0.0001998050069009,0.000124127739804,0.0081325710821259,0.0005067516451024,0.0004901353088735,0.0079779567397309,0.0376491491980414,0.3614406299185901,0.0107903533514705,0.0143495916686518,0.0690157674820003,0.0043434260121834,0.0071931120178735,0.0025536014881462,0.0057528149843825,0.0023059501392028,0.0020496822633777,0.3365721803227906,0.0340344831571836,0.0052091339658844,0.0308074341768133,0.0001342519282776,0.0153733199643327,0.0013705322743316,0.0013984828754404,0.0003737965682481,0.0082608120404952,3857,10,Neutrophil
254,0.0111415470743855,0.0016191116385267,0.0,0.0067569022289702,0.0057417761780744,0.0165762877938378,0.0037283674384666,0.0004433077578857,0.0018758872136724,0.0007254139279474,0.0319231622520551,0.0002978909826892,0.0005664118664337,0.0016923337698184,0.0001292419039178,0.0446304674548972,0.0028154833027654,0.0019747271595176,0.0083244251826415,0.0335102756527052,0.1956185066774213,0.0114624088077422,0.0062549762697828,0.0595905084268123,0.0117554169353028,0.0195482371074724,0.0036171616952356,0.1863103066438865,0.0133644874981997,0.0181379056037939,0.1746675188339693,0.0538765266776642,0.005505112375956,0.0250632372108999,0.003046901864891,0.0363066402748744,0.0006727172632369,0.0017525080301884,0.0010894927291615,0.0127205190309201,136,10,Neutrophil
255,0.0021644039284037,0.0002281581222409,7.664285217140918e-05,0.0180159925002685,0.0020028998772107,0.0078984289677475,0.0090508299012034,0.0004170867004688,0.0062196986266357,0.0005151255157617,0.0049969097998645,0.0012003870659173,0.0002879366514613,0.0069661402861325,0.0003353334083132,0.0080641420734548,0.0012915941280998,0.0004448234476342,0.0041771449055784,0.0085755060315565,0.001389582993485,0.025948989195192,0.0021024079214944,0.3513271425363189,0.0111935398964907,0.0110455507499328,0.0125354613638725,0.4127165616399512,0.0046330769593841,0.0062920886438642,0.0447491535603067,0.0085323877841345,0.0002789205332207,0.0089697223276445,0.0007207679949466,0.0097878946024855,9.836446107079305e-05,0.0001557309900918,0.0005496691376946,0.0128165039159367,7739,19,Monocyte
256,0.0087526109447899,0.0013834705530129,0.0008388673564723,0.0456414645102322,0.004822122267885,0.0135397664802116,0.0178204513943364,0.0010259779285037,0.0109607666816629,0.0023405016067196,0.0141855100123868,0.003170284654686,0.0015460064839942,0.0133392134601813,0.0025861669060521,0.0263193771197019,0.0050205612960878,0.0014580256477597,0.0152211188691821,0.0096423370183958,0.0016347570122221,0.0992224117948653,0.008937749507413,0.1403545550423312,0.0519446306162292,0.0400790300077786,0.015075860033371,0.2805434195832348,0.016067408782097,0.0189861438716991,0.0564633492385166,0.0290102076855076,0.0024650526026076,0.0217659448099643,0.0036491585601354,0.0174332254040826,0.0005297801498878,0.0009056992541686,0.0018337704348095,0.0148464577898705,9794,19,Monocyte
257,0.0003678666848253,0.0007589891166429,3.681824909715677e-05,0.0008377954607176,0.003140525461285,0.006156970739442,0.0018557592198564,0.001793297969484,0.0028624262508632,0.0037085882860257,0.0377222477599139,0.0018366143782726,0.0011507936347766,0.0066047994309801,0.0021924896723865,0.0310593940119648,0.0011570217844663,0.0004207140847547,0.0080259256153622,0.0643900355049688,0.0039951685086706,0.0084226140643453,0.2783997803762987,0.0555783437812209,0.001334060492809,0.0017773222498675,0.0105520061756528,0.0014831999136963,0.0038850542571035,0.0016364514869438,0.0355587482842261,0.0337446965439413,0.0067719998063305,0.0054941419396249,8.553098517320432e-05,0.0381709027875102,0.0239130136422263,0.0305388116732937,0.0194558193977746,0.2701157167944525,10302,14,CD8 T cell
258,0.0022168963606341,0.001211687619728,6.20594336120578e-05,0.0030046008535166,0.000652495742397,0.002354406367014,0.0020602648074038,0.0017852625280565,0.0038295830612625,0.0016279227704027,0.0322778689454735,0.0013631056786679,0.0026386566679078,0.0057185985163395,0.0028691699405083,0.0158925733491454,0.0031784437766115,0.0007531164617608,0.0253163480265529,0.0073914730435061,0.0062639787577589,0.2016782634132191,0.3618116805218646,0.0518225654553151,0.0517847709467065,0.0642650171753163,0.0170932633344525,0.0093836625576851,0.0071328030737187,0.0113294228870697,0.0403358194315524,0.0093731622849797,0.0009428639146117,0.0355713682239168,0.0006096647841348,0.0104740950662931,0.002154724400809,0.0027865023578645,0.0017185856783543,0.0085107623689399,10574,14,CD8 T cell
259,0.0005038379661454,0.0003529312914372,7.045933628801836e-05,0.0006878821541302,0.000929723398578,0.0028322332089755,0.0015561983101825,0.0016677365013012,0.0022253439592143,0.0018256120150637,0.0588956602579924,0.0010691551347108,0.0007265358833848,0.0015800361728081,0.0003985088270191,0.0368663123143334,0.001295894085073,0.0002986461132583,0.0092256644400642,0.0400259361592709,0.0045386128290723,0.0165232057138052,0.3705606914564445,0.0387914879687145,0.0071365476306617,0.0039746583075629,0.0103405937049448,0.0062462423927814,0.0025047133746275,0.0040044456970117,0.2475283675630782,0.0349342563755418,0.0055666258342075,0.0375737975137699,0.00029821691946,0.0209741745664103,0.0040863550525793,0.0032634217488728,0.0017947721969049,0.0214397967686685,13647,14,CD8 T cell
260,0.0001508722576515,4.948681579531587e-05,3.696680201298693e-05,0.000243400752529,0.0002936538182627,0.0016352516257632,0.0010817472496155,0.0007797635713201,0.0009828550360885,0.000832171616625,0.0260184852402545,0.0004002071496102,0.0001030744581449,0.0005481883130274,0.0001136280476515,0.0180068169567423,0.0004322169933242,0.0001055438751717,0.0041057359077968,0.0221623580791276,0.0016000792010739,0.0097726171328079,0.3342522559929815,0.024300348465308,0.002256696436243,0.0010933349626178,0.0042356461423955,0.0041746705852568,0.0007075914083072,0.0019974269531114,0.4634383932367698,0.0189430487566453,0.0028657863206082,0.0352087913154228,9.773708294763483e-05,0.0074237749952736,0.0010530786386495,0.0006024636362362,0.0004334438563311,0.0098090538388729,12066,14,CD8 T cell
261,0.000754649416044,7.189577586261146e-05,1.599641680263621e-06,0.0013166659032399,6.119409943445266e-06,0.0002446805853717,3.1086819268047825e-05,0.0001514485483836,0.0001331490325495,3.398393584812189e-05,0.0021972167257414,2.684111346699996e-05,0.0005553424554924,0.0001349424373455,0.0002327233415817,0.0011411753749204,7.889650353074398e-05,5.383706880545957e-05,0.0135054109110871,5.66464922639346e-05,0.0004707701340206,0.1580065624578787,0.0019827447733975,0.0059396078766999,0.0144456334927041,0.7843334435781426,0.0024077946050186,0.0016547795471652,0.0035708543712491,0.0057809604898632,0.0008269413245026,0.0001346578798605,1.0738183919422624e-05,0.0024160829888959,6.725529786252305e-05,0.0021296878019604,0.0001065890528493,5.426371924067778e-05,3.388981343081373e-05,0.000312770868248,10872,3,Cancer cell
262,0.0022072907263227,0.0002546658398019,3.6427018286055457e-06,0.0037401739894627,4.0756251632901765e-05,0.0006882537244155,0.0002326769875993,0.0005484182985943,0.0005985715480133,0.0003710440783632,0.0070974799019491,0.0001593775589168,0.0012210737622998,0.0005879010721688,0.0005551427124952,0.005149255026998,0.0007560328768825,0.0002087885104679,0.0292035992844078,0.0007469736057515,0.0018945300795417,0.1749680553966788,0.0056370966133074,0.0230203815881664,0.0630102347780829,0.6274036175176717,0.0092954368700611,0.0052650494594026,0.0081786250201083,0.0173923573525426,0.0047164329153244,0.0007966764022542,7.411685948179764e-05,0.0085777164666961,0.0002751248292343,0.0062924921126061,0.0004411433796722,0.0004265596525483,0.0002283012024954,0.00151031871005,10654,3,Cancer cell
263,0.0005981162887799,5.672027587645074e-05,0.0,0.0048210234934149,4.0430068935468645e-05,0.0002308163546192,0.0001652017704557,3.631309158879944e-06,4.590354309857137e-05,0.0001917622017749,0.0017614630744367,2.6334271498340068e-05,0.0001787422769179,3.666208326459368e-05,0.0001100978727123,0.0057887071380051,0.0001958052297523,0.0,0.2736907850622991,0.0005830775839668,0.0006906831217003,0.1263561469106308,0.0057951461101143,0.0107885817232368,0.0506677955604271,0.5385915900023847,0.0032461336378553,0.0015936113928623,0.0027245608054307,0.0172673098957463,0.0027122677650798,0.0005209670165803,4.241870266757768e-05,0.0036659572868675,3.338273976532428e-05,0.0049894542351577,0.0002177359013298,0.0002699833070606,0.0001467615896685,0.0009357010839848,6677,11,Memory CD8 T cell
264,0.0011048411565658,0.0001055617508026,5.177149090271611e-06,0.0076621611411263,2.7291477325708724e-05,0.0003001964264878,0.0003919564691261,6.160628417605284e-05,0.000102381105969,0.0009418855201686,0.0048750785541198,5.784952112728832e-05,0.0001788735085331,0.0001038862468241,0.0001883734558277,0.01149741941709,0.0006005400099717,1.95285225232813e-05,0.466100372410838,0.0017449787918624,0.0022602269554864,0.1680489322902027,0.0104303614509432,0.0197718167809289,0.0650132197111462,0.2773834040356386,0.0055187782903466,0.0032027573076456,0.0030094662085076,0.017809240571749,0.0065928284150215,0.0014105101451827,6.939059484337055e-05,0.0117633174457571,6.750006654657753e-05,0.0064069455487395,0.0005071605811957,0.0003049999667872,0.0002153088962286,0.0011543551114958,6800,11,Memory CD8 T cell
265,0.001955096966507,9.255668096774636e-05,6.356183503256647e-05,0.0096941412883954,8.979860140909896e-05,0.0003909035767362,0.0024599277582193,4.159764527972421e-05,0.0001734930584091,0.0069150092541894,0.008800192803631,0.0004284957250922,0.0003045791523043,0.0001172975420565,0.0001125410790528,0.0179878802920123,0.0040767341588847,8.190764034577341e-05,0.3767239112471197,0.0024012966564923,0.0039542773815059,0.0940061633875998,0.0076074261600605,0.0346265038721591,0.3441804608408135,0.059966994558313,0.0078979917221594,0.0057648582259535,0.0039304408618852,0.0287788928316137,0.018177518094838,0.0021090458955765,0.0002805997875251,0.0231472765964331,0.000416310002499,0.0141108478069428,0.0011399724634748,0.0005639343872289,0.0003243250564736,0.0012159963661448,11750,11,Memory CD8 T cell
266,0.0015381826061082,9.4295813779741e-05,2.9241455644506893e-05,0.0053732654077247,0.0001588528130381,0.000215615450464,0.0009599073121966,0.000402546298506,0.0008572737161758,0.0047887919556691,0.0068924287803422,0.0002883821154602,0.0001888623719466,0.0003106301054827,0.0001689738107097,0.0123382377821302,0.0013203043214097,0.0001217837236261,0.8396718878897723,0.0063635489994948,0.0056938329109591,0.0558379120727485,0.013053882721049,0.0185261945636251,0.0337916162231937,0.0178240117299967,0.0054459705096413,0.0020045383370584,0.0022654173906879,0.012182448466127,0.0238001149508261,0.0047839397829877,0.0004282655624417,0.0695529570999237,0.0004122425284544,0.0073237073347816,0.0044470011401061,0.0006594272515268,0.0008749104265382,0.0039988936681283,7178,11,Memory CD8 T cell
267,0.0032695010099309,0.0008089313938467,0.0001856291108471,0.0064636252662152,0.0026933008132824,0.0039937836347966,0.003804874910905,0.0023945675976633,0.0040061870193962,0.0156187171248789,0.1084407508866543,0.0040459777507902,0.0022340968460273,0.0062573632404339,0.0033793665242774,0.0354550666549575,0.0050511285325936,0.0007142303302163,0.3628515703247009,0.0777032080467896,0.0220706742023792,0.0268866753637352,0.0501052473375688,0.0316607185231975,0.0089561144315759,0.0045291612090366,0.0037787104904586,0.0051422158704461,0.0112227354657618,0.0076979199384439,0.0288424149273518,0.0777173631835492,0.0150768636265552,0.0130218137686439,0.0014654475072365,0.0473700733452667,0.0153070618359293,0.0110812831995982,0.0056654764232879,0.034105475215545,6963,11,Memory CD8 T cell
268,0.0007322214599547,8.273314895584765e-05,4.54919729413745e-06,0.0006700103169068,0.001202407580798,0.004760279621729,0.0004185257895636,0.000902691840821,0.0010496178029086,0.0102343891330872,0.68439522823585,0.0015747397692885,0.0016698288414495,0.0077298535570488,0.0020694902234286,0.0246869430554997,0.0033669496898092,0.0007613835160136,0.0106649144753801,0.0206133008160823,0.006773568102268,0.0112742748170138,0.0179309977926481,0.0125295720627578,0.0043383210567366,0.0025020976862188,0.0006988818664917,0.0011101030919099,0.0104565479064988,0.003258688737473,0.0225957569421334,0.0538816891852038,0.0044580709937703,0.0052848880385105,4.096942092723576e-05,0.0243095823794794,0.0076535538600989,0.0204229957262075,0.0014174779891423,0.0196795069969756,23385,9,Endothelial cell
269,0.0001457166996688,2.5135807164761616e-06,0.0,0.0001294330065554,0.0001387982573691,0.0012480284048766,5.412037078350057e-05,0.0001936112012348,0.0001775461731529,0.0039182722022374,0.8839395007448501,0.0003401360114694,0.0005514208655375,0.001792469246994,0.000523500676385,0.0074304938327822,0.001025602125851,0.0001998540093659,0.00372170688009,0.008831830934799,0.0018138800680418,0.0059608932171614,0.0109383803552431,0.0028376190190137,0.0011304589481317,0.0004903895847677,0.0001780054095647,0.0001844959770027,0.0030644871838773,0.0007811517648337,0.0081375780436852,0.0116790132040816,0.0005488309889236,0.0009940550017952,3.7273447418694766e-06,0.0182420384979948,0.005497406040075,0.0077769020559964,0.0002301138272725,0.0079034771820464,19789,9,Endothelial cell
270,0.0001183958919455,2.96914343620598e-05,0.0,0.0001773314921256,0.0005111908926668,0.0009725699196315,0.0001332210650807,0.0006910871691585,0.0008599389112577,0.0039427523526053,0.5710896721933213,0.0012210142684724,0.0008913049838063,0.0033898914077032,0.0011879903181501,0.0222375750969163,0.0011715441742663,0.0006431375097702,0.0050318368476432,0.0212191582708209,0.0047382508488695,0.0072359431413938,0.2459522827528119,0.0067001125376398,0.0011634773711114,0.0007786386830965,0.0002251970835904,0.0002495559415516,0.0029025999322327,0.0011268202452866,0.0212239162125301,0.0240171839234081,0.0014732241030513,0.0039846285390852,5.115220888491053e-05,0.0228672998240782,0.0045744464591484,0.0064589182299651,0.0006343436853298,0.0115932559836477,6895,9,Endothelial cell
271,0.0011893288902669,8.598965974970018e-05,0.0,0.0004443240713741,8.511266956467617e-05,0.0004136454678578,0.0001142092071438,0.0008281745464617,0.0018876040928758,0.0027205967567575,0.5011608815867313,0.000931737684834,0.0018956378141719,0.0081734123584475,0.0021963736818079,0.0103519034490686,0.0035169726955218,8.307341908399857e-05,0.0144111470402106,0.0039628436056819,0.0028139572379413,0.2440963686997618,0.0162777575749383,0.0390571679760794,0.052202446286832,0.0176000188525476,0.0032653959342214,0.002207434734436,0.0070882034749133,0.0064863457638076,0.0104140259448102,0.0060776331079316,0.0005145134796257,0.0124373218547664,5.6417233521204976e-05,0.0181411253486817,0.0019891217220503,0.0019259877237739,0.0004443195941314,0.0105874142597274,7044,9,Endothelial cell
272,0.0025990660154193,0.0004056300406938,0.0,0.0059210581532181,0.0028370243085619,0.0103138262699202,0.0002443838045833,0.0031424903044941,0.0009662966698177,0.0017926900980617,0.0508074110990783,0.0049722317893415,0.0055474239193847,0.0025095431917181,0.002550372543414,0.0138205363282889,0.001926559230604,0.0028054296584533,0.0107187627644612,0.0308919156112776,0.4389564345977455,0.0111285978237103,0.0173238922238615,0.0149455543074497,0.0068280682585939,0.0094948414257485,0.0023092226073349,0.0015619937331444,0.0056018709529527,0.0011525536789701,0.0176462387889854,0.020247828426132,0.0045490828416877,0.0050107739228495,0.0009871175129683,0.2283308856201214,0.0230942849959847,0.0200367030501432,0.0035014980545483,0.0235503722336083,3415,10,Neutrophil
273,0.0042437990080315,2.190767994022509e-05,7.940837583666651e-07,0.0039886292518726,0.0002325038988369,0.001498314033388,0.0001074761987769,0.0008733643398635,0.0003469735335933,0.0005152240816006,0.0125824968845735,0.0003074370728159,0.0003798135544294,0.0013169827678635,0.0007922064349742,0.0031048704260452,0.0002746235951616,0.0009568133638807,0.0050939608878523,0.0219965317145533,0.8562435312946785,0.0075516121712794,0.0069408946433514,0.0127581916070964,0.0011632879824118,0.0033546243673133,0.0002752591536423,0.0005829422904756,0.0012012115777424,0.0007912466682893,0.0111969811594997,0.0168603822426962,0.0023376486872697,0.0058910067426517,6.208393940115668e-05,0.0103406571787913,0.0016926859880184,0.0017826217129733,0.000234354179274,0.002391325520541,13541,10,Neutrophil
274,0.0363954393829804,0.0007113826496248,0.0,0.0190714741034105,0.0087907108325594,0.0148247135003191,0.0052560826234998,0.0013961678389522,0.0048670601089449,0.0006202262781731,0.0100857931021463,0.0010078878177037,0.0008753650491493,0.0013163209993693,0.00041706333016,0.0056698263436238,0.0033169884658744,0.004654195390702,0.0091102950293876,0.0279405587914447,0.3587610143163705,0.0103704427019498,0.001580234369708,0.0718814060476733,0.0055705426932737,0.017851797205276,0.0064268446242304,0.2405504491939004,0.0067740214452555,0.0152085643455968,0.0271807946393664,0.033128407657366,0.0044779757071884,0.0154965138993918,0.0044612678437739,0.0214022108897427,0.0009453049852399,0.0005172020961494,0.00143982110975,0.0115243869070033,140,10,Neutrophil
275,0.0024723136114684,0.0001433511522272,0.0001199135921052,0.0175565622854349,0.0009551779098235,0.0064577032737792,0.0073741186809396,6.119521435791751e-05,0.0044479162769432,6.709092853013335e-05,0.0013058739077055,0.0003088312003326,0.0001318501545812,0.007274847426942,0.0006962272969925,0.0064266600821982,0.0003812800697118,0.0001630928478729,0.0009898015149512,0.0024616794586812,9.60470817972417e-05,0.0189264272065076,0.000544230233671,0.040951341175022,0.0070357163788798,0.0088158087161958,0.0049941342706914,0.8160037810641031,0.0031536456830732,0.0018747451768255,0.0244318934248533,0.0051907806544049,0.0001819184380247,0.0078699200281336,0.0002444737404572,0.0032242451909196,0.0,2.7682043243048618e-05,0.0001723465507592,0.0019870502029344,9265,19,Monocyte
276,0.0111201631473177,0.0005381471445541,0.0001401506539862,0.0098803079548445,0.005834949298543,0.0149822885004083,0.0117526305915038,0.0022277332484469,0.036524366090767,0.0017113853545629,0.0088734473033142,0.0051236093500541,0.0005259116860828,0.0152830817782229,0.0011136723756047,0.0063397807238913,0.0069351613292559,0.0007071697394049,0.0036541037468469,0.2799827950935006,0.0050924260523474,0.0126485546437069,0.0058518910671517,0.0798075568566346,0.0070943916519918,0.0065173204615277,0.0020918832815079,0.2721148946271909,0.0077154595518256,0.0056116633193002,0.0682487408671046,0.0544680529899984,0.0084812516965999,0.0071713176878616,0.0031470720535269,0.0178633165573536,0.0001706661589456,0.0008815166669012,0.000863543008179,0.0218232558629823,1655,19,Monocyte
277,0.0029819643010355,0.0004289146918808,0.0001934961046053,0.0020907401118559,0.0034010865378428,0.0082029368604991,0.0039175304713547,0.0023734919028041,0.0031511294792411,0.0020800257129052,0.0248169739072488,0.0032374842207255,0.0004170675886624,0.0034553980212765,0.0004652870249269,0.011988785487942,0.0021249341109463,0.0001805282574342,0.0071235396301726,0.4175366367299363,0.0085227917705872,0.0088514014537206,0.0246669937683046,0.0648231898024398,0.0054538475796452,0.0035753865919268,0.0062403834103045,0.0061689103312442,0.0038266742374147,0.0025474499187721,0.2004232754912699,0.0563290842711837,0.0264607078405319,0.0198031631066599,0.0004091562846177,0.0247963244193028,0.0026470309002399,0.0032175339509659,0.0026088540044731,0.0340956150140628,11399,8,Macrophage
278,0.0007002771053816,0.0001258297269746,0.0001011565834215,0.0007997595711204,0.0014267224679649,0.0045721741198716,0.0016024125393238,0.0028328747673663,0.0016838579102275,0.0023625684058707,0.0461779931207684,0.0017574871083292,0.0006061717963031,0.0019047612102979,0.000391218486027,0.0239248880353617,0.0010613292194656,0.0001197698239804,0.0072089475120316,0.214627358037756,0.0062165963372255,0.0069702501431883,0.1717728764950062,0.0276962550712869,0.0016170298119471,0.0013208447658876,0.0058077742464126,0.0025799559835841,0.0021199433100367,0.0020654317630396,0.2922270462284527,0.0553274873972225,0.0145040827602296,0.0203849416764505,0.0002374791391731,0.0267195040555511,0.0041597625552053,0.0041605228485903,0.0023471615094993,0.0422595357583332,6522,8,Macrophage
279,0.0008673252903932,0.0002602444133708,8.070965105872688e-05,0.0012332505513061,0.0033104595118412,0.0073113832168627,0.0024240775069702,0.0022540480129672,0.0034031940920061,0.0025381241336243,0.0480733766319054,0.002205261184341,0.0006500704372171,0.0033572302648495,0.0005583932949509,0.0262031327811615,0.0018920795898961,0.0004444552694692,0.0060957066171238,0.0874026532278237,0.0054913423593885,0.0095070419990821,0.2394918305093666,0.0335325941710704,0.0032319603309274,0.0027077399868622,0.0030926507020277,0.0062531810595504,0.0046255377589771,0.0031738377185881,0.2214119533316581,0.1905934786188754,0.017040642672328,0.0161966793932438,0.0005051906668849,0.0217584409076602,0.0025433116494343,0.0023167368636086,0.0016791688239362,0.019842014028713,7291,14,CD8 T cell
280,0.0006579701101597,0.0002678015966107,9.05901304642724e-05,0.0012465786987489,0.0014272094664662,0.00398698462902,0.0020256071593918,0.0023409119874839,0.0022845270195899,0.0023483874857413,0.0272040657276719,0.0015674207142894,0.0006496194260489,0.0021249049334985,0.000353450912976,0.0305012818809744,0.0013537314902278,0.0004285599574214,0.0086264730936375,0.0313486471274682,0.0036268424366957,0.0141351809223112,0.2112562409974921,0.0270546562879286,0.0043207891228081,0.004022672988992,0.0053488300027387,0.0072405500248936,0.0034810750511751,0.0056577713342399,0.3772955338395888,0.1169931411851115,0.0096484429502218,0.0596217069681605,0.0003539462746857,0.012777615168167,0.0025321508061403,0.0020573916129013,0.0015973937644996,0.015986521314932,6277,14,CD8 T cell
281,0.0010279944735198,0.0001826766205057,1.2101805226285606e-06,0.0017976092817444,1.8410102750362186e-05,0.000357551070633,0.0001183393332546,0.0003154648711377,0.0003295164857491,0.0001310031975654,0.0045803882705697,3.507425821094949e-05,0.0005343288740419,0.0004418003478602,0.0004271978994976,0.0021406883866018,0.0002997616660294,0.0001781658875514,0.0155135810657111,0.0002383417425476,0.0009048435132955,0.3185765169507887,0.0035099356820148,0.0154071574294426,0.0192772980619399,0.5913089561250898,0.0043802517270301,0.002671592149392,0.0035751464317465,0.0074981435299068,0.0017185816666504,0.0003687558694132,2.191117947236674e-05,0.0045122269989341,0.0001733595745503,0.0029651264440282,0.0001485175387468,0.000137988230082,7.774880880349898e-05,0.0006585496274692,10394,3,Cancer cell
282,0.006564839202163,0.000701870015937,2.772911403488492e-05,0.0072506779465261,0.0002463176147403,0.002465537855016,0.0009952418604964,0.0013494908426759,0.00171335498819,0.0014920017597007,0.0342093498093252,0.0005439876705574,0.0024746673467335,0.0021598553943959,0.0018052005740724,0.0135264357077006,0.0020542007262441,0.0004354156605428,0.0150284761288395,0.0039803511820245,0.0050450627850679,0.2055215410392525,0.0141986954559861,0.0414812617429939,0.0761834625103661,0.4362665465596925,0.0108106495913299,0.0154269495526965,0.0172411561267886,0.027696190059936,0.0136836163564118,0.0056630316664436,0.0005927763729647,0.01984470116749,0.0007792332176852,0.0162100394330106,0.0019358853616265,0.0023007903025075,0.0011759773435945,0.0060989685862575,11333,3,Cancer cell
283,0.0008360629854095,0.0001029616778387,0.0,0.0075226042235485,4.156376958800239e-05,0.0003703046860453,0.0002163589454058,2.951690294873087e-05,0.0001248472993407,0.0002844671982973,0.0059271106419146,5.146252831163319e-05,0.0003087327597928,0.0001146960941826,0.0002996877883223,0.0088284523566292,0.0003885705882962,8.109944901034342e-07,0.2331638523806384,0.0013527880961296,0.0016429728237389,0.2822486424187483,0.0076340906498831,0.0227807541366274,0.0443582111843969,0.3871894425343621,0.0067466281772837,0.0026443764492686,0.00321476678458,0.0103115105487792,0.0047494092187247,0.0012863233744991,9.051717931013755e-05,0.0060312290043583,3.322811998400532e-05,0.0061328455203419,0.000548519604212,0.0004501362532669,0.0001901399072925,0.0017766107766438,6738,11,Memory CD8 T cell
284,0.0021400852752379,0.0001311671506985,2.4489322967271303e-05,0.0100431103330293,0.0001162293908207,0.0003354324566364,0.0008989187379311,0.0005071465435175,0.000934857884303,0.0024310346714176,0.0189917218032981,0.0002062253296388,0.0002743694130495,0.00205852104043,0.0007337909450859,0.0295260092539219,0.0052664058955742,7.043678293121192e-05,0.4156042334058474,0.0053658100719946,0.0058652855797645,0.2988044057161427,0.0166727350025252,0.0566173752155665,0.0518484677131143,0.0542606394401342,0.0134847383013349,0.006965769008646,0.0045852888162892,0.0214346552431269,0.0160243333831013,0.0044369234157085,0.0005257446882175,0.025124364365457,0.0002017597425644,0.0106338479880982,0.0013371618766152,0.0008045514560275,0.0005571175794549,0.0039370489141418,11533,11,Memory CD8 T cell
285,0.0031570582684965,0.0002046445956407,7.002652213738142e-05,0.0116507237052073,0.0003134988578409,0.0008059989273343,0.00211963095217,0.0009530776177802,0.0015147527731373,0.0082892552718081,0.0138981173921538,0.0006856300586011,0.0004665815659509,0.0015523251293738,0.0006615624074006,0.0345900401384837,0.0043005611780138,0.0002423633303662,0.5898323171363831,0.0126428130212099,0.0116523611716288,0.1172955423936941,0.0206159592165695,0.0543193266864219,0.0562948785396897,0.0228559538790621,0.0108562374482185,0.0068168872569695,0.0050311254333284,0.0248061563616639,0.0266443007684191,0.0090506226742915,0.0012165912172163,0.0326393091605487,0.0008857294147665,0.0166319683711467,0.0061830155187022,0.0017189591828246,0.0020907169189038,0.0076569121473633,13854,11,Memory CD8 T cell
286,0.0014599296601108,0.0002115128703394,1.890159649004936e-05,0.0089585058358716,0.0005397521595975,0.0010542412641702,0.0029114950792151,0.0007455442353106,0.0012834158943902,0.0028482576847638,0.0111751669161634,0.0004105749235088,9.514034876323384e-05,0.0026895229772083,0.0005314995292942,0.0159026130780956,0.0023503400951569,0.0002839045784552,0.3357403836295752,0.016345524677918,0.0114829115218091,0.1175630639394196,0.0088958631916992,0.3375360631284116,0.0379692965777917,0.014724093160329,0.0147446358969356,0.0125743662933279,0.0029084970056372,0.0161949717328533,0.0386738815929104,0.0073005650903034,0.0009677313905679,0.0176580605832919,0.0006444431476952,0.0115208187076232,0.001829721133835,0.0003796420210515,0.0014593915759633,0.0121675710148401,11637,11,Memory CD8 T cell
287,0.0004892502971619,6.585680997316493e-05,9.747960888443092e-06,0.0032604386978948,6.462456852448935e-05,0.0003132225844574,0.000525536195693,5.765228008217234e-05,9.014040281527754e-05,0.0061711589292899,0.0030276287092713,7.141769143735012e-05,2.9826849824323165e-05,8.98529031605058e-05,5.367686527106817e-06,0.0125676384870302,0.0003005398500394,9.881422924901186e-06,0.3264111725639284,0.0042733040289753,0.0006407748043657,0.0515859444020909,0.0084409629082256,0.0650914533957573,0.0161421449527744,0.0126374349177319,0.4216373259602369,0.0020899071932145,0.0016203187342204,0.020078321022269,0.0282988967998435,0.0024438787968724,0.0004097038595216,0.0434187522353629,7.890591811867789e-05,0.0126999501955873,0.0068311505237954,0.0015882231564376,0.0023133266901963,0.0155247097659118,4600,2,Fibroblast
288,0.0001492537313432,0.0003414732498921,0.0,0.000952217564757,2.8613082453826385e-05,0.0022954451194043,7.335416445761585e-05,7.960199004975125e-05,0.0002538157752937,0.0049666069887751,0.2543655418308284,0.000714374932439,0.0012058131378518,0.0007876465486218,0.000246490225631,0.0209768178810816,0.0010254290450621,0.0,0.0149124525347643,0.0074836889876144,0.0018333383635993,0.0536456531885653,0.0119812164989989,0.0567095455301246,0.0181541877538052,0.0108515560194232,0.3819380390799187,0.0027592716584951,0.0014520206199863,0.0070221830012825,0.0194471605553058,0.0082074762484686,0.0004711024651846,0.0115286037199202,0.0001674804425484,0.0364931327356518,0.0126463265570603,0.0110365951269347,0.001851998241555,0.0486842026333645,536,2,Fibroblast
289,0.0,0.0,0.0,0.0,0.0,0.0,0.0,0.0001055783970356,0.0,0.0023557552271337,0.4195338670454208,4.332004851845434e-05,0.0003210322081035,0.000824533608178,0.0002235624792855,0.0050625989361148,0.0001915537316807,0.0,0.0043038965725222,0.0001441144049678,0.0004433934377771,0.1235088284263358,0.0049341537583587,0.032173654973813,0.0123935979916001,0.0066164731866254,0.3352156509132065,0.000160313648939,0.000775503468619,0.0031330807777885,0.0053893662245587,0.0005916471675398,0.0,0.0035390950888237,0.0,0.0116407351802351,0.00374555203215,0.0052815342037006,0.0005240227063441,0.0195674530391409,199,2,Fibroblast
290,0.0005472445030137,0.0001715935247578,0.0,0.0002359953859308,6.497247688769745e-05,0.0016411302096594,0.0005306542487188,0.0009976953502231,0.0005368409966977,0.0074314504853179,0.3541206012149869,0.0005985444805673,0.002797785716327,0.0015337535265852,0.0010276832353541,0.0193722475067334,0.0033652220196154,0.0002823567700167,0.0071804248161382,0.0062291338945523,0.0015204140607274,0.0654451847101286,0.0213664432325467,0.0663757250589521,0.040806755096177,0.0300841326521285,0.1731496545368351,0.0059308843509266,0.0055027258317406,0.0104371074725824,0.0312791729359471,0.0091206795965031,9.923011816233542e-05,0.018086179842262,0.0003068077047668,0.0436645429553055,0.0128045603549963,0.0169812213730472,0.0037885055593853,0.0433247388604609,637,2,Fibroblast
291,0.0021496613860831,0.0001719881877475,2.231724164369908e-05,0.0012595013529942,0.000453603310865,0.001896705208411,0.0010908071216507,0.0012921206230883,0.0025127536361915,0.0068406289427441,0.3206281008913638,0.0014390699019158,0.0007966162082871,0.0169049741389169,0.0014151725262617,0.0128176917788335,0.0056502855772803,0.0003359040448662,0.0079161194321769,0.0170469551287748,0.0056312220574765,0.0788188601346606,0.0162420805132097,0.3119459623500866,0.0200595899348563,0.011195624285179,0.0062269420853129,0.0109555044615988,0.0052418173870151,0.0138317721172026,0.0345766852718172,0.0182255429132178,0.0009256857443593,0.0099293774815664,0.000451952397281,0.0301011259710094,0.0022315805513456,0.0027738375981911,0.0021459305173307,0.0274082092596248,9017,9,Endothelial cell
292,0.0043971245332076,0.0003212636574209,4.985795562379308e-05,0.0051582752204407,0.0029704853849197,0.01198563084924,0.0010431942872751,0.0036788954682461,0.0023561420608332,0.0016994103618955,0.0295258855559015,0.0032051533651804,0.0013109906217824,0.0043824799597088,0.0019035128863224,0.0154965148831985,0.0027774798319832,0.0016951596153974,0.0101017781517321,0.2262063245948244,0.3581310057718151,0.0065932575918341,0.0340319511438082,0.0225134646894506,0.0024387169630988,0.0037820690085442,0.0012060489890576,0.0018434818794702,0.0040605448416282,0.001491675251233,0.0354239990010211,0.0959829706444681,0.0286594741499813,0.0081880138210358,0.0004448007876857,0.0313159356282735,0.0047013264967097,0.007586695517699,0.0028907074482783,0.0247109352117789,8459,10,Neutrophil
293,0.0083297324409628,0.0003245843182184,7.095066800053923e-06,0.0099509884496843,0.0015995418237272,0.0058476360347382,0.0005988051237816,0.002184347798991,0.0017141522373554,0.0016213309814119,0.0316807819586908,0.0010748434226007,0.0012297805846034,0.0051228403751762,0.002141945641429,0.0136902232990077,0.0012752474494924,0.0025827081974019,0.0234943303957841,0.0343535445580961,0.5312203962050954,0.0394289437491207,0.0246730864309097,0.0737611498781361,0.0112612904561016,0.0181888924908577,0.0029062621039102,0.0027410630353522,0.0043640748896516,0.0033557165780032,0.029437640140361,0.0436261721111077,0.0073488714297959,0.0282835882970668,0.0004332177236784,0.0117954325026368,0.0055958909657007,0.0073657214294077,0.0020873996601905,0.0118955949065879,12813,10,Neutrophil
294,0.013655432829477,0.0019357889619773,0.000369438398062,0.0759859115958946,0.0049430521636095,0.0125325593379492,0.008070878858755,0.005326802700354,0.0120529253027345,0.0032661596095886,0.016497989655509,0.0063222670818517,0.0049190981250967,0.0119714844304686,0.0051297934729544,0.0152482625480303,0.0054020815096019,0.0086721110327692,0.031507125180125,0.0321444407161286,0.2429495124814306,0.0586056270167511,0.0144049449474783,0.149367114785514,0.027566363206474,0.0287515544148771,0.0063384611711754,0.0316336185311294,0.0144257564326534,0.0101828629374279,0.0425568339573381,0.0309697702725142,0.0053934874850275,0.0221501202510308,0.0018020577808672,0.023466519019412,0.0022723492283064,0.0036617399953332,0.0040481980920075,0.0160461164230279,1916,10,Neutrophil
295,0.0088691717396077,0.0005115433014249,0.0006720181123752,0.0571149035922578,0.0040915853674844,0.0191944094110838,0.0214584436143266,0.0003528883578083,0.0133698969263921,0.0008381143805484,0.0072265722777019,0.0018831636397079,0.0005588808348889,0.019862026653423,0.0021047977181923,0.0234997379182665,0.0022231663931134,0.0009600946263983,0.0052014268377566,0.0083322121053479,0.000560026537089,0.048696466053951,0.0032631645257937,0.0516584145754196,0.0239446685048625,0.0295110995353093,0.0105756537682557,0.513126211680662,0.0108466324555729,0.0076242035924357,0.046428589697173,0.0244129662076059,0.0015287917263718,0.0228816042410459,0.0012750978438095,0.013325398669309,0.0001152905658995,0.0002450585622903,0.0009374346466542,0.0091851316033983,11981,19,Monocyte
296,0.0061575140583946,0.0005623325844692,0.0027216762233558,0.1386477752487337,0.0071731833165544,0.0303182895528434,0.0352132687024786,0.0011738752701952,0.0217021104350187,0.0022367627540266,0.0106028468765833,0.0056338307727276,0.0011603573692207,0.0187265161023006,0.002487568633658,0.0132354639416487,0.0038894841997822,0.000588496659605,0.0126634545643769,0.0892903881483747,0.0041428322005552,0.0195109316560193,0.0067730892852967,0.0526358800704914,0.0178595420578809,0.0134228513681062,0.0031782938222472,0.2001840387488846,0.0120382629515932,0.0054491146675595,0.1577778464957102,0.0672420693079249,0.0111910583681673,0.0151767819793039,0.0021216859491932,0.0192590942186931,0.0005035368088338,0.0015285657587662,0.0016905330110138,0.0160540781345068,1868,19,Monocyte
297,0.0002458657836117,2.0010403362538747e-05,3.2171442206175094e-05,0.0003167155129526,0.0004883772895747,0.0030402258843473,0.0009082504586507,0.0003721806086904,0.0007266348972995,0.000274703929944,0.0071323567697598,0.0004559415527209,2.682729852914336e-05,0.0005119410331682,3.5285764382795766e-05,0.0020776031806085,0.0003235716892393,3.018422143547772e-05,0.0009108627615869,0.5491601220208895,0.0023318471123072,0.0008972322407228,0.0104651379657619,0.014604828238204,0.0005993059005137,0.0004990084916949,0.0013820061151891,0.0018982616684573,0.0007832299825199,0.0004827905168244,0.3199522998212799,0.0333995867833691,0.0167714804295807,0.0081161340224341,2.97166346637098e-05,0.0085790414065523,0.0002867506787577,0.0004598357784565,0.000333903842448,0.0123621885956936,13761,8,Macrophage
298,0.0004973893852509,6.911675195915226e-05,2.186379919464109e-05,0.0005055994912715,0.0016239414251504,0.004867500204753,0.0012318939005635,0.0004644668394868,0.0010275056605682,0.0006990542508661,0.0128799730778888,0.000626842952096,9.85215189351992e-05,0.0013562135829505,7.24698766459538e-05,0.0062005346010874,0.0005297909146775,3.126398385836002e-05,0.0018298746923829,0.3726009997523507,0.0021961063502942,0.000912215266343,0.0130839074202638,0.0130043249816055,0.0006434846365965,0.0005290816828362,0.0014026036700744,0.0027029298755218,0.002048558869063,0.0008461166260558,0.2977661900753188,0.1974859023984821,0.0273686520715493,0.0112908003014964,4.357676804340488e-05,0.0090938005078029,0.000520735277692,0.0006776653619938,0.0003882058485374,0.0130423777807498,11003,8,Macrophage
299,0.0020085921811109,0.0004157178789924,9.63106032521012e-05,0.0021309357942708,0.0075537826387625,0.017833354773603,0.0043100847273054,0.002459392940267,0.0036492167463797,0.003605857718968,0.0187914896776477,0.0036639490075617,0.0010990248500624,0.004256872187808,0.0004824476239356,0.0121911992544905,0.0024126871941184,0.0006595046575173,0.004923962107626,0.1314347742023598,0.0045179439568101,0.0052340182945885,0.0130602497416088,0.0324036806292909,0.0037702091452247,0.0034374100061049,0.0037405547701337,0.009521477603133,0.0080487175914858,0.0040747531571434,0.2937160027309711,0.2448177482882957,0.085714515725481,0.0141029006193022,0.0004255345351277,0.0216468189550646,0.0027257384056314,0.0030885040312368,0.0025051043476111,0.0275129721454255,12456,6,Antigen presenting cell
300,0.0018744772926851,0.0004973654673755,7.206507283065158e-05,0.0026057810006175,0.0046841081152389,0.0145268512755243,0.0038451639464855,0.001740287045478,0.0035527469210725,0.0042198989552865,0.0281431000888557,0.0031888802928084,0.0009278396893206,0.0056591851823907,0.0005859857407289,0.0251991518033534,0.0028692720431649,0.0007596105898518,0.0045981984872689,0.0454787813606411,0.0055799033685243,0.0076883963574491,0.0275840834471632,0.035038937206458,0.0052834295772376,0.0053190977556089,0.0026766982122795,0.0209191207389,0.0107253036537115,0.0052761836323154,0.2498353675222579,0.3898797795559104,0.0235723456108457,0.019269838322586,0.0004695289332298,0.019495428861122,0.0017093664497892,0.0018492946217729,0.0013042467738127,0.0198947963105794,15949,6,Antigen presenting cell
301,0.0011216931172506,0.000119552486397,0.0,0.0014803485507322,1.6727259353786617e-05,0.0002451259174314,0.0001327041910585,0.0002776231363669,0.0004310399219503,0.0003982282165801,0.0058592685803958,5.36141420693017e-05,0.0002933861111648,0.0007443632490325,0.0005182612950523,0.0024525334133259,0.0005077429029509,6.581783562978506e-05,0.0135448480029594,0.0001209579744335,0.0005920088388941,0.4491178200611679,0.0036735317555769,0.0104755663751833,0.0207469472181167,0.4665235003625482,0.0047597460559953,0.0025025051410386,0.003502086663108,0.0077831401820982,0.0012909342418485,0.0003019149512118,8.6199536298848e-06,0.0037139342016145,0.0001309880171773,0.0020121944264214,6.759281448271443e-05,9.83303948038518e-05,6.247229238401551e-05,0.0005338714589961,9239,3,Cancer cell
302,0.0053013531603505,0.0005468626853627,6.58043114286565e-06,0.0063554803217026,0.0002445300472581,0.0015499183728638,0.000847374293619,0.0009775698562143,0.0017299933844288,0.0013670007007616,0.0250943029675457,0.0005179341377577,0.0015106999085696,0.002716847024201,0.0015125844435226,0.0104760886483939,0.0025837914505076,0.0003823656445501,0.0210261398128157,0.0042711927348529,0.0041563009905543,0.3467191195167928,0.0121293519020784,0.0583993690151607,0.0847694521375704,0.3060013221642666,0.0137640349625959,0.0126619560167626,0.0124757449340503,0.0139617377104821,0.0132834043679293,0.0043381947611686,0.0004116465279682,0.0193052354128369,0.0006871795491933,0.0119061755586429,0.0011820733527813,0.0013787305415247,0.001040544025969,0.0050512972865679,13000,3,Cancer cell
303,0.0015202253513324,0.0001114279341707,4.422508800792513e-06,0.0068682087647132,9.300146772965354e-05,0.0002220856129508,0.0003223381123313,0.0002300153659806,0.0003618819317342,0.0006099935336693,0.0116870445344405,0.0001300819467815,0.0002447069448624,0.0007648868927958,0.0004321560139356,0.0121131000057006,0.0012162754251384,8.299822143796869e-05,0.2219603228625552,0.0017162476063216,0.0028662868466562,0.4427839824321982,0.010668339690232,0.0291655708628966,0.0431459621396062,0.2034460560502372,0.0070311930649818,0.0041609821259739,0.0052986769015363,0.012401033360847,0.0056620382199809,0.0017714064367076,0.0001210971017531,0.0096157903934517,0.000154040353788,0.0067081538282916,0.0005923000416355,0.0004704982349838,0.0003819728091715,0.0018542353814594,6281,11,Memory CD8 T cell
304,0.0008217534100653,6.514317750216842e-05,0.0,0.0039103249942414,1.869600000903219e-05,8.06455868861593e-05,0.0002175622275239,0.0002571569782228,0.0004960704616204,0.0007503330571508,0.0092370722625274,6.115170485505419e-05,7.756026680947353e-05,0.0019501099106854,0.0004366798473493,0.0242850645817172,0.0037982908875096,2.2167283362314983e-05,0.4168584938439105,0.0014443477517404,0.0020082769545365,0.5004089551483727,0.0131174599183315,0.0279521459756894,0.019068607690197,0.0211689862202583,0.0035016878400782,0.0034002282079186,0.0017426426916097,0.0072630138061074,0.0048461034895413,0.001302688844804,0.0001211134048334,0.0090869113306834,5.032600310499356e-05,0.0020652481122555,0.0004006330690559,0.0001819332834404,0.0001314501533637,0.0014855333552353,8863,11,Memory CD8 T cell
305,0.001652004691129,0.0001545841765023,8.347773694284705e-06,0.0102644461186695,7.437973882640944e-05,0.0003906169844849,0.0013073664453392,0.0001824292748931,0.0005378049914586,0.0035421274323878,0.0258910837428059,0.0004041352033998,0.0003858964878209,0.0008580478475521,0.0004396769298465,0.0238697559719565,0.0071488368878682,9.310879619923308e-05,0.243236525770885,0.0031172810835153,0.0038407434070933,0.2965458488506971,0.0095854952102715,0.0500702766424464,0.2193507731374869,0.0536148538078329,0.0075178325634117,0.0056811774771074,0.0045384061878485,0.0200027129960814,0.0179597259494056,0.002684056926836,0.0003212307159105,0.0187280014820916,0.0001683860682535,0.0179812654530439,0.0012365380540135,0.0011957654775385,0.0004878547085863,0.0020702406674046,8376,11,Memory CD8 T cell
306,0.0026099631119656,0.0004913569487503,3.215058185280531e-05,0.0112163984461611,0.0006009215646121,0.0014317986114121,0.0023359177330767,0.0014202188360385,0.0022011528210561,0.0038727796457136,0.0297404025118027,0.0006876884012515,0.0006132675826769,0.0060937377786231,0.0016276152961111,0.0301239159402593,0.0055728718822029,0.0002952181773924,0.237784960101298,0.0202055743791444,0.0103618695314925,0.2722006637075547,0.0285769339926451,0.1365791504181587,0.0321259031127636,0.0335898197316116,0.0106044603951463,0.0159315449546544,0.0067180759359493,0.0209643921213966,0.0434466449142755,0.0184272026134887,0.0029735722376608,0.029614319328532,0.0003549453242143,0.0152340363283197,0.0033764394064383,0.0016225249468774,0.0016720724609907,0.0138526910411677,11462,11,Memory CD8 T cell
307,0.0024260115927621,0.0015613707949983,8.60883027511592e-05,0.0079795120584966,0.000350432150487,0.0021173455712328,0.0019677417105049,0.0006803821345717,0.0008725921416221,0.0064759844655181,0.0175729056715973,0.0010935097152874,0.0026453417715601,0.0016127728785604,0.0006767760406091,0.0200222584197686,0.0024942531199506,0.0001846758213235,0.1099606191147907,0.0091024036914653,0.0021631612597019,0.1214357942847234,0.0195738929707778,0.0646504977566351,0.0770243226442841,0.055041085055314,0.2385287596757025,0.0117299738533107,0.007232812062773,0.0277781859564546,0.0346740583665163,0.0084449931755233,0.0011700013174482,0.0573620253745566,0.0011947905346743,0.0414783314453366,0.0162453844160372,0.0167531284825959,0.0117902167652624,0.0305566876060193,4219,2,Fibroblast
308,0.0011911937749713,0.000605138155413,5.231621931399359e-06,0.0024131718697681,0.0008969625860782,0.0021660431555196,0.0006262292243112,0.0001342473935076,0.000277581356626,0.0028680109674855,0.0065091614558143,0.0006336526758039,0.0017964645498906,0.0003839339422811,0.0001459658252166,0.0077655530261456,0.0011263471746831,7.064974982134314e-05,0.0149777422305704,0.0049336877914589,0.0007283149047868,0.030870679511731,0.0113721640190174,0.030126530770688,0.0344239082881275,0.0394283023593954,0.5852190945634232,0.0053820468923013,0.0061051254983578,0.0118152420609927,0.0236075305034596,0.0024872380698863,0.0006745774390833,0.0267736106056007,0.0003045513313671,0.0635533767641282,0.0106702867315792,0.0183239807358467,0.0112773619507716,0.0484711115056568,12546,2,Fibroblast
309,0.0004302258670003,0.0001643764086921,0.0,0.0008549963188756,0.0002126273006726,0.0005506151847727,0.0001674609543667,1.5124426697197284e-05,6.34661636377207e-05,0.0009660625091449,0.0017051915794689,9.507262904989572e-05,0.0003677471141692,9.735303672460264e-05,4.787087454823852e-05,0.002709369409348,0.0003391293655441,1.3368948730443834e-05,0.0092451871692661,0.0008431628429887,0.0001571750772897,0.0161832381087244,0.0026305447432657,0.0281243008924808,0.0108779779800394,0.0094357314625023,0.856385504731561,0.001841592669511,0.0014203895993108,0.0052377900406848,0.0146879221231795,0.0003740093536526,0.0001061166716485,0.0101740442856937,0.000137881404647,0.0123076659408965,0.0017235710670272,0.0018889428598791,0.0018830675682574,0.0101114340943248,18354,2,Fibroblast
310,0.0003058393782891,0.0001151598529169,9.777452543657195e-06,0.0008454620977669,0.0002331844754924,0.006216239735989,0.0005341328642548,0.0001364614766621,9.362642697648457e-05,0.0028120941710879,0.0086410186662211,0.0001797104858446,0.000343695833248,0.0001367093645405,5.010879334520247e-05,0.0181199110908998,0.0004984898895495,1.5888240435888736e-05,0.0124138967457498,0.0230646017788055,0.0013113865600721,0.0091098529034126,0.015599970813024,0.065373279674651,0.0123547082276091,0.0071680548656623,0.3863209422772087,0.0086002536133255,0.0025424260970047,0.0108237902712373,0.2663657420200076,0.0135744431297138,0.0032830036216268,0.067686439946475,7.777898748390222e-05,0.0190635454830324,0.0032330487456389,0.0033845018536065,0.0028651702943254,0.0348193103705251,8071,2,Fibroblast
311,0.0014696207371847,0.0013007452224863,5.17100232561065e-05,0.0045112820069408,0.0018372741014507,0.0072576639118805,0.0027963587667549,0.0006813193357705,0.0013810648223713,0.0045305209908435,0.0166886591886562,0.0020801849552794,0.0021362954571242,0.0030330862925938,0.0007922866188734,0.0198403393617061,0.0030674238243004,0.0001766908544226,0.0138040711066189,0.0253604407329473,0.0033567667683947,0.0257015804202923,0.020455290418354,0.1747028166315057,0.0182690039196886,0.0206319738087553,0.2599112394828344,0.0172505836104087,0.0085715158954403,0.0118000506710017,0.065738448871332,0.0206187360368173,0.0039412801248444,0.0248360492126398,0.000554042973221,0.0425385902357465,0.0151580696150226,0.0132127026804534,0.0191496858028167,0.1334841609190247,8051,2,Fibroblast
312,0.0015498734640184,0.0005585963644663,5.227750137109935e-05,0.0032140578568235,0.0043746249645187,0.0044384973359182,0.0078696761751422,0.0024060379953272,0.0049112792560242,0.006242404557476,0.027947950926304,0.0032231696491904,0.0008104176444883,0.0240517123378264,0.0027174001064524,0.0155737319412015,0.0035539682998505,0.0003312081288057,0.0115973384787232,0.0715431065090073,0.0038127295675651,0.0323469698118444,0.0194814984675564,0.275414508687038,0.0054376437398477,0.0061858033007782,0.0193331949233113,0.0126307051605443,0.00740983370835,0.0052558280846616,0.0406221551659622,0.0347573295830361,0.0065520840319752,0.0066170724338928,0.0003829034038382,0.0254133295180098,0.0131268697494189,0.0115531475004809,0.0205108561080373,0.2684965611280315,12435,2,Fibroblast
313,0.0048001626179352,0.0009201630381527,9.238997473127907e-05,0.0032495666522889,0.0057178260207304,0.0056270181502643,0.0083357272950657,0.0051167419162378,0.0080051374983584,0.0029316110263769,0.0196662208835509,0.0033966119444501,0.0004035704602808,0.0174671565403069,0.0014547840983928,0.0127574177900383,0.0060003399265863,0.0007634572449943,0.0140755855564905,0.2945153963911189,0.0128866393423795,0.029995717512156,0.0318409355234971,0.2677636797689752,0.0070553277931695,0.0052041268783081,0.0061241994778599,0.0105618367693805,0.0040364601800288,0.0055472975085363,0.0605887334268398,0.0502119892500645,0.0144960845517653,0.0077826088904237,0.0005256924106164,0.0192969213826384,0.0024617796035058,0.0016474044499733,0.0043020044763398,0.0529138360436279,10745,8,Macrophage
314,0.0071036125488948,0.0037106050549375,0.0002773671721498,0.0049808178511196,0.0092671351567373,0.0045274804095522,0.0162879392784444,0.0084827788415611,0.5947368096526375,0.0027203214378356,0.0121301356232498,0.0075482419855956,0.0016027909254949,0.0435465167170445,0.009260237779874,0.0260332609166893,0.0071789600799833,0.0046873980073683,0.0024294922000155,0.0472941926894403,0.0028786900015701,0.0083525834393129,0.0249411882011568,0.0237318655146446,0.0005428424728832,0.0021451542962149,0.0003678512843791,0.0183448397877221,0.0085802584394575,0.0016616916265327,0.0093935613412452,0.0517290508942073,0.0042088649881116,0.0054158248686558,0.0014284100117728,0.0172573863956523,0.0004888340961585,0.0010778699840086,0.0033702778860123,0.0077353152112233,7179,1,B cell
315,0.0050441970437572,0.0008144672525348,0.0011431777555907,0.5176797001768125,0.0062681989819006,0.0103780657466939,0.0197920954522088,0.0014800316622416,0.0064365724952204,0.0006329342772613,0.0036632167979032,0.0048583465148182,0.0037344170806214,0.0071169581595433,0.0042075029294325,0.0116742571158796,0.0018116604271567,0.0023504360873823,0.0274673591546647,0.0102124264444439,0.0092116018631493,0.0628599672262067,0.0049709003022064,0.065691243534455,0.0465589301035878,0.0299521966438895,0.0075457179484582,0.1020339943438528,0.0081674764475504,0.0036510940054709,0.0321539333858119,0.0132267341944813,0.002628015330471,0.0098297419435271,0.0008235592569688,0.0112824372230985,0.000555397096208,0.0035223578155018,0.0014501629120311,0.0060606744152101,9411,19,Monocyte
316,0.0061570224925136,0.0011093153327955,0.0003225815953593,0.0049132455697064,0.0046529500155282,0.0115561063288072,0.0067347580322237,0.0034127657048639,0.003463877256148,0.0046532362756872,0.0260605995848886,0.0046070082643545,0.0018701023883546,0.0047385993810612,0.0008850027569298,0.014181385672136,0.0062075397817325,0.0005865176978284,0.0240999999285361,0.2185495630138635,0.0114716377209947,0.0475818283270646,0.0115467121488067,0.0937739573913893,0.034128425095561,0.0306272013134555,0.0100051961601626,0.0166658832534464,0.0104464117504884,0.0128204533243512,0.1900438615814957,0.0537737476322182,0.0259970192286161,0.0409764822089583,0.0016292102187106,0.0340602533188593,0.0035983624911542,0.0035895531603179,0.0033791100144089,0.0273306492334854,6446,8,Macrophage
317,0.0013947911827641,0.0001486877700974,0.0002326016202551,0.0019669986344809,0.0019236331581814,0.0085984552962102,0.0043509165867261,0.0013139819736529,0.0018287610484844,0.0022877502544935,0.022477556298322,0.002347402580937,0.0007249646493076,0.0023923396555882,0.0002411401738138,0.0138183543326591,0.0014844548152169,0.0001443915140633,0.0060061838828719,0.2683486120169155,0.0070155987335247,0.0056205956938218,0.0108701365581265,0.0542156436192307,0.0040953130519221,0.0027921220188238,0.0071951708191651,0.007392491237934,0.003904465157364,0.0027564606316979,0.36570266351742,0.0514975791851958,0.0247779377560635,0.0216575137738595,0.0002009647790827,0.0329597627604882,0.0035266105690338,0.004613635391002,0.0031226238912769,0.0499268633455968,11963,8,Macrophage
318,0.0003667361258143,3.747337934972747e-05,3.922234167922786e-05,0.000613965540514,0.000532613684459,0.0036675466844434,0.0017870607439277,0.0005138857294615,0.0005750922596451,0.0005748176718624,0.0106124684943675,0.0005196285219303,9.541333012877832e-05,0.0004812968112315,4.322089299859449e-05,0.0035716643370947,0.0003460435612162,3.203460826152484e-05,0.0018679358990423,0.3196300307481072,0.0024330229035586,0.0012825641824631,0.0131987078008235,0.0173104079632524,0.0009126765623312,0.0006078234808397,0.0018002088146405,0.0030457947441285,0.0012363096101089,0.0009302219924299,0.5150735202268159,0.0500663091281681,0.0149725600268566,0.0151763852057376,3.167908338666785e-05,0.0081128944712016,0.0003406696054493,0.0004557611717314,0.0002356080576737,0.0087702606552382,16115,6,Antigen presenting cell
319,0.0009137488130204,0.0001159203452205,0.000189359455299,0.0009544184803376,0.0063851193641374,0.0196170094088684,0.0030224656893349,0.0023863616756237,0.0006857124707139,0.0010052379266053,0.0057045325808686,0.0022321853349881,0.0012427915294026,0.0010691001411375,0.0001465815638462,0.0078018707340353,0.0011780200065743,0.0004193803961215,0.0015103636365774,0.0808917150363413,0.002331292316335,0.0016563564464061,0.0077792279923799,0.0151372379071533,0.0022987834694051,0.00191378002828,0.0017722902300322,0.0060935393473274,0.0065119550185053,0.001450187393082,0.3925418731897306,0.0826293331711763,0.3090257630791023,0.0174261666811035,0.0002218683114657,0.0085025627877749,0.0008662637611651,0.0006217187360309,0.0010625595276739,0.0075508509803857,8661,8,Macrophage
320,0.0005660681028344,4.2658924687829735e-05,3.749197437423552e-06,0.0004985574428108,0.001831962507763,0.0063401728588439,0.0012147546656836,0.0005198004749771,0.0011060098318102,0.0012113713758655,0.0130693495270305,0.0007370962622809,0.0001683046336906,0.0011341585632186,7.851880453973248e-05,0.0110898904451493,0.0007088792811434,0.0001963758412054,0.0008611169050059,0.0398881481271845,0.0014811674625512,0.0008907084123566,0.0094529584224845,0.0121363080231631,0.0008465117368197,0.0006310995137361,0.0008691302682743,0.0056852850755789,0.0028629643737848,0.0013592772163596,0.4701289258517812,0.3723654018149067,0.0146402643839412,0.013082721355164,9.72447048663288e-05,0.0071493144110963,0.0002238660551749,0.0003256839884956,0.0002328280364108,0.0068024452429084,13505,6,Antigen presenting cell
321,0.00128478193579,0.0001169287549959,0.0,0.0012359806419187,1.202265376886153e-05,0.0002293747984415,9.498661522945052e-05,0.0004400589369519,0.0007761529595133,0.0004216614898827,0.0078838282621897,3.4000638183524404e-05,0.0003299848502341,0.0014606302552973,0.000730427766752,0.0031063624281512,0.0007423335159831,0.0001450851202957,0.0104963008862092,0.0001960460398173,0.0007007193861971,0.5861825736408385,0.0048736875327517,0.0139557228652934,0.0192810372897654,0.3252705921964646,0.0044088221876574,0.002846531577289,0.0039930898808752,0.0060477928692163,0.0011487047422361,0.0003172811640945,1.2198910478826168e-05,0.0040358000548804,0.0001584336504519,0.001453668654016,0.0001068136091018,8.305142113157943e-05,5.143406724795881e-05,0.0005470227178157,10053,3,Cancer cell
322,0.0051114670306327,0.0006205580560944,4.47777194833146e-06,0.0067622035531595,0.0002404421921845,0.0013977558993331,0.0012149609644862,0.0019407906951811,0.0030410995174913,0.0019596391454164,0.0168121135419142,0.0006274161298216,0.0012934398072069,0.0048393354694182,0.0018944975921456,0.0104120840045678,0.0031321179916726,0.0005169311486743,0.0162656354781457,0.0033154965403909,0.0035163918589337,0.4640852026977476,0.0103577755867444,0.0607765066425296,0.0488082242732055,0.2083881565943027,0.0200504621328041,0.0193685915068037,0.0099960650913697,0.0465825283391883,0.0110034485243535,0.0049915916481192,0.0003812076240835,0.0158605168709814,0.0011456391452003,0.0093056318447275,0.0009659281953552,0.0010855401541978,0.0008913623629456,0.0043244320044763,9044,3,Cancer cell
323,0.0015602554485894,8.833127772680365e-05,6.810996217172701e-07,0.0047278412485669,9.284714399359176e-05,0.0002435541308233,0.0005302033839253,0.0005989071036441,0.0011327720832488,0.0013576528971712,0.0177318493745856,0.0001805563538592,0.0001788389987477,0.0048475808478225,0.0008798477257889,0.0315055829008502,0.0069375850558469,7.104063331836923e-05,0.207857669534498,0.0043265852639151,0.0032703732711364,0.5548184452927569,0.024341122413918,0.0460239539470479,0.0349188170483679,0.0240852967134036,0.0081576183783428,0.007060576849883,0.0043336219568681,0.0134184388054104,0.0118265221954854,0.0041840307742829,0.0005155610688247,0.0137032514499285,0.0001592599993633,0.0054916927010843,0.0010530920349662,0.000609641371154,0.0004737625582596,0.0039723125183582,12134,11,Memory CD8 T cell
324,0.0020159365524927,0.0001527570160561,9.137736180163477e-06,0.0039391352563427,4.297849470299618e-05,0.000185916519002,0.0008078905608866,0.0004734326217218,0.0011121913182664,0.0016622984525676,0.0282194459116001,0.000525094905531,0.0003724641469343,0.0030671437652094,0.0012079279242338,0.0097317779027433,0.0096593794317953,5.764222878672751e-05,0.0221084397297658,0.0015217217295883,0.0010156381157019,0.4753440087146794,0.0064237147566097,0.0340241137109183,0.2912252140857144,0.0501675573345573,0.0054480249266481,0.0066196620854291,0.005432601750455,0.0142897321907249,0.0059580984680594,0.0012594424910426,0.0001777238895871,0.0151258314741519,0.0001903824907087,0.009581145404704,0.0004770171415488,0.0006125976961029,0.0005270598175485,0.0015644667801971,13363,3,Cancer cell
325,0.0012436732033593,0.0001057701683453,5.574547729974483e-06,0.0062598791338642,0.0001432140137889,0.0006341825854212,0.0005378409242704,0.0006014913778971,0.0022818962003717,0.0008160647969488,0.0180779137602055,0.0002271557164736,0.0004965184910029,0.0101303368499227,0.0017987122920181,0.2575901302027086,0.0099381536140715,0.0002459728132286,0.0441522561537502,0.0036285683799983,0.0028882027300271,0.4421451175487583,0.0215920208787234,0.0370264961055149,0.0338224783886445,0.0285913161620909,0.0042893333823297,0.0202312464719352,0.0071781045324247,0.0100349396004717,0.0147840066084474,0.0097043566197761,0.000508364068836,0.0128460424827779,8.950575707672482e-05,0.0058055205783067,0.0005837807965408,0.000653393603524,0.0004279439339211,0.0040577315160963,6583,14,CD8 T cell
326,0.0214549117697194,0.0028412640551687,3.63129418774613e-05,0.0111067603110661,0.0012363705465167,0.0037771319260453,0.0052211296221592,0.0089926724385671,0.0142885699164363,0.0073879848533143,0.0417680575208303,0.0037649553842618,0.0057079231472493,0.0309407865657945,0.0114154691007253,0.0181727354639087,0.0157688627107708,0.0022157245180304,0.0200504471911122,0.009686064308127,0.0082873984819077,0.3190529339220813,0.0155887520745092,0.0419044010708108,0.0652809773102909,0.0535267863047409,0.0078811013506114,0.0317028315182819,0.0685287793071997,0.0982334803913978,0.0172520911382032,0.0174173804876294,0.0022703464888002,0.0284036575321878,0.0048727796189462,0.0213965711509736,0.0034282499173936,0.0029703701058046,0.0020941543609821,0.0083329830515334,6693,3,Cancer cell
327,0.0013245038211663,0.0004530453097583,4.703735236151028e-06,0.0048419048758171,0.0002460023018323,0.0010474791065045,0.0011380895668273,0.0008313433930338,0.0016743454823021,0.0017063147780506,0.025120294931381,0.0005995047591377,0.0010141573403916,0.0045648082686577,0.001073210461808,0.010258361983723,0.0010381031289053,0.0001431726606298,0.0332125999273006,0.0059287946215129,0.0022392884124719,0.3408067982281114,0.0129864106010972,0.1266611246396146,0.021501220511139,0.0428819511493725,0.2152051661056371,0.0129798289346807,0.0059941898067793,0.0164380658386832,0.0151230438563119,0.0042041735495838,0.0005748804654794,0.0130328781096023,0.0002866058445292,0.0196165580047605,0.0065367940851504,0.0066001954934513,0.0064735096326617,0.0490940077079174,5522,2,Fibroblast
328,0.0007120757679717,0.0002254017051595,0.0,0.0022097927210691,2.395596499755189e-05,0.0001701387399691,0.0004284531713283,0.0002222765764193,0.000551747901101,0.0004801759770679,0.0133366820635075,0.0001431284045953,0.0003282657169927,0.0013469991161376,0.0002905972895395,0.0038456776546682,0.0001510736982364,2.459609572397127e-05,0.0241090987356944,0.0005955966335762,0.0006441947655416,0.3670142938387246,0.0062547905430257,0.055797357128139,0.0135632459393264,0.0336874611599868,0.4347403552643291,0.0043423703673432,0.0021436379674877,0.0085468289060943,0.0024757350973645,0.0004725860527443,5.745035714317753e-05,0.0043502007166469,0.0001533101279538,0.0061428570749739,0.0015610929565964,0.0014442718662597,0.0015080081232223,0.0146600444620419,6354,2,Fibroblast
329,0.0017695967281439,0.0012914457079423,3.767405258012646e-05,0.0059710229448514,0.0010243379819962,0.0042762395755791,0.0022054230722548,0.0002844633072516,0.0010001009436003,0.0044444073079381,0.0098503687553408,0.001147068497977,0.002998435954813,0.0014486348096668,0.0004958243463645,0.0428178354975664,0.0029023383098123,0.0002023756577427,0.0162528774896609,0.0061250926441739,0.0016076072750154,0.0336353203521149,0.0196975558468028,0.0981913237176387,0.0856437352730191,0.0342388968368001,0.4137112874688815,0.0215053588764682,0.0087202004248093,0.0320220835482294,0.0233142032774471,0.0057022970071782,0.0011334177608483,0.0244077028669086,0.0007875801994647,0.0323508676119007,0.0110150581281444,0.0183014164377037,0.0149037132195403,0.0317483082388845,7912,2,Fibroblast
330,0.0006582692324605,0.0001820257802209,1.7842868562293022e-06,0.0024741812799182,0.0002728299654568,0.0012356430406847,0.0010314436858327,5.9055200038433175e-05,0.0002403786043162,0.0009537859282179,0.003754161058979,0.0001124952538875,0.0001099513375974,0.0009499476055503,6.954413444899802e-05,0.0036555916009902,0.0005895948827254,1.5462622386276772e-05,0.011028602749131,0.0021545625294717,0.0005125626837501,0.0330616038749542,0.0048133172755624,0.2379001320797118,0.0063308242536501,0.0103347155047249,0.5959502951815806,0.0075031831173219,0.0023767960448527,0.0103781598753252,0.0198198244771748,0.0014112100253025,0.0001811255564679,0.0076660063413068,0.0001101898601309,0.0093641464543983,0.0018197613769414,0.0008119557513207,0.0025284155877089,0.0248961183760264,8757,2,Fibroblast
331,0.0016351645731017,0.0003878780877577,1.3190478327477767e-05,0.0065203704639409,0.0011413863491629,0.0049375053610575,0.0048512550894816,0.0005518346848832,0.0015931051654407,0.0027322953023038,0.0095021038629887,0.0008617714036664,0.001077267471363,0.0046856737545632,0.0005849049682726,0.0137893281866162,0.0027283602246119,0.0001592072442596,0.0177216629649528,0.0119146767650402,0.0030912755539549,0.0210006227548925,0.0091381955271516,0.4181134916774854,0.018276209965869,0.0188936124244588,0.2125287872781999,0.0278805464118497,0.0070183523115783,0.0159822673095468,0.0406976061291895,0.0077970880409831,0.0015768243374151,0.0146557513448679,0.0005227250475485,0.032266982631781,0.0051221160222084,0.0033714713303973,0.0095118607288796,0.0595075267113597,4754,2,Fibroblast
332,0.0006203512852269,6.314500628644659e-05,1.8096155213308431e-06,0.0011343044939177,0.0016738395309682,0.0017707920271953,0.0049034899806144,0.0008659657375819,0.0022262796095063,0.0018250293923116,0.0113090488163667,0.001049794381886,0.0001373322956626,0.012178714761015,0.0007137108368271,0.0058317902321943,0.0012142327879428,0.0002238480984429,0.0043353742673123,0.0191116434782615,0.0014137644425464,0.0192856226583791,0.0064756180863518,0.5091533914312891,0.0020828376880459,0.0023901727720968,0.0169602102091067,0.0090459353433887,0.0033529113362291,0.0021380388431859,0.0259895074539175,0.0082495693612236,0.0009024076052151,0.0034368329421774,9.383788014141671e-05,0.0133768842810596,0.0037716297751149,0.0038423654119016,0.0093514741378634,0.2929707173552157,10775,2,Fibroblast
333,0.0023918257459975,0.000199719496022,0.0,0.0011499626788055,0.0025034048890404,0.0022306412345497,0.00364878267621,0.0019748215586655,0.0046840624269586,0.0006365466105542,0.0056999427444939,0.0007023653698044,4.115144826741843e-05,0.0081351212197117,0.0003416291071367,0.0037421945607072,0.0027342259063992,0.0003186868657614,0.0041800414603624,0.2626585224038191,0.0069196538805539,0.0173092045858012,0.0087610823238966,0.5330354692481196,0.0023605091588028,0.0014495046745603,0.0023020638937138,0.0098200046520658,0.0012933794579933,0.0024652703801773,0.0423923896885476,0.0265625522817829,0.0065419865002212,0.0028830874117476,0.0001171839503661,0.00581754907789,0.0003745962671047,0.0001193669103034,0.0010657609787567,0.0245955214510987,9728,8,Macrophage
334,0.0090408007620141,0.0014732324606403,0.000207639441196,0.0202946664488237,0.0081480781865064,0.0090390531329845,0.0239265183067584,0.0066657661605893,0.0196043607471516,0.0083634922577341,0.0223555439234682,0.0072503270047839,0.0023579980351278,0.0207279405013536,0.0060700992281673,0.0319690060683998,0.0119204112675983,0.0026905252625563,0.02331616437001,0.0384827752901233,0.0151781045812986,0.0317245898135568,0.0737580411252478,0.3587265506943413,0.0176463516931697,0.0120777711718397,0.0083105254839705,0.0347869009352596,0.0187067174922137,0.0177918678694725,0.0353291065871484,0.0379958935418907,0.0063782902905473,0.0096011514194675,0.0028810013635822,0.0174686182580923,0.0051431889261129,0.005159003242381,0.0124456192263617,0.0289747417312127,11174,14,CD8 T cell
335,0.007891216557787,0.0028770519138122,0.0199080029836743,0.0245549749302713,0.0248424185306089,0.0128486315605995,0.4938719933793554,0.0078279617520193,0.0269220074418852,0.0070847337176474,0.0039426972156744,0.0165795272269886,0.0020309474580956,0.0225251845337049,0.0043739467394703,0.0060890498680198,0.0070417211801998,0.0036982173307633,0.0054337859158298,0.0324070747042233,0.0016516097122653,0.0081910911685515,0.011649264550866,0.0696139022524462,0.0175198497950894,0.0035032385347291,0.0035937089912999,0.0511821272414963,0.0108463700962693,0.0087692910862686,0.0492555529327463,0.0353017121830296,0.0096607637164469,0.0060333984923733,0.0028144022728977,0.0103525621640244,0.0010803551463723,0.0008520798557717,0.0088711060406578,0.023776870608746,5197,1,B cell
336,0.0013067856948224,0.0001487589559696,0.0001626038289471,0.0036259608500165,0.000424213654445,0.0069187082876604,0.0028724362275202,0.000124947073684,0.0001854859591022,0.0050531572098323,0.0155983505432519,0.0009776949491418,0.0017837345364239,0.0003394126722176,0.0002190682395196,0.0182951192347141,0.0043834221424417,0.0001216488104582,0.0168347208334621,0.0157690259886631,0.002061064525625,0.0266700072014726,0.009185277819451,0.0776578949181006,0.274659246863409,0.0320870276161247,0.0078375321518465,0.0192930126813817,0.0064599947462772,0.0221519589902809,0.3349105247007404,0.0199515237885306,0.0044703038111545,0.0539816582646563,0.0005752322015532,0.0219973618207031,0.0012469406892386,0.0007305848371872,0.0003614381959011,0.0034419395606793,7361,3,Cancer cell
337,0.0010185736970539,0.0002134319394214,7.470388845247287e-05,0.0010631043253181,0.001026634358632,0.011863180393927,0.0017414785292703,0.0017587118472379,0.0007328061771228,0.0039782452651269,0.0422125955468818,0.0076422619136845,0.0076014616987023,0.0007675750896835,0.0008166950173977,0.0138072412339631,0.0023112877991634,0.0003640369120039,0.0033177035516727,0.0415932421134219,0.0052131408354207,0.0045706083919825,0.014703961160387,0.0284355173029155,0.0063572895393318,0.0050413712325338,0.0060972435076635,0.0072451872758831,0.0080220813041195,0.0047116219520284,0.429678698131455,0.0332934221223839,0.0067203203706386,0.0187141827538211,0.0004804236762027,0.240338752261022,0.0124004849849361,0.0098770826477291,0.0023893438029145,0.024254625641832,10515,17,NK/CD8
338,0.0002848386966163,6.541100623296559e-05,2.467001330541592e-05,0.0003556629616806,0.0004696091318196,0.0028479867154825,0.0009175672741681,0.0006587222486587,0.0003237281374822,0.0012717047889163,0.0139121131316365,0.0004839026009009,0.0002728599940509,0.0005169173923901,0.0001278001601751,0.0071242438369657,0.0003630093025894,8.438712613517467e-05,0.0016672912012972,0.0378169328846748,0.001522224572927,0.0023315304486355,0.0104031914485072,0.0425474239870627,0.000451816052036,0.0007767405562207,0.0079295623957556,0.0039096763500698,0.0017715590332251,0.0017895535179049,0.5542381225232261,0.0211852318180646,0.0029079028473096,0.011557248019975,8.540174098415245e-05,0.017881899223498,0.0047347968909237,0.0062181325275363,0.0042306437911907,0.2365664957581338,7186,2,Fibroblast
339,0.0009917149712635,0.0002242199291519,0.0001303619481941,0.0016497900808027,0.0032063878763913,0.0076745225147978,0.0036636190499295,0.002229892666866,0.0023469292199875,0.0036711447544361,0.0310292753705157,0.0030784866312199,0.0009392910599926,0.0025028513463419,0.0004877847698172,0.0182132411926648,0.0019427644859422,0.0006494900788854,0.00488659097056,0.0701233615358206,0.0034622188912071,0.0041849257365602,0.0180588627793142,0.0241423712602043,0.0028770741096475,0.0028189866278119,0.0027258544844387,0.0100783631251265,0.0071504844546497,0.0044860316165922,0.4990099282484192,0.1838592623394192,0.0208997043777264,0.0234590709105563,0.0004216277920134,0.0170717091041312,0.0019451079320967,0.0024518075208379,0.0015750453462435,0.0159214869757082,18628,6,Antigen presenting cell
340,0.0003140429235329,3.0762161705931226e-05,1.195527513290556e-05,0.000351334062325,0.0007600159178182,0.0051308427615225,0.0013166078790001,0.0004403151445539,0.0006748501804536,0.0007641974241256,0.0082209373957865,0.0005352390847532,7.720368291752708e-05,0.000730499175746,7.235361801795173e-05,0.0070396704428593,0.0004196799002767,7.818951828451166e-05,0.0009503407710458,0.0245587455664701,0.0009707825317381,0.0007459575192729,0.0066978707267153,0.0115191088605929,0.0004906859278971,0.000332549789876,0.0011100191305844,0.0049089653238068,0.0021112460583277,0.0015691206410826,0.7075942920755314,0.180636769914513,0.010870203849754,0.0110575627318611,5.859841619679883e-05,0.0039098487739362,0.0001463715725418,0.0001781647078824,0.0001098256440647,0.0046748880974468,13151,6,Antigen presenting cell
341,0.0011286865064746,8.829767611923609e-05,0.0,0.0008841463444049,1.5421779368356758e-05,0.0001976477608766,9.02629627685835e-05,0.0002819981464412,0.0005983132873506,0.0002701647039089,0.0061739043365194,2.905416472087329e-05,0.0001998127929557,0.0016709996656258,0.0008053961633274,0.003875995018764,0.0007681182803831,8.705909150788801e-05,0.0101167600752829,0.0002066010657531,0.0003527556663057,0.7333358675810949,0.003745835914603,0.0114380910229821,0.0128964375268049,0.1938061300150623,0.0041385676132495,0.0025286265079132,0.0028299002224714,0.0062923469071666,0.0008842384631298,0.0002466949900856,2.918801349785154e-06,0.0034937817535761,0.0001200151210159,0.0007107700877297,7.960978954041235e-05,4.710405151420996e-05,5.328049631223832e-05,0.0004961485869739,9720,14,CD8 T cell
342,0.0030503640000319,0.0002453751772875,7.522416802070169e-07,0.0036227181178618,0.000103710996254,0.0005810578921768,0.0004539877980346,0.0007462240323986,0.0013477256012501,0.0011183964618008,0.0231927224769499,0.0002180947690329,0.00046640976994,0.0033931465734412,0.0018112894883556,0.0103171535483664,0.0041072741908659,0.0001969330729707,0.0211325074547191,0.0014133585536288,0.0021506411168517,0.6060255585110231,0.0118862917846079,0.0427275278784369,0.0732157527052031,0.1320646930449668,0.0111208527797659,0.0066482064550383,0.0098870543541648,0.0156219174238578,0.0044105051465125,0.0014715944247972,0.0001519017588621,0.0084766160256214,0.000397508684832,0.0045744932861407,0.0005682436415362,0.0004968407593238,0.0005245415155208,0.002563222449498,9168,14,CD8 T cell
343,0.0004982345765899,1.2787001440632196e-05,0.0,0.0015572811832353,1.0741638308760846e-05,2.5767411475740395e-05,0.0001345422707559,0.0001723679823585,0.0003529763199037,0.0002378291879806,0.0057967017694345,2.449363244641001e-05,1.930692780965721e-05,0.0021267712529001,0.0003736080520697,0.0155710889796488,0.0018376532177672,7.986420756248749e-06,0.1970212251368024,0.0005750969609393,0.0008540830639058,0.7385654430450697,0.0098629773930135,0.0178442739930011,0.010118302658458,0.016106691832807,0.0026084968604935,0.0023346660303705,0.0014800126064958,0.0045367255686204,0.0021929195743473,0.0006807134137631,3.675335188901133e-05,0.0042410801399112,6.389381066893299e-06,0.0008296562080704,0.0001789821327825,0.0001099851588228,0.0001105039802504,0.0012437523353691,11194,11,Memory CD8 T cell
344,0.0025502752224706,0.0001285133221946,0.0,0.0015312995614767,8.392622208153153e-05,0.0002295536546237,0.0004311516196827,0.0004220788931223,0.0016047076089431,0.0003280824074021,0.0147773203955146,0.0002126532555527,0.0002161869340064,0.0064343877288786,0.0010106702382582,0.0078595945481394,0.0019034348657296,0.0001543886270625,0.0201961277073129,0.0039587409724155,0.0024257584901388,0.5566032424246808,0.0779336482710862,0.0400008872332877,0.0160100647841853,0.0187200232599883,0.0040079662028173,0.0069582503392409,0.0029797158337001,0.0064597454533377,0.030475296039479,0.0057653974176278,0.0005249297345256,0.1695885898506251,0.0001040888662995,0.0021686899639695,0.0002388720163661,0.0002209218742226,0.000188097602484,0.0023894431604082,8568,14,CD8 T cell
345,0.0015127102314394,0.0001383838410861,0.0,0.0007059887754655,0.0001179286188602,0.0005407400229904,0.0002075432629254,0.000933083390802,0.0013487568271289,0.0031928696996186,0.2836235007448163,0.0005768506144696,0.0010287048164016,0.0086920119634983,0.0018891983123388,0.0115289992747785,0.0037276370989849,0.0001434849670829,0.0243744758508875,0.0059177080336027,0.003885523449402,0.4283309448868983,0.0168401350470706,0.0576130343362733,0.0401723679037136,0.0208351611619964,0.0080626054009142,0.0027368073163971,0.0066472119836387,0.0085139619361523,0.0117548400851175,0.0068942976962626,0.0004899230247404,0.0129307821786831,7.241974917390996e-05,0.0188551366602939,0.0020595615273219,0.0017910009977442,0.0005587397612632,0.0116680376829348,12179,9,Endothelial cell
346,0.0013722462303191,0.0001394238537164,1.3126131401787203e-06,0.0036203966696311,0.0003043012219261,0.0017667334326618,0.0007617753076469,0.0004190276681087,0.0007874217588052,0.0016508071090708,0.0270800307605397,0.0003185763593286,0.0003891930137091,0.0034748622173793,0.0004973657405099,0.017036479343797,0.0030827602599631,9.395466671383056e-05,0.025769354703255,0.0243079784422735,0.003850233601774,0.3056928699277413,0.0231475020775737,0.0956883487791883,0.0220535959898082,0.0200843889194123,0.0053458448859812,0.0241618855742494,0.0030511019736864,0.0146422195738029,0.2663091194757861,0.0272799688712736,0.0048019809007691,0.0624386755279517,0.0001259122369332,0.0094735021887223,0.0009440461219671,0.0004263521189663,0.0003009192036219,0.0096580344237156,11002,6,Antigen presenting cell
347,0.0039626939234939,0.000670255988875,1.421462779148997e-05,0.0100590573952474,0.0019190102698084,0.0043827132695263,0.0034320723170651,0.0029214724897848,0.0038430085103797,0.0034814470873388,0.0334644915458279,0.001831476819448,0.0012547150650973,0.0190820955613861,0.0028479976917301,0.0158740296836259,0.0081794393673171,0.0008583549438067,0.0192403808201434,0.05232720106011,0.0088404542219172,0.3337387067625655,0.0261951452998955,0.1559798107742422,0.0352178120563298,0.0362280650135322,0.0077135894734775,0.0284985831179186,0.0064947360283521,0.0137835278147137,0.0453729708456765,0.0436065485987012,0.0063535335118846,0.0271677267986741,0.0008544549443649,0.0183860786063905,0.0026020591638347,0.0025468695892296,0.0030124730648284,0.0230124629077138,11572,14,CD8 T cell
348,0.0040350801263424,0.000455910768597,3.228153016658715e-05,0.0065190891981162,0.0015499226443932,0.0030861172127819,0.004266339110471,0.0020725046082237,0.0029050162174744,0.0028918272020784,0.0266202810794223,0.001173440382413,0.000725343590223,0.0141935379509823,0.0018912721261983,0.019478805845543,0.0055267569433912,0.0005556862570465,0.0270594362571554,0.0294637488630505,0.0085500851279105,0.2029478799996309,0.0182454835736835,0.31424070913852,0.0376770294168325,0.0268228643270746,0.0098877026355327,0.0243638939592068,0.0056040130133325,0.0206367280242216,0.0908067900560306,0.0245185464538918,0.0037217169564758,0.0302471143296168,0.0011906964019798,0.0156824197822298,0.0020566930045034,0.0013145327590545,0.002390047491252,0.0222665806387964,11368,14,CD8 T cell
349,0.001530322890457,0.0002774607422976,0.0,0.003493164767378,0.0002615398075233,0.0006976553933,0.0016114267181489,0.0003606531055113,0.0010863449831893,0.0012092895645606,0.0126776620925044,0.0002089603315994,0.0003478271181295,0.0046301170502161,0.0005841572149087,0.0061677642248281,0.0010396858393324,0.0001706822612971,0.0179602870068581,0.0033184751143236,0.0014020335376162,0.2139295093497345,0.0068649019743577,0.337287994854923,0.0156254060165492,0.0273987154205198,0.256263169567366,0.0130089358513079,0.0033269798307744,0.0160714419907373,0.0114692670612247,0.0024920446670565,0.0003529294318072,0.006296275442334,0.0005506676095589,0.0092513384370012,0.0019112088071577,0.001608604723914,0.0033918459639431,0.0253240243386012,4122,2,Fibroblast
350,0.000900357968435,0.0001462362278482,2.7099469835826483e-05,0.0022204704818228,0.0003009137693234,0.0009276313173473,0.0012626048508492,0.0001392960555315,0.0003970349539425,0.000615491166401,0.0033738582208623,0.0001026161866926,0.000224506879903,0.0018859283796689,0.0001178007034957,0.0029470081382812,0.0006492775292059,6.140413482819478e-05,0.0070991560683769,0.0018505268116173,0.000821622256951,0.029521002333783,0.0032164372431343,0.4754898918748214,0.0071731406335137,0.0092740034373609,0.3806609005251294,0.0104344281968662,0.002367281083556,0.0066948748340846,0.0192698527394817,0.0010570510083363,0.0001643794417414,0.0043914291177966,0.0002298791510477,0.0068478709607391,0.0009292137110402,0.0004394858856607,0.0021644401195109,0.0187970671885404,5204,2,Fibroblast
351,0.0009815021269972,0.0001222592709823,3.18930434893541e-06,0.0021893009650608,0.0004015555568345,0.0012558766085474,0.0023694444708135,0.0001676866195559,0.0006627902899817,0.0007347791087985,0.0039260283214954,0.0001744105357313,0.0001400352943514,0.0029725637246181,0.0002680919230459,0.0036232272283367,0.0013406613534347,0.0001097486568894,0.0068436284908164,0.0042121779191095,0.0011101847250726,0.0292083120580521,0.0030389314870433,0.6629776704060527,0.0088534904487458,0.0094912002613697,0.1764847387099146,0.0122091355716691,0.0023104342019016,0.0063316447494584,0.0146177808736556,0.0015137016633751,0.0002854221250292,0.0046322585353737,7.555439354634234e-05,0.0078919992304824,0.0011993550260138,0.0006140135892862,0.0034794271923669,0.0266622896830819,5406,2,Fibroblast
352,0.0066704918844011,0.0003566131212088,3.918350729564575e-05,0.007428127112862,0.0019320192713131,0.0066749752975279,0.0087324448656345,0.0030216445221477,0.0041630334255235,0.0030093396449021,0.0313100659661203,0.001891262261354,0.0012343716747749,0.0063686547262564,0.0014654841025107,0.003462869056546,0.0054648982000859,0.0011781626964913,0.004990517307136,0.0216274879383667,0.1029764070143733,0.020987557010424,0.0217314500535761,0.5817799425713317,0.0203588393192108,0.0314908337296425,0.0047247826899294,0.0106568033287708,0.0055936677286429,0.0080667392819745,0.0218177431074049,0.0042211390265505,0.0005584231362503,0.0090545000913775,0.0008199327986789,0.0098309552159657,0.0012927836545178,0.0015809587242313,0.0093125177056523,0.0217481007346385,7359,14,CD8 T cell
353,0.0039724394089905,0.0003648685590603,2.1817511253092865e-06,0.0034998202224224,0.0026425821235734,0.0068982619593381,0.0077054045659289,0.0029120632855358,0.0054992163972683,0.0049232240640045,0.0297510407900278,0.0044288042564914,0.0025512120771711,0.0662469541191297,0.0043791554584653,0.0106482228433381,0.0067863408513751,0.0009109771890068,0.0052177383774766,0.0176701876998307,0.0049885476350631,0.0219681097479623,0.0053935753869477,0.4711768618820601,0.0209057585273987,0.0118936104542535,0.0095669621244148,0.0181415073969327,0.0084961878621389,0.024403045038323,0.0288483325625773,0.0095348522284361,0.0009830206602131,0.0053340251575547,0.0013421111130854,0.1524178947563142,0.0035023108743681,0.0046855803529594,0.0056622348880199,0.0290853926768548,7252,14,CD8 T cell
354,0.0022116024127147,5.5768220910336667e-05,0.0,0.0015390267502523,0.0002606890893117,0.0020437250718655,0.0010995341113775,0.0002315168149391,0.0012141002290706,0.0008410371088351,0.0084171807872502,0.0002761627591987,0.0001123153831484,0.0049325292475031,0.0002784089400835,0.0048177050907412,0.0007382172944036,0.0001207269218611,0.0148852333067119,0.0083547597389498,0.0039606573777138,0.0567204623140409,0.0069919204198064,0.3481756003847836,0.0169032677468487,0.0168045173027536,0.0109010719005846,0.0188182071668172,0.0024601627801788,0.0091156491621248,0.0862838612114451,0.008877103677573,0.0006247202048222,0.3518680300365757,0.0002990824650752,0.0047037187889262,0.0005949965504697,0.0002473691946771,0.0007283840656642,0.0102470404365784,9567,6,Antigen presenting cell
355,0.0026910729434492,0.0004282747954489,0.0002626260061189,0.0079345178829614,0.0022862889940098,0.011854680377359,0.0055570312305137,0.0009814320533753,0.0022849344300355,0.0049777495381744,0.0304153990819839,0.0022400160566388,0.0018386439209802,0.0053730370611952,0.0007600534070342,0.0234553190242107,0.004252198583954,0.0003628770196798,0.0237906535172683,0.0254232072008938,0.0079500485564299,0.04820679127077,0.0203403720987874,0.2121745369461777,0.0359594678708749,0.0223017801738664,0.0200151271634963,0.0339397105965637,0.0089988454031545,0.0174843203708871,0.2741315152612141,0.0447451640483432,0.0083124093049501,0.0440089013866819,0.0010247171641184,0.0302347395297224,0.0031760997170444,0.0016989623902885,0.0024200826224377,0.0224286852158771,14711,6,Antigen presenting cell
356,0.0016001262167438,0.0002204943086277,0.0002409682778677,0.0082888399095659,0.0018731493074899,0.0227331345558669,0.0090027540470146,0.0002889205296791,0.0041381871974887,0.0006150593889107,0.0063387621337815,0.0007067204793102,0.000200482567354,0.0027983287377095,0.0002239527677144,0.0155061853540693,0.0011847048089759,0.0002146724416768,0.0023156382253757,0.0120403083739588,0.0008312863774476,0.0134363774478677,0.0048929111606852,0.0800832457241939,0.0080145766670978,0.0081546873603458,0.0038248431650243,0.3110881039857395,0.0069015108235356,0.0088624919072666,0.4091924665234318,0.0243297484638623,0.0032617108511094,0.0222031562952668,0.0009250817343686,0.0077322325868257,0.0001236035261102,7.63308285165245e-05,0.0002027033785671,0.0053420292749773,9335,19,Monocyte
357,0.0015754168507389,0.0011350215047546,0.0003348299681819,0.0034731027189306,0.0082804654024942,0.2297147179052546,0.0050768235532816,0.0052962321735176,0.0013995908805593,0.0022044777425413,0.0063699526510385,0.0044253490688593,0.0053679174165758,0.0016506092825758,0.0005062226486386,0.0067315895135809,0.0008076598857927,0.0005131527255911,0.00181339518464,0.0177010773869042,0.0023406322144843,0.0025505609927732,0.0043468258924096,0.0326400469679198,0.005342002587288,0.0085065834566087,0.0045446294937064,0.0380159169595073,0.0401293964237769,0.0053092047360494,0.4849736352643479,0.0355625888391483,0.0217631989827216,0.0187553182898742,0.0003315051728634,0.0156859533935159,0.0028138591827083,0.0016817954807985,0.0016744635148961,0.0076913465638177,7146,1,B cell
358,0.0001410420147556,0.0001337157364026,1.5108737109410136e-05,0.0004150978698016,0.0001495604730084,0.0027406915514022,0.0008819746367778,0.0008544263185688,0.0009635001837038,0.0008452939790957,0.0305187201485555,0.0005203875922279,0.0002678079220547,0.0005933597774985,0.0002200668447415,0.20976904221165,0.0006843389867202,0.0001084045325181,0.0054437159418797,0.0139692702017523,0.0010444173445034,0.0048125603096844,0.0213574384120868,0.0171805591945755,0.0032199172482099,0.0012537952133109,0.0038945327573677,0.0104440019429318,0.0028486965943654,0.0030334905062074,0.5907031332153301,0.0289504208381414,0.0038466568903813,0.0249324377028603,7.233095981899637e-05,0.0077733698162723,0.0009582412404908,0.0008960785552031,0.0008015107951546,0.0061814553106336,9555,4,Memory CD4 T cell
359,0.0010110394531654,0.0002244509976199,0.0002655792785877,0.0034890300653982,0.001256922034162,0.0143192086765475,0.0079124330970469,0.0027325739755027,0.0015952518488601,0.0027717175452544,0.0405436326538242,0.0027631491158661,0.0016526168266138,0.0011317718852717,0.0003970564959447,0.0141989758902231,0.0013405482038698,0.0006471961782547,0.0069670689132091,0.0165586532757428,0.0049168939507695,0.0078558857492715,0.0074928237877876,0.0208831885083516,0.0065735815604152,0.0042702983767548,0.0062584852790687,0.0338413349009878,0.0069436879159468,0.0087981468658079,0.6748763617936615,0.0213684753372934,0.0150042538177703,0.0198975200559644,0.0004079109078268,0.029558074159444,0.0029188488667283,0.0025977513793618,0.0012978014045003,0.0122536063774816,20506,6,Antigen presenting cell
360,0.0002223530371344,4.255346521436522e-05,4.442105719163349e-05,0.0005926451643836,0.0003045373006867,0.0030267292762751,0.001567313982882,0.000322424305851,0.0004558478344922,0.0003664293315359,0.0071657022130053,0.0004778383098669,0.0001083389664895,0.0003782876893802,3.552629829161055e-05,0.0030393637561128,0.0002814816709579,1.1971203145242352e-05,0.0015329710938838,0.1829280951441188,0.0020708759839705,0.0008159086742364,0.006886713324983,0.0148930235975271,0.0007430657400418,0.0003948051418644,0.001940836381121,0.0029755102766253,0.0011464554780397,0.0009014718544736,0.697337470431341,0.0305603573187838,0.0119662171448041,0.0109705440371299,3.556597573915319e-05,0.0062762797749987,0.0003054944665402,0.000242398284303,0.0002540067017637,0.0080633162043804,14803,6,Antigen presenting cell
361,0.0005965328832934,6.182695587073795e-05,0.0,0.0004120767737464,6.301228991702542e-07,7.246758487294178e-05,4.1780738141001e-05,0.000151728674738,0.0003618378634686,0.0001500493721858,0.0045087139086494,6.922607352159e-06,7.87102563412275e-05,0.0015564271011363,0.0004253749285218,0.0028965310327127,0.0007240294544859,3.2969718545514974e-05,0.0065811830284901,0.0001340201716625,0.0002509784201825,0.8572015464757955,0.002936757785733,0.0071504470451676,0.0104589637164481,0.094592771665639,0.001725953759565,0.001446846402089,0.0015760377402156,0.0035724759943764,0.000475292443182,0.0001453856039952,3.487472649495747e-07,0.0019343266947842,7.36663790343918e-05,0.0003176444889726,2.157098404266781e-05,3.360278143256412e-05,2.6290695386444025e-05,0.0003512508474646,9017,14,CD8 T cell
362,0.0020822875070104,0.0001879919501656,0.0,0.0019732348067763,7.112991951886614e-05,0.0003445790636554,0.0003449392531236,0.0007563233588415,0.0018261993313266,0.0007937194926901,0.0130018229807384,0.0002047006643139,0.00027064158011,0.011767018210232,0.0014449326779181,0.0244675826036705,0.0067999722159631,0.0001807356531794,0.0169207182988824,0.0026982568681243,0.0019242882792127,0.7532587820634785,0.0235189965692693,0.0236096564639634,0.0145885650399321,0.0161391268221955,0.0128275808229535,0.0098689610686767,0.0052700786300638,0.0147533478009256,0.010638832634555,0.0033161613640635,0.0002572963420028,0.0227645294796296,0.0002536412135134,0.0034898847438573,0.0007742971290096,0.0005275905942164,0.0003865496084493,0.0073018705738372,19075,14,CD8 T cell
363,0.0006825713980604,5.168134147851272e-05,0.0,0.0007715216616481,1.0091504569447547e-05,3.585040087852712e-05,0.0001930883471256,0.0003387050814603,0.0006873727039483,0.0007859115528866,0.0873628323448144,0.0001872178252334,0.0001619884649405,0.0034392697588187,0.0007530166274295,0.0056240569949916,0.0055184114582725,4.364054482639175e-05,0.0102260242303867,0.000647558734655,0.0006895881013634,0.7080919392462528,0.0042664185796642,0.0184950336634915,0.1109574860330497,0.0153363376997316,0.0039982374328645,0.002134642077118,0.0031135536421905,0.0062696721445663,0.0019900910276727,0.0007303090964541,2.306925451064629e-05,0.0054718941837373,4.50392067383949e-05,0.00342808053892,0.0002545788665332,0.0002777114916686,0.0001534058865807,0.002548079824199,9434,14,CD8 T cell
364,0.0060504601895057,0.0005940651538862,8.366837703677485e-06,0.0072804206317146,0.0005759225895416,0.0015927066777997,0.0016765475157478,0.0029500741887785,0.0049056309033774,0.0025302154299011,0.0222564907239988,0.0010334262509846,0.0017921020850386,0.0324821289337049,0.0041588945904143,0.014735341605334,0.0120463911609876,0.0008560568832964,0.013384664944254,0.0169634238129133,0.0056406460043708,0.5772160936903898,0.0111928255519514,0.0558224236586923,0.0189236573546746,0.0149061790255607,0.0148471295922595,0.0424757076773162,0.0098472588150789,0.025719740991589,0.0332011278583035,0.0186275392911238,0.0020851135835367,0.0134317679700333,0.0011786397789014,0.0124500527094988,0.0018761243680576,0.0017620701040719,0.0014170791019055,0.0088613956301485,14737,14,CD8 T cell
365,0.0007081529424167,6.586102110335784e-05,0.0,0.0009852806558771,0.0004104740584863,0.0006436696557584,0.0006004492262475,0.000575567911899,0.0009014491170931,0.002088552505393,0.0391427200728794,0.0006242132814712,0.0007629880395202,0.0104540988024635,0.0014965703646607,0.0058065799201821,0.000868150600794,1.567291311992868e-05,0.0146509507265324,0.0158393349409566,0.0012510812076279,0.460847416956104,0.010371128277874,0.0919872012749814,0.0083882665835023,0.0105417363191857,0.0309820385851344,0.0048571410775612,0.0037878372932395,0.0034202869859737,0.0142219746232971,0.008715521344511,0.0010618169408499,0.0091232472093464,0.0001133210381372,0.0188900668369482,0.0113961685705227,0.007687621978509,0.0071783804158125,0.2056731878600652,5324,14,CD8 T cell
366,0.0019221094050694,0.0002608146594867,0.0,0.0033087149912482,0.0004462307962676,0.0012391957907208,0.0017482986304669,0.0012191761622088,0.0015772789985152,0.0018731118142602,0.0229388625706363,0.000539282521189,0.0002864247548469,0.0095676843646757,0.0009079416275302,0.0113299338539986,0.0044852576594178,0.0002651116947305,0.0454350797530083,0.0088398000690739,0.0035575491357122,0.4867976724723091,0.0103616342934949,0.2156939785807992,0.033308294265789,0.0304003828792055,0.0120867629246542,0.016621821232293,0.0042054834784906,0.0330532211590449,0.0203351218601873,0.0074897953563738,0.0007112883072809,0.0116327040395838,0.0005983726542257,0.0085707296273119,0.0008204958676378,0.0005795882334813,0.0010904269439631,0.0074497546046677,14719,14,CD8 T cell
367,0.0024555891722531,0.0002030283967466,1.3927073901242672e-05,0.0035264085589107,0.0006327391692738,0.0019026419527566,0.0023201204717773,0.0010797626138358,0.0018293164597911,0.0013133526744325,0.0200344621470372,0.0005049040003689,0.0002584708878793,0.0123260233776532,0.0010908296080865,0.0112070110199818,0.0037063521690463,0.00035829923468,0.0352476420871794,0.0127828028975193,0.0071187717028261,0.3640544435881804,0.0125584289771814,0.3140763783716521,0.0299256429641206,0.0315746339159566,0.0096209163444596,0.0243802109030934,0.0038895787195911,0.0101141951636512,0.0341842115497606,0.0104146469958455,0.0010482096705028,0.0250844755152005,0.000493436387494,0.0075926717224492,0.0006928152980912,0.0004289063305529,0.0012669378795897,0.0125492968004271,13469,14,CD8 T cell
368,0.0021949112799218,0.0002229612794813,2.3741758048693395e-06,0.0034165621601227,0.0007119847857243,0.0019291604387222,0.0031078493148241,0.0012981609254146,0.0021487173317378,0.0014847121341843,0.0182708953420715,0.0004163949393529,0.0001661274005889,0.0173844555764036,0.0007795600060753,0.0094122162023546,0.003533225365712,0.0003165346639914,0.0230004447495018,0.0106785053577463,0.0053640688866596,0.2875834789251311,0.0066269176224668,0.4321909144470862,0.0218326840149542,0.0259049417463512,0.0084060660139339,0.0328030869654498,0.0044332325277723,0.0347533480767397,0.0142619663157285,0.0060991103464321,0.000424196681413,0.0118248046456092,0.0007444651396031,0.0067808488996387,0.0004870929062781,0.0003424670733547,0.0012963747103857,0.0183200680297277,11262,14,CD8 T cell
369,0.0026772242383727,0.0001822229297261,5.848636362179765e-06,0.0037803457719727,0.0011320722782239,0.002116507886725,0.0036992212008162,0.0013717310054557,0.0021779291924562,0.0019155054434243,0.0272983380795015,0.0004959495617377,0.0002369695194706,0.014176600932144,0.0010988257295435,0.0109498073640295,0.0034020056460965,0.000404126886856,0.0286368789667737,0.0155208154235874,0.0059539634106101,0.1687277832578779,0.0086874396349269,0.5250893923286939,0.0245262639752075,0.0178444549453287,0.0089040698471355,0.0203851861596318,0.0035799132822318,0.0201465909627618,0.0347117419972211,0.0086693696871654,0.000970321921304,0.0223583788549426,0.0006759232821201,0.0078338912468205,0.0005264416630709,0.0003626104569839,0.001407181768291,0.0139363036833467,14341,14,CD8 T cell
370,0.0024791777585464,0.0001545478156223,2.8115790039876786e-06,0.0023255955896983,0.0010777245026431,0.0020084763733127,0.0046275137261947,0.0011680136702183,0.0026922641444173,0.0015529371499621,0.0134470421064074,0.0004187709301576,0.0001103210149536,0.0230539724572967,0.0008624149002525,0.0047886008464894,0.0026964253484062,0.0003638519474804,0.0145294496316109,0.0145527054560262,0.0035103021523486,0.0935728687899695,0.0049073493477167,0.6918261694550146,0.0146214842746286,0.0130820134416772,0.0050494205918956,0.0136037006110116,0.0026245071317944,0.0138461823551406,0.0171726491278698,0.0048580943457564,0.0005649523346258,0.0173698825116786,0.0004833696448276,0.0069105853732153,0.0003331981451191,0.0002320051390285,0.001161273818551,0.0135037312598825,15493,14,CD8 T cell
371,0.0016155934921293,5.853843212529181e-05,2.0325706793888384e-06,0.0013670566353874,0.0014270800818885,0.0017019180708397,0.0049287769271361,0.0012695991630359,0.0025693891828927,0.0010424207866188,0.007992874627691,0.0004639069037315,8.260715875813284e-05,0.0139402641955881,0.0004491594029357,0.0030862257567014,0.0017256448912671,0.0003782196577987,0.0056970564764498,0.0306646713835679,0.004036644332478,0.0090147983716748,0.0038589063489096,0.7932879788546199,0.0096661577038963,0.006024076596234,0.010009052262292,0.0128934196433495,0.0017751950264728,0.0061540096994803,0.0095576376309586,0.0070919198946306,0.0009199330405795,0.0047172939769534,0.0003471669340506,0.0072353582834558,0.0004132515694292,0.0002984148760305,0.002253990964635,0.0364961491758048,23766,14,CD8 T cell
372,0.0019351541374097,0.0001969902640548,8.14014955723275e-06,0.0082202595761599,0.0016345006166744,0.0049551741578537,0.0066248098029362,0.0004334091957768,0.0041021491349695,0.0002245544652433,0.0037953366243901,0.0005123135149578,6.680591897920847e-05,0.0064722221363846,0.0001790982852078,0.0043783251412628,0.0009067591935238,0.0002564395618489,0.0027457023863199,0.0095294172391734,0.0013575110537244,0.0249838716828096,0.001760795486821,0.6148351060799434,0.0081357560355669,0.0092331560848128,0.0075944083284144,0.2151962500916266,0.0032027338594923,0.0074139370258987,0.0293894622619773,0.0047391579396631,0.0003064117010642,0.0071720481082582,0.0006008824572451,0.004466719560924,0.0001207182004404,0.0001033271315587,0.0005385624223701,0.008531646018132,7097,19,Monocyte
373,0.0022605797106124,0.0002157854794612,3.991461034397031e-06,0.00362281363985,0.0060656133273676,0.0059834251641691,0.0093931351852294,0.0016867092011439,0.0073908044086057,0.0030086497874491,0.008649794010841,0.0011473091828857,0.0001120460843527,0.0124082928119644,0.0010437556045538,0.0252392971575465,0.0039457664923112,0.0008894477260019,0.0520484385900274,0.0318532667006161,0.0030232746740477,0.0199004612933906,0.0097706255642549,0.5724611742625638,0.0090599531810628,0.0036052818572735,0.0051321554297822,0.0159059847760316,0.0057730432479568,0.0087703983235586,0.0493606999019104,0.0847638074128449,0.0100721657214742,0.0106761874420537,0.0005529641358049,0.005316953488394,0.0011285388682116,0.0005633615227105,0.0031945876527543,0.0223556392768254,7911,14,CD8 T cell
374,0.0022212794130568,0.0001195745865648,2.9780402904781467e-05,0.0064071313637361,0.0021552441045775,0.0104020690202084,0.0054879695705792,0.000785550547561,0.0023176260018518,0.0020038067448381,0.0143597001911317,0.0012914628458315,0.0005455399658039,0.0053519740544595,0.0006191668691614,0.0149605995025471,0.002401093269596,0.0003055429591071,0.0131544944252501,0.028491185232234,0.0083106193374042,0.0268910709095185,0.0122503723372477,0.4069911085954439,0.0200865849854866,0.0150459420023724,0.0144970629629262,0.0407732366946035,0.0049908565388065,0.0145723698360829,0.2127098197218476,0.0300399828842656,0.0065437277510437,0.0271793383220958,0.0006443295967634,0.0184160954140696,0.0014712250347635,0.0006101669331531,0.0016853897148201,0.0355190253317738,13467,14,CD8 T cell
375,0.0010736000821044,6.856064977175071e-05,2.1769797643687883e-05,0.0016607891954627,0.001825936246351,0.0033791875091472,0.0031025860973056,0.0007010469492886,0.0015084002869794,0.0008977754619405,0.0058823524892412,0.00055394973597,4.032001794261634e-05,0.0039077087619116,8.016766265930996e-05,0.004484265750226,0.001443682534268,6.227692855646726e-05,0.0095560644142437,0.166624200254681,0.0052972797190533,0.0143436369006488,0.0128861992245397,0.3155360047531798,0.0047266953910125,0.0023380550663668,0.0044690333626908,0.0101041594099499,0.0013436134241446,0.0025705473192885,0.3238041294455461,0.0498035279844201,0.0105666256436181,0.0100256393645744,7.136108465953394e-05,0.0068036219552394,0.0004877524573304,0.0001393314344624,0.0007438348155295,0.0218393357792184,7849,6,Antigen presenting cell
376,0.0021282028596207,0.0002780955005529,0.0002183174106366,0.0057557970461176,0.0008702011109109,0.0056416712459498,0.0042810207686768,0.0016448263774184,0.0018288084094568,0.0039781812974711,0.0161089089215853,0.0010717049931615,0.001007874923828,0.0029269369587483,0.0002943206938646,0.0154801743224756,0.0023129701913392,0.0004703409708133,0.020370177143874,0.0184907613092136,0.0056403931576053,0.0339068037782128,0.0146545598886964,0.149349602035462,0.0161479207232159,0.017874385790653,0.0110459644831999,0.0250769307178321,0.0061456797143458,0.0332506408786312,0.4458498808513157,0.0186559900030689,0.0044395807906559,0.1032778248669259,0.0007708479083519,0.0121596460556434,0.0014771512449912,0.0007965771934962,0.0013257992529141,0.0121256683305807,10363,6,Antigen presenting cell
377,0.0001217946672146,8.535669646562005e-05,4.847823372684094e-05,0.0007280969027854,0.0001011316513327,0.0054155405847396,0.0010510497555693,0.000115317422678,0.0001128962454231,0.0012446212262501,0.0059575490569819,0.0001618468054973,0.000223305145063,0.0001370119592692,4.974876507961942e-05,0.0103274655223898,0.0002440570294239,7.091426834434443e-06,0.0054745405095209,0.0177255536318822,0.000951459457721,0.0042466264263096,0.0088582364835307,0.0581490023410781,0.005720443570633,0.0029877281075082,0.2353639111420065,0.0084903878063015,0.0011751769188141,0.0061014388623241,0.5299819157740979,0.0107859364001716,0.0029256365862206,0.0424356570802767,4.821965790679496e-05,0.0124401332674963,0.0014157444560285,0.0013455426830361,0.0011089168590865,0.0208922955928625,5382,2,Fibroblast
378,0.0003085625423511,0.0001003381122901,1.6377887959374275e-05,0.0007013196796361,0.0001093103822457,0.0028425323700429,0.0006172697860072,0.0001619966214582,0.0001472875279671,0.0008102489520906,0.0101571591782169,0.0001894259920896,0.0002377807160166,0.0003403343868258,3.5173516185525865e-05,0.0073372639783564,0.0004722357966966,5.651752208489324e-05,0.0088940523496562,0.0128573780427115,0.0015831885300019,0.0054752584600995,0.0093172515636031,0.0183718296430447,0.0049664067865763,0.003317331535128,0.0047763535322533,0.0074181148493864,0.0027630182672642,0.0044196943299504,0.6371284011459999,0.013687705172737,0.00332156488103,0.2325366552873692,9.158804618534612e-05,0.0042513790297031,0.00054557620527,0.0002088915950321,0.0001494215354807,0.0036578599617254,16808,6,Antigen presenting cell
379,0.0001431185392871,2.579181679363941e-05,4.412108822003733e-05,0.0002792918036497,0.0002525524291532,0.0017721738120815,0.0011939725026344,0.0008473797819799,0.0008773694947554,0.0006200123510996,0.0196057983258531,0.0003904702676191,5.114198683780893e-05,0.0003914554635891,0.000115174782694,0.0119593316305781,0.0004359985138951,0.0001269495473275,0.0028836807443123,0.0202453399224973,0.0012176650889748,0.0060719060323771,0.184554673151004,0.0165846408090162,0.0012735268588919,0.0005179894878365,0.0022047531117513,0.0037055359241012,0.0008762209887478,0.0022718344030751,0.662136328768625,0.0220545243115305,0.0027971928193253,0.0196483817585025,0.0001156924104377,0.0060109486510997,0.0005631608817938,0.0004375905975281,0.0004434210605428,0.0064393353643536,9299,14,CD8 T cell
380,0.0002023449071267,4.052454078317269e-05,2.8834198390758905e-05,0.0005490307757228,0.0002446532464485,0.0084668556897981,0.0020855220320649,0.0004122239228644,0.0004348117136068,0.0004839730180942,0.0084506563838834,0.0003522454898022,0.0001228322372987,0.0002420258324753,4.722913092883589e-05,0.0091186725920094,0.0002945777390094,7.008668061795175e-05,0.0016693696265193,0.0196491952441207,0.0013785356735362,0.0014045702969531,0.007757190253849,0.0275350079484431,0.001304967533766,0.0005135431351992,0.0038287584678865,0.010937039042788,0.0013640539450009,0.0021358980610099,0.8472376414731473,0.0170184820319907,0.0049535593357005,0.0076362498206921,6.598798780246129e-05,0.0051362572948215,0.0002938949348762,0.0002429088985513,0.000143786088063,0.0090323173517024,35865,6,Antigen presenting cell
381,6.012961302202967e-05,6.800958257378014e-06,0.0,5.1056851818490846e-05,1.0019324377741317e-06,6.962953211117249e-06,6.343681728474753e-06,1.076573214843168e-05,8.403982463292507e-05,1.7172347063736255e-05,0.0010631054949385,6.6262908729859086e-06,1.2000773998656392e-05,0.0007865924810116,6.144909900154501e-05,0.0011478683896668,0.0002841266727763,6.364047681171772e-06,0.0018499018968439,2.1375073301746977e-05,3.142504194660966e-05,0.9812148815430476,0.0008548650841255,0.0043548205989816,0.001871346647689,0.0040766391400675,0.0003024448146365,0.0005031471036444,0.0001844375807498,0.0006548659537032,0.0001545313931871,4.839309353209796e-05,0.0,0.0008122663611478,8.046364495175467e-06,6.646045942607426e-05,1.894061855638455e-06,1.2630596691044677e-06,6.977628585379285e-07,0.0001091289200534,34252,14,CD8 T cell
382,0.000624484640735,2.931926872887028e-05,0.0,0.0005494049730439,7.549047082890852e-06,7.306319844087441e-05,9.029295775093764e-05,0.0002517291123236,0.0006322125940375,0.0001897872786964,0.0113132154556343,5.006337555392189e-05,7.476507387829135e-05,0.0055899373798607,0.000504523985929,0.0090859479925984,0.0024161120245403,4.3291133348394165e-05,0.0184706371455378,0.0004385807085716,0.0004238210355919,0.8870307204683319,0.0066836210481439,0.015638238523423,0.0151296370216818,0.005833508823296,0.0033237487456846,0.003703703793027,0.0014720656636332,0.0044008625822905,0.0024102525199155,0.0005642212059752,1.3810339912078785e-05,0.0062571442114011,7.417657910713234e-05,0.0009451851749968,9.264905660944824e-05,7.638036147074845e-05,5.553510712219735e-05,0.001712511088297,22986,14,CD8 T cell
383,0.0002730012294562,9.135713676227703e-06,0.0,0.0002499391808804,3.045501561471894e-05,0.0001103824258498,0.0001176597019612,0.0001816871786049,0.0001877711891557,0.0001238134017653,0.0047306014849499,3.289998735491255e-05,2.5143387595304583e-05,0.0029765279382056,0.0001188046669934,0.0017977127521135,0.0005418420966892,1.919430247788221e-05,0.0048910388530764,0.001136456905712,0.0003365658936185,0.8381435860754055,0.0017492127189765,0.1152956912186094,0.0047063333756011,0.0056592499217238,0.002935202849776,0.0032777730103729,0.0004086471404168,0.002542123668478,0.0026760663576552,0.0007672627578487,3.448162156875405e-05,0.0029572329369719,4.029643672314006e-05,0.0008562998299683,3.665142218250288e-05,9.161107497094258e-05,0.000161447917542,0.0021365928880361,12597,14,CD8 T cell
384,0.0007734167489581,8.032510518334229e-05,7.708436112481501e-07,0.0007365904847756,0.0001379604154849,0.0002905166827831,0.0004177042232529,0.0003455179969612,0.0005432789312282,0.0005237650275091,0.0109098747259061,0.0001277205466005,6.262446983151026e-05,0.0057774575087658,0.0003661956912116,0.0050780408327065,0.0015207405329619,5.304073470168225e-05,0.0122122535200518,0.0039779330834102,0.0009196547182394,0.7152158489204508,0.0051694360919253,0.1613693994499211,0.0102711490857386,0.012850137257911,0.0094059469126138,0.006687350961359,0.0011197172528741,0.0065294677199527,0.0112094837536713,0.0028671935088034,0.0002045678278737,0.0073683166297071,0.0001931675619972,0.0024541624869174,0.0002769481669506,0.0002969199629587,0.0005050712640324,0.0070452827801073,16216,14,CD8 T cell
385,0.0006892776264999,7.483284520193722e-05,0.0,0.0006505303035504,0.0001440795182079,0.0003250238856108,0.0005998251546268,0.0002812878491248,0.0004458990974148,0.000345410471758,0.0098296456204784,8.190532017505111e-05,3.483388245886312e-05,0.0060284937292802,0.0002474320787096,0.004536136281278,0.0012976601979291,7.788181352990586e-05,0.0086836950664692,0.0036323143123978,0.0009989753417984,0.636489482639854,0.0042840840508735,0.2619786493036991,0.0078341466896315,0.0106498712854907,0.0062106238729355,0.007496221549561,0.0009115964084048,0.0051483086527325,0.0081727911762405,0.0023786983069259,0.0001127041811914,0.0068963014755091,0.000166315606515,0.0017821871638393,0.0001245879137282,0.0001243437662767,0.0003371124142622,0.0045603327313726,15864,14,CD8 T cell
386,0.0006920455762708,4.556825242539727e-05,0.0,0.0006802794223282,0.0001452675894442,0.0004416305255019,0.0006312326311097,0.0003252289549826,0.0004535617391068,0.000341324289979,0.0084613035282452,5.887620744866174e-05,2.213485517896103e-05,0.0068519525895111,0.0002945042364704,0.0038256961220707,0.0009657760453452,7.320383261320624e-05,0.0095657263490449,0.0033095559519972,0.0013159954774032,0.5335201402848163,0.0033704260614779,0.371407560255776,0.0067694276791406,0.008934868315276,0.0053111215770369,0.0073982501963692,0.0007155520576183,0.0049137593880924,0.0076101291999938,0.0020766336469102,9.39555055905318e-05,0.006872253755331,0.0001358433470615,0.0015997464782638,7.664275076548085e-05,8.492805997831519e-05,0.0003432906352673,0.0050606335505923,14220,14,CD8 T cell
387,0.0006907942948581,2.1230609564661423e-05,0.0,0.0005225213027252,0.0001516813158056,0.0003801976655232,0.0007511147234759,0.0003072110760308,0.0004614279851345,0.000387946408556,0.0084165638091366,7.482749284021275e-05,1.8729979405576253e-05,0.0067835140264761,0.0001783322375046,0.0032528118300354,0.0007165073623089,6.97986838818068e-05,0.0089927595858427,0.0036174217931507,0.0014776270625195,0.437331981505385,0.0030300212574768,0.4754815662917126,0.0060425485301082,0.0074452893501138,0.0047939601944302,0.0061519142497964,0.000594492238301,0.0052871884529606,0.0070857590487678,0.0019774110027047,7.632985237818269e-05,0.0055065887708244,0.0001206072950591,0.0015649241697793,7.971379412849663e-05,6.264573938114768e-05,0.0002846261039633,0.0045623320449583,12502,14,CD8 T cell
388,0.0006638280331623,2.6215985340705003e-05,0.0,0.0004718575638365,0.0001378968845584,0.0003703275682473,0.0007425045857742,0.0002065818295576,0.0004671214317782,0.0003363217173484,0.006088538785834,4.601432554788644e-05,1.2941599199412874e-05,0.0060356206714695,0.0001217821990596,0.0022348805291724,0.0006087640966374,6.897557869460868e-05,0.0078934609746395,0.0035923478309729,0.0015417669643573,0.3408674951293449,0.0023706554091619,0.5834167566581547,0.0050078204948498,0.0057656986046556,0.003875006317761,0.0068336932030784,0.000500457343477,0.0034901357268109,0.0073837345021738,0.0016718701190701,6.204660617152115e-05,0.0050223125127272,9.87988553505201e-05,0.0016179471404567,3.874890029703189e-05,4.439016389060517e-05,0.0001933082517336,0.0038534035957066,12096,14,CD8 T cell
389,0.0005750490786797,2.8778540920311894e-05,0.0,0.0004378460590378,0.0002109591429497,0.0003557454094661,0.0007918522899787,0.0002904205743271,0.0004215606022234,0.0002913882784272,0.004729810853207,6.72437793179657e-05,1.913522048688524e-05,0.0055756822822285,0.00017249372996,0.0018774758876924,0.0005797523268289,3.0662530676204456e-05,0.004787643694426,0.0037232574012414,0.0016806078621566,0.2427376701814738,0.0017092824042847,0.6924468385595944,0.0037290139796962,0.0049717471067586,0.0038845448811125,0.0071597394389256,0.0004041037380859,0.0035353066522611,0.0056560571162868,0.0013592299806149,5.515268703736984e-05,0.0031104787082129,0.0001095373495681,0.0014168523030827,4.85016135358171e-05,3.3333842327527594e-05,0.0002002939127039,0.0039158240213587,14195,14,CD8 T cell
390,0.0003992896498321,5.067432474978316e-06,0.0,0.0001915447036898,0.0001450363094797,0.000185658657602,0.0004939640657794,0.0001185724571723,0.0003362210706204,0.000214439381825,0.002916869982845,2.257101789290686e-05,2.353516620760564e-06,0.0038081254078514,9.691313454125628e-05,0.0008325731332862,0.0003224273324922,4.010755699472151e-05,0.0026082457464138,0.0033269794308452,0.0012723306713688,0.1203385824742914,0.0007216527248525,0.840225778392274,0.0016453717702353,0.0020411044121598,0.0028742124877282,0.0049701677703562,0.0002044314656098,0.0018762937305626,0.0037168170656444,0.0008822198171025,3.2355871396421394e-05,0.0017812157458,4.715991991136627e-05,0.0009205759080522,1.646482256541671e-05,1.1445142021350326e-05,0.0001359846930843,0.0019944810552565,16298,14,CD8 T cell
391,0.0002966325310261,5.06063725107536e-06,0.0,0.0001312582039227,0.0001695439862046,0.0001928563696007,0.0005599176568442,0.0001290312803179,0.0003162100020512,0.0001145353690303,0.0010711265866743,2.391577790488795e-05,4.188337401108386e-06,0.0024993220917431,3.437698514929033e-05,0.0003806816876253,0.0001876169125426,3.164813375474221e-05,0.0008439578006431,0.0044528266968927,0.0008085721788513,0.0098159846432062,0.0003309285444598,0.9578086564289424,0.0008379883105033,0.0007326567754613,0.0030314513857652,0.0032635903301289,0.0001754245785428,0.0008726444469611,0.0056929703194266,0.0008505039126122,3.898417220766841e-05,0.0008602524904997,3.324791921701952e-05,0.000832603494309,1.337917966933897e-05,8.186558685752154e-06,0.0001873715994099,0.0032801475279735,42551,14,CD8 T cell
392,0.00046160420942,2.7041250570662336e-06,0.0,0.0003889156678125,0.0004038221482095,0.000666217722071,0.00102044366082,0.0001780478238939,0.0005831504101523,0.0001392060119666,0.0020849396279458,6.353507607114268e-05,2.614909418854987e-05,0.0020864273265578,5.329340272387537e-05,0.0010421321662803,0.0003327650700048,3.81512753975174e-05,0.0024117185617136,0.0145694007790922,0.001505579337301,0.0088796394428268,0.0011911551997975,0.8097969714801518,0.0020559204923694,0.0012026591474584,0.0030985008588104,0.0077342136289225,0.0004174444786707,0.0017599950245384,0.1172363762787425,0.0049488584905775,0.0010254850916501,0.0055592396789412,8.507635044511857e-05,0.0025036114331748,5.262617023298936e-05,4.4353830842571465e-06,0.0001533666554158,0.0059640937613407,10175,14,CD8 T cell
393,0.0009237176365834,1.2866552407919377e-05,2.3635028764445044e-06,0.0009561027537127,0.0007574656361228,0.0022919818823121,0.0021247612796994,0.0002779817390429,0.0007268757769783,0.0005263197506118,0.0041706199424104,0.0001943829545365,5.9596376763928585e-05,0.0030226757864893,0.0001484772822929,0.0024508099162542,0.0007145752989045,6.67106503518212e-05,0.003890563918109,0.0223547832927546,0.0022624757539642,0.0139687739267802,0.0030914930521708,0.6649910890740387,0.0057154305107361,0.0031982298373669,0.0047223880394491,0.0124702581780709,0.0013321370177853,0.0035469133460091,0.1998520101063856,0.0082060977602819,0.0021505660239545,0.0119317752174805,0.0001168469611395,0.0049709961645955,0.0001970269063423,4.229657383876748e-05,0.0004009977753592,0.0145996618973822,12604,14,CD8 T cell
394,0.0007093018306536,1.7802014491190654e-05,1.631648917286643e-06,0.0011344510903698,0.0005486801611095,0.0020560554513367,0.0016549386093263,0.0001873232383914,0.000495408073853,0.0003417244575105,0.0036892358457909,0.0001849512361513,4.14374003747562e-05,0.0021206445331465,0.0001178506041154,0.0026437194028733,0.0005858408380238,5.564556903063614e-05,0.0060390333868023,0.018030847776343,0.002877372172786,0.0169311231784925,0.0036820419942155,0.5436988726643324,0.0055854802771442,0.0027408550342982,0.0057729889796798,0.0129820252424534,0.0012017587024763,0.002773960448649,0.321707569474456,0.0088842565649603,0.0016812542622996,0.0149720859444007,0.0001156763043048,0.0045362937416067,0.0001387630652948,1.899827981321304e-05,0.0002913635123817,0.0121059232974336,12803,14,CD8 T cell
395,0.0007180050682488,2.1785209306547743e-05,1.186592794799688e-05,0.0023122121486887,0.0007549167906158,0.0058987462530089,0.0025937935221661,0.0001965770101973,0.0008107424645309,0.0006925167105805,0.0071969194185471,0.0003796139258526,0.0001665990033341,0.0022585328108215,0.0001162100683906,0.0062056526278898,0.0008927107052776,5.279108805466647e-05,0.0067872585825198,0.0116014076922316,0.0062996079575541,0.0171462394319045,0.0071857200160461,0.3846909946075104,0.0082603656245165,0.0049086925800748,0.0097595933135617,0.0274124776852636,0.0019688263389552,0.0047350882960171,0.4174381884282359,0.0145212702942099,0.0023243299250705,0.0207360188736248,0.0002139239249435,0.0093071788648295,0.0002462847662684,0.0001094130323993,0.0004125858810178,0.0178971414175822,13601,6,Antigen presenting cell
396,0.0003710500322812,7.237004652653582e-06,8.32408370083444e-06,0.0009102508423874,0.0003166870847711,0.003090008603024,0.0015351381899518,5.773315009204333e-05,0.0004243743191452,0.000280227712151,0.0032552265190282,0.0001578480710451,6.568356613640277e-05,0.0008449345560675,1.8682148031562304e-05,0.0030893649269508,0.0002762023679645,4.570072718244085e-05,0.0022645167991948,0.0139191870121028,0.0024030343391637,0.0058005895604551,0.0039372119065172,0.3254215098142852,0.0041663056767301,0.0019957100460059,0.0047694851396362,0.0111588975381396,0.0008246344755576,0.0022121234190128,0.5714150486007005,0.0091876526506042,0.0013321243140226,0.0101482199588571,0.0001140471394907,0.0046020438091865,0.000133758910422,2.8111597219087984e-05,0.0001237913202769,0.0115769912179396,12057,6,Antigen presenting cell
397,0.0009386150928675,6.96888050393783e-05,7.671543083484673e-05,0.0046084443883666,0.0012083242248196,0.0071741374021204,0.0046591673930565,0.0004421247249752,0.0016426078838898,0.0015322434858721,0.0103653552617808,0.0006692241098129,0.0003454215235816,0.0022929638177633,0.0001817029657925,0.0077557327882604,0.0013459007101,6.355726910799958e-05,0.0070179261915937,0.0489656431134876,0.0057275881279063,0.0144996849977264,0.0115199636894251,0.1635732645144042,0.0104013621776143,0.0058878375777045,0.0063677389183433,0.028032353689298,0.0032075764819229,0.0066094014430407,0.5653901942981353,0.0311326157230885,0.0063031028894001,0.0168201045413644,0.000272119518711,0.0122398678329265,0.000741309652574,0.0002391290213566,0.0006677155101298,0.0160171780201242,12878,6,Antigen presenting cell
398,0.0002479560789673,9.104404357003326e-06,4.143960365565072e-06,0.0007643323875727,0.0002401873463435,0.0038233502848167,0.0013510566052445,8.063603962333913e-05,0.0003452947614672,0.0002579568039952,0.0022187128172347,0.0001195881671759,5.5472273181492815e-05,0.0006629622505457,3.223063211842227e-05,0.0035243682521878,0.0001738352899636,2.1911391957273764e-05,0.0013770725010231,0.010446557374101,0.0019819765011557,0.0035720818707585,0.0032353166773994,0.1762398873318337,0.0027270385375033,0.0013021818874988,0.0042941929674639,0.011700072779546,0.0006377011053023,0.002270959228148,0.7374379724192129,0.0075339513109025,0.0010707272116286,0.0109639335722655,5.344799748374453e-05,0.0032992374467286,0.0001104276735485,2.181008854796893e-05,7.017949623550503e-05,0.0078197836034851,15165,6,Antigen presenting cell
399,0.0001268398665175,2.086518735636481e-05,4.522039269873625e-06,0.0003490790382247,5.90067579027414e-05,0.0023584872678999,0.000431322656349,4.9651822976865336e-05,8.766561845741009e-05,0.0004102921201164,0.0063927024166938,8.486584017067065e-05,5.855832254393143e-05,0.0001521107333149,1.7148313193956568e-05,0.0056642869881245,0.0001900900720406,2.2871270876833444e-05,0.0025696099482981,0.0069282141857976,0.0009006382626781,0.0019804501304754,0.0054248207643796,0.0109870888733812,0.0021529795022391,0.0011929143995172,0.0044152446171743,0.0051578801056864,0.0011870723870039,0.0023374712142056,0.794378243882324,0.0081561901185978,0.0019540767800319,0.1305491296437184,5.529914933270593e-05,0.0025577610173427,0.0002162114306652,0.000134790159676,6.878302493048717e-05,0.0022137865273866,12817,6,Antigen presenting cell
400,2.28979555608039e-05,2.698811378575641e-06,1.3950509451679413e-07,6.112021930454753e-05,2.069548804095294e-05,0.0012523762788013,0.0003224461184229,4.378983496853762e-05,5.9771613120507016e-05,7.346956509176133e-05,0.0012183915579282,4.3666866950082746e-05,1.6485358191832144e-05,3.44343002723407e-05,4.19859812676416e-06,0.0010703084327891,2.6225848413791875e-05,5.523142259904988e-06,0.0001951771302821,0.0040581504580933,0.0001563941622842,0.0001565689562588,0.0013451742063115,0.0059348456248631,0.0001159002921686,4.523246248797903e-05,0.0005302434963597,0.0018212344938101,0.0001714669249551,0.0003753032612622,0.9702413845474416,0.0034808592320658,0.0006020552150289,0.0050280810308832,8.450473444866523e-06,0.0006171684629728,3.23799259361744e-05,1.15739163789032e-05,1.3919816595020414e-05,0.0012054263841711,45083,6,Antigen presenting cell
